source,campaign_id,campaign_status,campaign_channel,campaign_launched_at,template_id,template_name,template_subject,template_description,signal_urgency,signal_authority,signal_reward,signal_personalization,segment_id,age_bracket,gender,education,target_id,target_recipient,target_uid,delivered,opened,clicked,reported,opened_flag,clicked_flag,reported_flag,glmm_pred_clicked_prob,glmm_pred_clicked_flag
observed,2,launched,email,2026-03-08 21:00:46.586632,1,Template educativo v1,unknown,,0,0,0,0,1,18-24,unknown,Universitaria,1,test1@example.com,a830353b-347c-4a16-9095-dd40198fbf42,1,0,0,0,0,0,0,0.1031441208689772,0
observed,2,launched,email,2026-03-08 21:00:46.586632,1,Template educativo v1,unknown,,0,0,0,0,1,18-24,unknown,Universitaria,2,test2@example.com,dfc0c600-4321-46ea-96cd-cd7e23f58043,1,0,0,0,0,0,0,0.1031441208689772,0
observed,2,launched,email,2026-03-08 21:00:46.586632,1,Template educativo v1,unknown,,0,0,0,0,1,18-24,unknown,Universitaria,3,daniels.a.m.m1234@gmail.com,27665e96-4411-4c93-95bf-7ea05491b433,1,0,0,0,0,0,0,0.1031441208689772,0
observed,1,launched,email,2026-03-14 18:32:19.913146,1,Template educativo v1,unknown,,0,0,0,0,1,18-24,unknown,Universitaria,1,test1@example.com,a830353b-347c-4a16-9095-dd40198fbf42,3,4,2,0,1,1,0,0.1031441208689772,0
observed,1,launched,email,2026-03-14 18:32:19.913146,1,Template educativo v1,unknown,,0,0,0,0,1,18-24,unknown,Universitaria,2,test2@example.com,dfc0c600-4321-46ea-96cd-cd7e23f58043,3,1,1,0,1,1,0,0.1031441208689772,0
observed,1,launched,email,2026-03-14 18:32:19.913146,1,Template educativo v1,unknown,,0,0,0,0,1,18-24,unknown,Universitaria,3,daniels.a.m.m1234@gmail.com,27665e96-4411-4c93-95bf-7ea05491b433,2,1,1,0,1,1,0,0.1031441208689772,0
observed,3,launched,email,2026-03-15 17:30:31.174001,4,Template educativo formal,Notificación de seguridad para {{ name }},Plantilla base para simulación académica con seguimiento de apertura y clic.,0,1,0,1,1,18-24,unknown,Universitaria,1,test1@example.com,a830353b-347c-4a16-9095-dd40198fbf42,1,1,1,0,1,1,0,0.07711495167701592,0
observed,3,launched,email,2026-03-15 17:30:31.174001,4,Template educativo formal,Notificación de seguridad para {{ name }},Plantilla base para simulación académica con seguimiento de apertura y clic.,0,1,0,1,1,18-24,unknown,Universitaria,2,test2@example.com,dfc0c600-4321-46ea-96cd-cd7e23f58043,1,0,0,0,0,0,0,0.07711495167701592,0
observed,3,launched,email,2026-03-15 17:30:31.174001,4,Template educativo formal,Notificación de seguridad para {{ name }},Plantilla base para simulación académica con seguimiento de apertura y clic.,0,1,0,1,1,18-24,unknown,Universitaria,3,daniels.a.m.m1234@gmail.com,27665e96-4411-4c93-95bf-7ea05491b433,1,0,0,0,0,0,0,0.07711495167701592,0
observed,4,draft,email,,1,Template educativo v1,unknown,,0,0,0,0,1,18-24,unknown,Universitaria,1,test1@example.com,a830353b-347c-4a16-9095-dd40198fbf42,0,0,0,0,0,0,0,0.1031441208689772,0
observed,4,draft,email,,1,Template educativo v1,unknown,,0,0,0,0,1,18-24,unknown,Universitaria,2,test2@example.com,dfc0c600-4321-46ea-96cd-cd7e23f58043,0,0,0,0,0,0,0,0.1031441208689772,0
observed,4,draft,email,,1,Template educativo v1,unknown,,0,0,0,0,1,18-24,unknown,Universitaria,3,daniels.a.m.m1234@gmail.com,27665e96-4411-4c93-95bf-7ea05491b433,0,0,0,0,0,0,0,0.1031441208689772,0
observed,5,draft,email,,1,Template educativo v1,unknown,,0,0,0,0,1,18-24,unknown,Universitaria,1,test1@example.com,a830353b-347c-4a16-9095-dd40198fbf42,0,0,0,0,0,0,0,0.1031441208689772,0
observed,5,draft,email,,1,Template educativo v1,unknown,,0,0,0,0,1,18-24,unknown,Universitaria,2,test2@example.com,dfc0c600-4321-46ea-96cd-cd7e23f58043,0,0,0,0,0,0,0,0.1031441208689772,0
observed,5,draft,email,,1,Template educativo v1,unknown,,0,0,0,0,1,18-24,unknown,Universitaria,3,daniels.a.m.m1234@gmail.com,27665e96-4411-4c93-95bf-7ea05491b433,0,0,0,0,0,0,0,0.1031441208689772,0
observed,6,draft,email,,3,Template urgencia v1,Acción requerida en su cuenta,Plantilla enfocada en urgencia y autoridad institucional.,1,1,0,0,1,18-24,unknown,Universitaria,1,test1@example.com,a830353b-347c-4a16-9095-dd40198fbf42,0,0,0,0,0,0,0,0.11504687434901378,0
observed,6,draft,email,,3,Template urgencia v1,Acción requerida en su cuenta,Plantilla enfocada en urgencia y autoridad institucional.,1,1,0,0,1,18-24,unknown,Universitaria,2,test2@example.com,dfc0c600-4321-46ea-96cd-cd7e23f58043,0,0,0,0,0,0,0,0.11504687434901378,0
observed,6,draft,email,,3,Template urgencia v1,Acción requerida en su cuenta,Plantilla enfocada en urgencia y autoridad institucional.,1,1,0,0,1,18-24,unknown,Universitaria,3,daniels.a.m.m1234@gmail.com,27665e96-4411-4c93-95bf-7ea05491b433,0,0,0,0,0,0,0,0.11504687434901378,0
observed,7,draft,email,,1,Template educativo v1,unknown,,0,0,0,0,1,18-24,unknown,Universitaria,1,test1@example.com,a830353b-347c-4a16-9095-dd40198fbf42,0,0,0,0,0,0,0,0.1031441208689772,0
observed,7,draft,email,,1,Template educativo v1,unknown,,0,0,0,0,1,18-24,unknown,Universitaria,2,test2@example.com,dfc0c600-4321-46ea-96cd-cd7e23f58043,0,0,0,0,0,0,0,0.1031441208689772,0
observed,7,draft,email,,1,Template educativo v1,unknown,,0,0,0,0,1,18-24,unknown,Universitaria,3,daniels.a.m.m1234@gmail.com,27665e96-4411-4c93-95bf-7ea05491b433,0,0,0,0,0,0,0,0.1031441208689772,0
observed,8,draft,email,,4,Template educativo formal,Notificación de seguridad para {{ name }},Plantilla base para simulación académica con seguimiento de apertura y clic.,0,1,0,1,1,18-24,unknown,Universitaria,1,test1@example.com,a830353b-347c-4a16-9095-dd40198fbf42,0,0,0,0,0,0,0,0.07711495167701592,0
observed,8,draft,email,,4,Template educativo formal,Notificación de seguridad para {{ name }},Plantilla base para simulación académica con seguimiento de apertura y clic.,0,1,0,1,1,18-24,unknown,Universitaria,2,test2@example.com,dfc0c600-4321-46ea-96cd-cd7e23f58043,0,0,0,0,0,0,0,0.07711495167701592,0
observed,8,draft,email,,4,Template educativo formal,Notificación de seguridad para {{ name }},Plantilla base para simulación académica con seguimiento de apertura y clic.,0,1,0,1,1,18-24,unknown,Universitaria,3,daniels.a.m.m1234@gmail.com,27665e96-4411-4c93-95bf-7ea05491b433,0,0,0,0,0,0,0,0.07711495167701592,0
observed,9,draft,email,,2,Template educativo v2,unknown,,0,0,0,0,1,18-24,unknown,Universitaria,1,test1@example.com,a830353b-347c-4a16-9095-dd40198fbf42,0,0,0,0,0,0,0,0.1031441208689772,0
observed,9,draft,email,,2,Template educativo v2,unknown,,0,0,0,0,1,18-24,unknown,Universitaria,2,test2@example.com,dfc0c600-4321-46ea-96cd-cd7e23f58043,0,0,0,0,0,0,0,0.1031441208689772,0
observed,9,draft,email,,2,Template educativo v2,unknown,,0,0,0,0,1,18-24,unknown,Universitaria,3,daniels.a.m.m1234@gmail.com,27665e96-4411-4c93-95bf-7ea05491b433,0,0,0,0,0,0,0,0.1031441208689772,0
observed,10,draft,email,,3,Template urgencia v1,Acción requerida en su cuenta,Plantilla enfocada en urgencia y autoridad institucional.,1,1,0,0,1,18-24,unknown,Universitaria,1,test1@example.com,a830353b-347c-4a16-9095-dd40198fbf42,0,0,0,0,0,0,0,0.11504687434901378,0
observed,10,draft,email,,3,Template urgencia v1,Acción requerida en su cuenta,Plantilla enfocada en urgencia y autoridad institucional.,1,1,0,0,1,18-24,unknown,Universitaria,2,test2@example.com,dfc0c600-4321-46ea-96cd-cd7e23f58043,0,0,0,0,0,0,0,0.11504687434901378,0
observed,10,draft,email,,3,Template urgencia v1,Acción requerida en su cuenta,Plantilla enfocada en urgencia y autoridad institucional.,1,1,0,0,1,18-24,unknown,Universitaria,3,daniels.a.m.m1234@gmail.com,27665e96-4411-4c93-95bf-7ea05491b433,0,0,0,0,0,0,0,0.11504687434901378,0
observed,11,draft,email,,2,Template educativo v2,unknown,,0,0,0,0,1,18-24,unknown,Universitaria,1,test1@example.com,a830353b-347c-4a16-9095-dd40198fbf42,0,0,0,0,0,0,0,0.1031441208689772,0
observed,11,draft,email,,2,Template educativo v2,unknown,,0,0,0,0,1,18-24,unknown,Universitaria,2,test2@example.com,dfc0c600-4321-46ea-96cd-cd7e23f58043,0,0,0,0,0,0,0,0.1031441208689772,0
observed,11,draft,email,,2,Template educativo v2,unknown,,0,0,0,0,1,18-24,unknown,Universitaria,3,daniels.a.m.m1234@gmail.com,27665e96-4411-4c93-95bf-7ea05491b433,0,0,0,0,0,0,0,0.1031441208689772,0
observed,12,draft,email,,4,Template educativo formal,Notificación de seguridad para {{ name }},Plantilla base para simulación académica con seguimiento de apertura y clic.,0,1,0,1,1,18-24,unknown,Universitaria,1,test1@example.com,a830353b-347c-4a16-9095-dd40198fbf42,0,0,0,0,0,0,0,0.07711495167701592,0
observed,12,draft,email,,4,Template educativo formal,Notificación de seguridad para {{ name }},Plantilla base para simulación académica con seguimiento de apertura y clic.,0,1,0,1,1,18-24,unknown,Universitaria,2,test2@example.com,dfc0c600-4321-46ea-96cd-cd7e23f58043,0,0,0,0,0,0,0,0.07711495167701592,0
observed,12,draft,email,,4,Template educativo formal,Notificación de seguridad para {{ name }},Plantilla base para simulación académica con seguimiento de apertura y clic.,0,1,0,1,1,18-24,unknown,Universitaria,3,daniels.a.m.m1234@gmail.com,27665e96-4411-4c93-95bf-7ea05491b433,0,0,0,0,0,0,0,0.07711495167701592,0
synthetic,1,launched,email,,1,Urgencia,Acción requerida,Plantilla con señal de urgencia,1,0,0,0,8,18-24,M,Posgrado,1,synthetic_user_1@example.com,synthetic-uid-1,1,1,0,0,1,0,0,0.059410158513596364,0
synthetic,1,launched,email,,1,Urgencia,Acción requerida,Plantilla con señal de urgencia,1,0,0,0,8,18-24,M,Posgrado,2,synthetic_user_2@example.com,synthetic-uid-2,1,1,0,0,1,0,0,0.059410158513596364,0
synthetic,1,launched,email,,1,Urgencia,Acción requerida,Plantilla con señal de urgencia,1,0,0,0,8,18-24,M,Posgrado,3,synthetic_user_3@example.com,synthetic-uid-3,1,0,0,0,0,0,0,0.059410158513596364,0
synthetic,1,launched,email,,1,Urgencia,Acción requerida,Plantilla con señal de urgencia,1,0,0,0,8,18-24,M,Posgrado,4,synthetic_user_4@example.com,synthetic-uid-4,1,0,0,0,0,0,0,0.059410158513596364,0
synthetic,1,launched,email,,1,Urgencia,Acción requerida,Plantilla con señal de urgencia,1,0,0,0,8,18-24,M,Posgrado,5,synthetic_user_5@example.com,synthetic-uid-5,1,1,0,0,1,0,0,0.059410158513596364,0
synthetic,1,launched,email,,1,Urgencia,Acción requerida,Plantilla con señal de urgencia,1,0,0,0,8,18-24,M,Posgrado,6,synthetic_user_6@example.com,synthetic-uid-6,1,1,0,0,1,0,0,0.059410158513596364,0
synthetic,1,launched,email,,1,Urgencia,Acción requerida,Plantilla con señal de urgencia,1,0,0,0,8,18-24,M,Posgrado,7,synthetic_user_7@example.com,synthetic-uid-7,1,0,0,0,0,0,0,0.059410158513596364,0
synthetic,1,launched,email,,1,Urgencia,Acción requerida,Plantilla con señal de urgencia,1,0,0,0,8,18-24,M,Posgrado,8,synthetic_user_8@example.com,synthetic-uid-8,1,1,0,0,1,0,0,0.059410158513596364,0
synthetic,1,launched,email,,1,Urgencia,Acción requerida,Plantilla con señal de urgencia,1,0,0,0,8,18-24,M,Posgrado,9,synthetic_user_9@example.com,synthetic-uid-9,1,0,0,0,0,0,0,0.059410158513596364,0
synthetic,1,launched,email,,1,Urgencia,Acción requerida,Plantilla con señal de urgencia,1,0,0,0,8,18-24,M,Posgrado,10,synthetic_user_10@example.com,synthetic-uid-10,1,0,0,0,0,0,0,0.059410158513596364,0
synthetic,1,launched,email,,1,Urgencia,Acción requerida,Plantilla con señal de urgencia,1,0,0,0,8,18-24,M,Posgrado,11,synthetic_user_11@example.com,synthetic-uid-11,1,1,0,0,1,0,0,0.059410158513596364,0
synthetic,1,launched,email,,1,Urgencia,Acción requerida,Plantilla con señal de urgencia,1,0,0,0,8,18-24,M,Posgrado,12,synthetic_user_12@example.com,synthetic-uid-12,1,0,0,0,0,0,0,0.059410158513596364,0
synthetic,1,launched,email,,1,Urgencia,Acción requerida,Plantilla con señal de urgencia,1,0,0,0,8,18-24,M,Posgrado,13,synthetic_user_13@example.com,synthetic-uid-13,1,1,0,0,1,0,0,0.059410158513596364,0
synthetic,1,launched,email,,1,Urgencia,Acción requerida,Plantilla con señal de urgencia,1,0,0,0,8,18-24,M,Posgrado,14,synthetic_user_14@example.com,synthetic-uid-14,1,0,0,0,0,0,0,0.059410158513596364,0
synthetic,1,launched,email,,1,Urgencia,Acción requerida,Plantilla con señal de urgencia,1,0,0,0,8,18-24,M,Posgrado,15,synthetic_user_15@example.com,synthetic-uid-15,1,1,1,0,1,1,0,0.059410158513596364,0
synthetic,1,launched,email,,1,Urgencia,Acción requerida,Plantilla con señal de urgencia,1,0,0,0,8,18-24,M,Posgrado,16,synthetic_user_16@example.com,synthetic-uid-16,1,0,0,0,0,0,0,0.059410158513596364,0
synthetic,1,launched,email,,1,Urgencia,Acción requerida,Plantilla con señal de urgencia,1,0,0,0,8,18-24,M,Posgrado,17,synthetic_user_17@example.com,synthetic-uid-17,1,1,1,0,1,1,0,0.059410158513596364,0
synthetic,1,launched,email,,1,Urgencia,Acción requerida,Plantilla con señal de urgencia,1,0,0,0,8,18-24,M,Posgrado,18,synthetic_user_18@example.com,synthetic-uid-18,1,1,0,0,1,0,0,0.059410158513596364,0
synthetic,1,launched,email,,1,Urgencia,Acción requerida,Plantilla con señal de urgencia,1,0,0,0,8,18-24,M,Posgrado,19,synthetic_user_19@example.com,synthetic-uid-19,1,0,0,0,0,0,0,0.059410158513596364,0
synthetic,1,launched,email,,1,Urgencia,Acción requerida,Plantilla con señal de urgencia,1,0,0,0,8,18-24,M,Posgrado,20,synthetic_user_20@example.com,synthetic-uid-20,1,0,0,0,0,0,0,0.059410158513596364,0
synthetic,1,launched,email,,1,Urgencia,Acción requerida,Plantilla con señal de urgencia,1,0,0,0,8,18-24,M,Posgrado,21,synthetic_user_21@example.com,synthetic-uid-21,1,0,0,0,0,0,0,0.059410158513596364,0
synthetic,1,launched,email,,1,Urgencia,Acción requerida,Plantilla con señal de urgencia,1,0,0,0,8,18-24,M,Posgrado,22,synthetic_user_22@example.com,synthetic-uid-22,1,0,0,0,0,0,0,0.059410158513596364,0
synthetic,1,launched,email,,1,Urgencia,Acción requerida,Plantilla con señal de urgencia,1,0,0,0,8,18-24,M,Posgrado,23,synthetic_user_23@example.com,synthetic-uid-23,1,0,0,0,0,0,0,0.059410158513596364,0
synthetic,1,launched,email,,1,Urgencia,Acción requerida,Plantilla con señal de urgencia,1,0,0,0,8,18-24,M,Posgrado,24,synthetic_user_24@example.com,synthetic-uid-24,1,0,0,0,0,0,0,0.059410158513596364,0
synthetic,1,launched,email,,1,Urgencia,Acción requerida,Plantilla con señal de urgencia,1,0,0,0,8,18-24,M,Posgrado,25,synthetic_user_25@example.com,synthetic-uid-25,1,0,0,0,0,0,0,0.059410158513596364,0
synthetic,1,launched,email,,1,Urgencia,Acción requerida,Plantilla con señal de urgencia,1,0,0,0,8,18-24,M,Posgrado,26,synthetic_user_26@example.com,synthetic-uid-26,1,0,0,0,0,0,0,0.059410158513596364,0
synthetic,1,launched,email,,1,Urgencia,Acción requerida,Plantilla con señal de urgencia,1,0,0,0,8,18-24,M,Posgrado,27,synthetic_user_27@example.com,synthetic-uid-27,1,0,0,0,0,0,0,0.059410158513596364,0
synthetic,1,launched,email,,1,Urgencia,Acción requerida,Plantilla con señal de urgencia,1,0,0,0,8,18-24,M,Posgrado,28,synthetic_user_28@example.com,synthetic-uid-28,1,0,0,0,0,0,0,0.059410158513596364,0
synthetic,1,launched,email,,1,Urgencia,Acción requerida,Plantilla con señal de urgencia,1,0,0,0,8,18-24,M,Posgrado,29,synthetic_user_29@example.com,synthetic-uid-29,1,0,0,0,0,0,0,0.059410158513596364,0
synthetic,1,launched,email,,1,Urgencia,Acción requerida,Plantilla con señal de urgencia,1,0,0,0,8,18-24,M,Posgrado,30,synthetic_user_30@example.com,synthetic-uid-30,1,0,0,0,0,0,0,0.059410158513596364,0
synthetic,2,launched,email,,1,Urgencia,Acción requerida,Plantilla con señal de urgencia,1,0,0,0,3,18-24,F,Universitaria,31,synthetic_user_31@example.com,synthetic-uid-31,1,0,0,0,0,0,0,0.057518013125074305,0
synthetic,2,launched,email,,1,Urgencia,Acción requerida,Plantilla con señal de urgencia,1,0,0,0,3,18-24,F,Universitaria,32,synthetic_user_32@example.com,synthetic-uid-32,1,0,0,0,0,0,0,0.057518013125074305,0
synthetic,2,launched,email,,1,Urgencia,Acción requerida,Plantilla con señal de urgencia,1,0,0,0,3,18-24,F,Universitaria,33,synthetic_user_33@example.com,synthetic-uid-33,1,0,0,0,0,0,0,0.057518013125074305,0
synthetic,2,launched,email,,1,Urgencia,Acción requerida,Plantilla con señal de urgencia,1,0,0,0,3,18-24,F,Universitaria,34,synthetic_user_34@example.com,synthetic-uid-34,1,0,0,0,0,0,0,0.057518013125074305,0
synthetic,2,launched,email,,1,Urgencia,Acción requerida,Plantilla con señal de urgencia,1,0,0,0,3,18-24,F,Universitaria,35,synthetic_user_35@example.com,synthetic-uid-35,1,0,0,0,0,0,0,0.057518013125074305,0
synthetic,2,launched,email,,1,Urgencia,Acción requerida,Plantilla con señal de urgencia,1,0,0,0,3,18-24,F,Universitaria,36,synthetic_user_36@example.com,synthetic-uid-36,1,0,0,0,0,0,0,0.057518013125074305,0
synthetic,2,launched,email,,1,Urgencia,Acción requerida,Plantilla con señal de urgencia,1,0,0,0,3,18-24,F,Universitaria,37,synthetic_user_37@example.com,synthetic-uid-37,1,0,0,0,0,0,0,0.057518013125074305,0
synthetic,2,launched,email,,1,Urgencia,Acción requerida,Plantilla con señal de urgencia,1,0,0,0,3,18-24,F,Universitaria,38,synthetic_user_38@example.com,synthetic-uid-38,1,0,0,0,0,0,0,0.057518013125074305,0
synthetic,2,launched,email,,1,Urgencia,Acción requerida,Plantilla con señal de urgencia,1,0,0,0,3,18-24,F,Universitaria,39,synthetic_user_39@example.com,synthetic-uid-39,1,1,0,0,1,0,0,0.057518013125074305,0
synthetic,2,launched,email,,1,Urgencia,Acción requerida,Plantilla con señal de urgencia,1,0,0,0,3,18-24,F,Universitaria,40,synthetic_user_40@example.com,synthetic-uid-40,1,0,0,0,0,0,0,0.057518013125074305,0
synthetic,2,launched,email,,1,Urgencia,Acción requerida,Plantilla con señal de urgencia,1,0,0,0,3,18-24,F,Universitaria,41,synthetic_user_41@example.com,synthetic-uid-41,1,0,0,0,0,0,0,0.057518013125074305,0
synthetic,2,launched,email,,1,Urgencia,Acción requerida,Plantilla con señal de urgencia,1,0,0,0,3,18-24,F,Universitaria,42,synthetic_user_42@example.com,synthetic-uid-42,1,0,0,0,0,0,0,0.057518013125074305,0
synthetic,2,launched,email,,1,Urgencia,Acción requerida,Plantilla con señal de urgencia,1,0,0,0,3,18-24,F,Universitaria,43,synthetic_user_43@example.com,synthetic-uid-43,1,1,0,0,1,0,0,0.057518013125074305,0
synthetic,2,launched,email,,1,Urgencia,Acción requerida,Plantilla con señal de urgencia,1,0,0,0,3,18-24,F,Universitaria,44,synthetic_user_44@example.com,synthetic-uid-44,1,0,0,0,0,0,0,0.057518013125074305,0
synthetic,2,launched,email,,1,Urgencia,Acción requerida,Plantilla con señal de urgencia,1,0,0,0,3,18-24,F,Universitaria,45,synthetic_user_45@example.com,synthetic-uid-45,1,1,0,0,1,0,0,0.057518013125074305,0
synthetic,2,launched,email,,1,Urgencia,Acción requerida,Plantilla con señal de urgencia,1,0,0,0,3,18-24,F,Universitaria,46,synthetic_user_46@example.com,synthetic-uid-46,1,1,0,0,1,0,0,0.057518013125074305,0
synthetic,2,launched,email,,1,Urgencia,Acción requerida,Plantilla con señal de urgencia,1,0,0,0,3,18-24,F,Universitaria,47,synthetic_user_47@example.com,synthetic-uid-47,1,0,0,0,0,0,0,0.057518013125074305,0
synthetic,2,launched,email,,1,Urgencia,Acción requerida,Plantilla con señal de urgencia,1,0,0,0,3,18-24,F,Universitaria,48,synthetic_user_48@example.com,synthetic-uid-48,1,1,0,0,1,0,0,0.057518013125074305,0
synthetic,2,launched,email,,1,Urgencia,Acción requerida,Plantilla con señal de urgencia,1,0,0,0,3,18-24,F,Universitaria,49,synthetic_user_49@example.com,synthetic-uid-49,1,0,0,0,0,0,0,0.057518013125074305,0
synthetic,2,launched,email,,1,Urgencia,Acción requerida,Plantilla con señal de urgencia,1,0,0,0,3,18-24,F,Universitaria,50,synthetic_user_50@example.com,synthetic-uid-50,1,1,0,0,1,0,0,0.057518013125074305,0
synthetic,2,launched,email,,1,Urgencia,Acción requerida,Plantilla con señal de urgencia,1,0,0,0,3,18-24,F,Universitaria,51,synthetic_user_51@example.com,synthetic-uid-51,1,0,0,0,0,0,0,0.057518013125074305,0
synthetic,2,launched,email,,1,Urgencia,Acción requerida,Plantilla con señal de urgencia,1,0,0,0,3,18-24,F,Universitaria,52,synthetic_user_52@example.com,synthetic-uid-52,1,0,0,0,0,0,0,0.057518013125074305,0
synthetic,2,launched,email,,1,Urgencia,Acción requerida,Plantilla con señal de urgencia,1,0,0,0,3,18-24,F,Universitaria,53,synthetic_user_53@example.com,synthetic-uid-53,1,1,0,0,1,0,0,0.057518013125074305,0
synthetic,2,launched,email,,1,Urgencia,Acción requerida,Plantilla con señal de urgencia,1,0,0,0,3,18-24,F,Universitaria,54,synthetic_user_54@example.com,synthetic-uid-54,1,0,0,0,0,0,0,0.057518013125074305,0
synthetic,2,launched,email,,1,Urgencia,Acción requerida,Plantilla con señal de urgencia,1,0,0,0,3,18-24,F,Universitaria,55,synthetic_user_55@example.com,synthetic-uid-55,1,0,0,0,0,0,0,0.057518013125074305,0
synthetic,2,launched,email,,1,Urgencia,Acción requerida,Plantilla con señal de urgencia,1,0,0,0,3,18-24,F,Universitaria,56,synthetic_user_56@example.com,synthetic-uid-56,1,1,0,0,1,0,0,0.057518013125074305,0
synthetic,2,launched,email,,1,Urgencia,Acción requerida,Plantilla con señal de urgencia,1,0,0,0,3,18-24,F,Universitaria,57,synthetic_user_57@example.com,synthetic-uid-57,1,0,0,0,0,0,0,0.057518013125074305,0
synthetic,2,launched,email,,1,Urgencia,Acción requerida,Plantilla con señal de urgencia,1,0,0,0,3,18-24,F,Universitaria,58,synthetic_user_58@example.com,synthetic-uid-58,1,0,0,0,0,0,0,0.057518013125074305,0
synthetic,2,launched,email,,1,Urgencia,Acción requerida,Plantilla con señal de urgencia,1,0,0,0,3,18-24,F,Universitaria,59,synthetic_user_59@example.com,synthetic-uid-59,1,1,1,0,1,1,0,0.057518013125074305,0
synthetic,2,launched,email,,1,Urgencia,Acción requerida,Plantilla con señal de urgencia,1,0,0,0,3,18-24,F,Universitaria,60,synthetic_user_60@example.com,synthetic-uid-60,1,0,0,0,0,0,0,0.057518013125074305,0
synthetic,3,launched,email,,1,Urgencia,Acción requerida,Plantilla con señal de urgencia,1,0,0,0,35,55+,F,Universitaria,61,synthetic_user_61@example.com,synthetic-uid-61,1,1,0,0,1,0,0,0.04036009190088098,0
synthetic,3,launched,email,,1,Urgencia,Acción requerida,Plantilla con señal de urgencia,1,0,0,0,35,55+,F,Universitaria,62,synthetic_user_62@example.com,synthetic-uid-62,1,0,0,0,0,0,0,0.04036009190088098,0
synthetic,3,launched,email,,1,Urgencia,Acción requerida,Plantilla con señal de urgencia,1,0,0,0,35,55+,F,Universitaria,63,synthetic_user_63@example.com,synthetic-uid-63,1,0,0,0,0,0,0,0.04036009190088098,0
synthetic,3,launched,email,,1,Urgencia,Acción requerida,Plantilla con señal de urgencia,1,0,0,0,35,55+,F,Universitaria,64,synthetic_user_64@example.com,synthetic-uid-64,1,1,0,0,1,0,0,0.04036009190088098,0
synthetic,3,launched,email,,1,Urgencia,Acción requerida,Plantilla con señal de urgencia,1,0,0,0,35,55+,F,Universitaria,65,synthetic_user_65@example.com,synthetic-uid-65,1,0,0,0,0,0,0,0.04036009190088098,0
synthetic,3,launched,email,,1,Urgencia,Acción requerida,Plantilla con señal de urgencia,1,0,0,0,35,55+,F,Universitaria,66,synthetic_user_66@example.com,synthetic-uid-66,1,1,1,0,1,1,0,0.04036009190088098,0
synthetic,3,launched,email,,1,Urgencia,Acción requerida,Plantilla con señal de urgencia,1,0,0,0,35,55+,F,Universitaria,67,synthetic_user_67@example.com,synthetic-uid-67,1,1,0,0,1,0,0,0.04036009190088098,0
synthetic,3,launched,email,,1,Urgencia,Acción requerida,Plantilla con señal de urgencia,1,0,0,0,35,55+,F,Universitaria,68,synthetic_user_68@example.com,synthetic-uid-68,1,0,0,0,0,0,0,0.04036009190088098,0
synthetic,3,launched,email,,1,Urgencia,Acción requerida,Plantilla con señal de urgencia,1,0,0,0,35,55+,F,Universitaria,69,synthetic_user_69@example.com,synthetic-uid-69,1,0,0,0,0,0,0,0.04036009190088098,0
synthetic,3,launched,email,,1,Urgencia,Acción requerida,Plantilla con señal de urgencia,1,0,0,0,35,55+,F,Universitaria,70,synthetic_user_70@example.com,synthetic-uid-70,1,1,0,0,1,0,0,0.04036009190088098,0
synthetic,3,launched,email,,1,Urgencia,Acción requerida,Plantilla con señal de urgencia,1,0,0,0,35,55+,F,Universitaria,71,synthetic_user_71@example.com,synthetic-uid-71,1,0,0,0,0,0,0,0.04036009190088098,0
synthetic,3,launched,email,,1,Urgencia,Acción requerida,Plantilla con señal de urgencia,1,0,0,0,35,55+,F,Universitaria,72,synthetic_user_72@example.com,synthetic-uid-72,1,0,0,0,0,0,0,0.04036009190088098,0
synthetic,3,launched,email,,1,Urgencia,Acción requerida,Plantilla con señal de urgencia,1,0,0,0,35,55+,F,Universitaria,73,synthetic_user_73@example.com,synthetic-uid-73,1,0,0,0,0,0,0,0.04036009190088098,0
synthetic,3,launched,email,,1,Urgencia,Acción requerida,Plantilla con señal de urgencia,1,0,0,0,35,55+,F,Universitaria,74,synthetic_user_74@example.com,synthetic-uid-74,1,0,0,0,0,0,0,0.04036009190088098,0
synthetic,3,launched,email,,1,Urgencia,Acción requerida,Plantilla con señal de urgencia,1,0,0,0,35,55+,F,Universitaria,75,synthetic_user_75@example.com,synthetic-uid-75,1,1,0,0,1,0,0,0.04036009190088098,0
synthetic,3,launched,email,,1,Urgencia,Acción requerida,Plantilla con señal de urgencia,1,0,0,0,35,55+,F,Universitaria,76,synthetic_user_76@example.com,synthetic-uid-76,1,0,0,0,0,0,0,0.04036009190088098,0
synthetic,3,launched,email,,1,Urgencia,Acción requerida,Plantilla con señal de urgencia,1,0,0,0,35,55+,F,Universitaria,77,synthetic_user_77@example.com,synthetic-uid-77,1,0,0,0,0,0,0,0.04036009190088098,0
synthetic,3,launched,email,,1,Urgencia,Acción requerida,Plantilla con señal de urgencia,1,0,0,0,35,55+,F,Universitaria,78,synthetic_user_78@example.com,synthetic-uid-78,1,0,0,0,0,0,0,0.04036009190088098,0
synthetic,3,launched,email,,1,Urgencia,Acción requerida,Plantilla con señal de urgencia,1,0,0,0,35,55+,F,Universitaria,79,synthetic_user_79@example.com,synthetic-uid-79,1,0,0,0,0,0,0,0.04036009190088098,0
synthetic,3,launched,email,,1,Urgencia,Acción requerida,Plantilla con señal de urgencia,1,0,0,0,35,55+,F,Universitaria,80,synthetic_user_80@example.com,synthetic-uid-80,1,1,0,0,1,0,0,0.04036009190088098,0
synthetic,3,launched,email,,1,Urgencia,Acción requerida,Plantilla con señal de urgencia,1,0,0,0,35,55+,F,Universitaria,81,synthetic_user_81@example.com,synthetic-uid-81,1,0,0,0,0,0,0,0.04036009190088098,0
synthetic,3,launched,email,,1,Urgencia,Acción requerida,Plantilla con señal de urgencia,1,0,0,0,35,55+,F,Universitaria,82,synthetic_user_82@example.com,synthetic-uid-82,1,0,0,0,0,0,0,0.04036009190088098,0
synthetic,3,launched,email,,1,Urgencia,Acción requerida,Plantilla con señal de urgencia,1,0,0,0,35,55+,F,Universitaria,83,synthetic_user_83@example.com,synthetic-uid-83,1,0,0,0,0,0,0,0.04036009190088098,0
synthetic,3,launched,email,,1,Urgencia,Acción requerida,Plantilla con señal de urgencia,1,0,0,0,35,55+,F,Universitaria,84,synthetic_user_84@example.com,synthetic-uid-84,1,1,0,0,1,0,0,0.04036009190088098,0
synthetic,3,launched,email,,1,Urgencia,Acción requerida,Plantilla con señal de urgencia,1,0,0,0,35,55+,F,Universitaria,85,synthetic_user_85@example.com,synthetic-uid-85,1,1,0,0,1,0,0,0.04036009190088098,0
synthetic,3,launched,email,,1,Urgencia,Acción requerida,Plantilla con señal de urgencia,1,0,0,0,35,55+,F,Universitaria,86,synthetic_user_86@example.com,synthetic-uid-86,1,0,0,0,0,0,0,0.04036009190088098,0
synthetic,3,launched,email,,1,Urgencia,Acción requerida,Plantilla con señal de urgencia,1,0,0,0,35,55+,F,Universitaria,87,synthetic_user_87@example.com,synthetic-uid-87,1,0,0,0,0,0,0,0.04036009190088098,0
synthetic,3,launched,email,,1,Urgencia,Acción requerida,Plantilla con señal de urgencia,1,0,0,0,35,55+,F,Universitaria,88,synthetic_user_88@example.com,synthetic-uid-88,1,0,0,0,0,0,0,0.04036009190088098,0
synthetic,3,launched,email,,1,Urgencia,Acción requerida,Plantilla con señal de urgencia,1,0,0,0,35,55+,F,Universitaria,89,synthetic_user_89@example.com,synthetic-uid-89,1,0,0,0,0,0,0,0.04036009190088098,0
synthetic,3,launched,email,,1,Urgencia,Acción requerida,Plantilla con señal de urgencia,1,0,0,0,35,55+,F,Universitaria,90,synthetic_user_90@example.com,synthetic-uid-90,1,1,0,0,1,0,0,0.04036009190088098,0
synthetic,4,launched,email,,1,Urgencia,Acción requerida,Plantilla con señal de urgencia,1,0,0,0,35,55+,F,Universitaria,91,synthetic_user_91@example.com,synthetic-uid-91,1,0,0,0,0,0,0,0.04036009190088098,0
synthetic,4,launched,email,,1,Urgencia,Acción requerida,Plantilla con señal de urgencia,1,0,0,0,35,55+,F,Universitaria,92,synthetic_user_92@example.com,synthetic-uid-92,1,0,0,0,0,0,0,0.04036009190088098,0
synthetic,4,launched,email,,1,Urgencia,Acción requerida,Plantilla con señal de urgencia,1,0,0,0,35,55+,F,Universitaria,93,synthetic_user_93@example.com,synthetic-uid-93,1,0,0,0,0,0,0,0.04036009190088098,0
synthetic,4,launched,email,,1,Urgencia,Acción requerida,Plantilla con señal de urgencia,1,0,0,0,35,55+,F,Universitaria,94,synthetic_user_94@example.com,synthetic-uid-94,1,0,0,0,0,0,0,0.04036009190088098,0
synthetic,4,launched,email,,1,Urgencia,Acción requerida,Plantilla con señal de urgencia,1,0,0,0,35,55+,F,Universitaria,95,synthetic_user_95@example.com,synthetic-uid-95,1,0,0,0,0,0,0,0.04036009190088098,0
synthetic,4,launched,email,,1,Urgencia,Acción requerida,Plantilla con señal de urgencia,1,0,0,0,35,55+,F,Universitaria,96,synthetic_user_96@example.com,synthetic-uid-96,1,1,0,0,1,0,0,0.04036009190088098,0
synthetic,4,launched,email,,1,Urgencia,Acción requerida,Plantilla con señal de urgencia,1,0,0,0,35,55+,F,Universitaria,97,synthetic_user_97@example.com,synthetic-uid-97,1,0,0,0,0,0,0,0.04036009190088098,0
synthetic,4,launched,email,,1,Urgencia,Acción requerida,Plantilla con señal de urgencia,1,0,0,0,35,55+,F,Universitaria,98,synthetic_user_98@example.com,synthetic-uid-98,1,0,0,0,0,0,0,0.04036009190088098,0
synthetic,4,launched,email,,1,Urgencia,Acción requerida,Plantilla con señal de urgencia,1,0,0,0,35,55+,F,Universitaria,99,synthetic_user_99@example.com,synthetic-uid-99,1,1,0,0,1,0,0,0.04036009190088098,0
synthetic,4,launched,email,,1,Urgencia,Acción requerida,Plantilla con señal de urgencia,1,0,0,0,35,55+,F,Universitaria,100,synthetic_user_100@example.com,synthetic-uid-100,1,0,0,0,0,0,0,0.04036009190088098,0
synthetic,4,launched,email,,1,Urgencia,Acción requerida,Plantilla con señal de urgencia,1,0,0,0,35,55+,F,Universitaria,101,synthetic_user_101@example.com,synthetic-uid-101,1,1,0,0,1,0,0,0.04036009190088098,0
synthetic,4,launched,email,,1,Urgencia,Acción requerida,Plantilla con señal de urgencia,1,0,0,0,35,55+,F,Universitaria,102,synthetic_user_102@example.com,synthetic-uid-102,1,0,0,0,0,0,0,0.04036009190088098,0
synthetic,4,launched,email,,1,Urgencia,Acción requerida,Plantilla con señal de urgencia,1,0,0,0,35,55+,F,Universitaria,103,synthetic_user_103@example.com,synthetic-uid-103,1,0,0,0,0,0,0,0.04036009190088098,0
synthetic,4,launched,email,,1,Urgencia,Acción requerida,Plantilla con señal de urgencia,1,0,0,0,35,55+,F,Universitaria,104,synthetic_user_104@example.com,synthetic-uid-104,1,0,0,0,0,0,0,0.04036009190088098,0
synthetic,4,launched,email,,1,Urgencia,Acción requerida,Plantilla con señal de urgencia,1,0,0,0,35,55+,F,Universitaria,105,synthetic_user_105@example.com,synthetic-uid-105,1,1,0,0,1,0,0,0.04036009190088098,0
synthetic,4,launched,email,,1,Urgencia,Acción requerida,Plantilla con señal de urgencia,1,0,0,0,35,55+,F,Universitaria,106,synthetic_user_106@example.com,synthetic-uid-106,1,0,0,0,0,0,0,0.04036009190088098,0
synthetic,4,launched,email,,1,Urgencia,Acción requerida,Plantilla con señal de urgencia,1,0,0,0,35,55+,F,Universitaria,107,synthetic_user_107@example.com,synthetic-uid-107,1,1,0,0,1,0,0,0.04036009190088098,0
synthetic,4,launched,email,,1,Urgencia,Acción requerida,Plantilla con señal de urgencia,1,0,0,0,35,55+,F,Universitaria,108,synthetic_user_108@example.com,synthetic-uid-108,1,0,0,0,0,0,0,0.04036009190088098,0
synthetic,4,launched,email,,1,Urgencia,Acción requerida,Plantilla con señal de urgencia,1,0,0,0,35,55+,F,Universitaria,109,synthetic_user_109@example.com,synthetic-uid-109,1,0,0,0,0,0,0,0.04036009190088098,0
synthetic,4,launched,email,,1,Urgencia,Acción requerida,Plantilla con señal de urgencia,1,0,0,0,35,55+,F,Universitaria,110,synthetic_user_110@example.com,synthetic-uid-110,1,0,0,0,0,0,0,0.04036009190088098,0
synthetic,4,launched,email,,1,Urgencia,Acción requerida,Plantilla con señal de urgencia,1,0,0,0,35,55+,F,Universitaria,111,synthetic_user_111@example.com,synthetic-uid-111,1,0,0,0,0,0,0,0.04036009190088098,0
synthetic,4,launched,email,,1,Urgencia,Acción requerida,Plantilla con señal de urgencia,1,0,0,0,35,55+,F,Universitaria,112,synthetic_user_112@example.com,synthetic-uid-112,1,0,0,0,0,0,0,0.04036009190088098,0
synthetic,4,launched,email,,1,Urgencia,Acción requerida,Plantilla con señal de urgencia,1,0,0,0,35,55+,F,Universitaria,113,synthetic_user_113@example.com,synthetic-uid-113,1,0,0,0,0,0,0,0.04036009190088098,0
synthetic,4,launched,email,,1,Urgencia,Acción requerida,Plantilla con señal de urgencia,1,0,0,0,35,55+,F,Universitaria,114,synthetic_user_114@example.com,synthetic-uid-114,1,0,0,0,0,0,0,0.04036009190088098,0
synthetic,4,launched,email,,1,Urgencia,Acción requerida,Plantilla con señal de urgencia,1,0,0,0,35,55+,F,Universitaria,115,synthetic_user_115@example.com,synthetic-uid-115,1,0,0,0,0,0,0,0.04036009190088098,0
synthetic,4,launched,email,,1,Urgencia,Acción requerida,Plantilla con señal de urgencia,1,0,0,0,35,55+,F,Universitaria,116,synthetic_user_116@example.com,synthetic-uid-116,1,0,0,0,0,0,0,0.04036009190088098,0
synthetic,4,launched,email,,1,Urgencia,Acción requerida,Plantilla con señal de urgencia,1,0,0,0,35,55+,F,Universitaria,117,synthetic_user_117@example.com,synthetic-uid-117,1,0,0,0,0,0,0,0.04036009190088098,0
synthetic,4,launched,email,,1,Urgencia,Acción requerida,Plantilla con señal de urgencia,1,0,0,0,35,55+,F,Universitaria,118,synthetic_user_118@example.com,synthetic-uid-118,1,0,0,0,0,0,0,0.04036009190088098,0
synthetic,4,launched,email,,1,Urgencia,Acción requerida,Plantilla con señal de urgencia,1,0,0,0,35,55+,F,Universitaria,119,synthetic_user_119@example.com,synthetic-uid-119,1,1,1,0,1,1,0,0.04036009190088098,0
synthetic,4,launched,email,,1,Urgencia,Acción requerida,Plantilla con señal de urgencia,1,0,0,0,35,55+,F,Universitaria,120,synthetic_user_120@example.com,synthetic-uid-120,1,1,0,0,1,0,0,0.04036009190088098,0
synthetic,5,launched,email,,1,Urgencia,Acción requerida,Plantilla con señal de urgencia,1,0,0,0,38,55+,M,Tecnica,121,synthetic_user_121@example.com,synthetic-uid-121,1,1,1,0,1,1,0,0.059874447119445715,0
synthetic,5,launched,email,,1,Urgencia,Acción requerida,Plantilla con señal de urgencia,1,0,0,0,38,55+,M,Tecnica,122,synthetic_user_122@example.com,synthetic-uid-122,1,0,0,0,0,0,0,0.059874447119445715,0
synthetic,5,launched,email,,1,Urgencia,Acción requerida,Plantilla con señal de urgencia,1,0,0,0,38,55+,M,Tecnica,123,synthetic_user_123@example.com,synthetic-uid-123,1,1,0,0,1,0,0,0.059874447119445715,0
synthetic,5,launched,email,,1,Urgencia,Acción requerida,Plantilla con señal de urgencia,1,0,0,0,38,55+,M,Tecnica,124,synthetic_user_124@example.com,synthetic-uid-124,1,0,0,0,0,0,0,0.059874447119445715,0
synthetic,5,launched,email,,1,Urgencia,Acción requerida,Plantilla con señal de urgencia,1,0,0,0,38,55+,M,Tecnica,125,synthetic_user_125@example.com,synthetic-uid-125,1,1,0,0,1,0,0,0.059874447119445715,0
synthetic,5,launched,email,,1,Urgencia,Acción requerida,Plantilla con señal de urgencia,1,0,0,0,38,55+,M,Tecnica,126,synthetic_user_126@example.com,synthetic-uid-126,1,0,0,0,0,0,0,0.059874447119445715,0
synthetic,5,launched,email,,1,Urgencia,Acción requerida,Plantilla con señal de urgencia,1,0,0,0,38,55+,M,Tecnica,127,synthetic_user_127@example.com,synthetic-uid-127,1,1,1,0,1,1,0,0.059874447119445715,0
synthetic,5,launched,email,,1,Urgencia,Acción requerida,Plantilla con señal de urgencia,1,0,0,0,38,55+,M,Tecnica,128,synthetic_user_128@example.com,synthetic-uid-128,1,0,0,0,0,0,0,0.059874447119445715,0
synthetic,5,launched,email,,1,Urgencia,Acción requerida,Plantilla con señal de urgencia,1,0,0,0,38,55+,M,Tecnica,129,synthetic_user_129@example.com,synthetic-uid-129,1,0,0,0,0,0,0,0.059874447119445715,0
synthetic,5,launched,email,,1,Urgencia,Acción requerida,Plantilla con señal de urgencia,1,0,0,0,38,55+,M,Tecnica,130,synthetic_user_130@example.com,synthetic-uid-130,1,0,0,0,0,0,0,0.059874447119445715,0
synthetic,5,launched,email,,1,Urgencia,Acción requerida,Plantilla con señal de urgencia,1,0,0,0,38,55+,M,Tecnica,131,synthetic_user_131@example.com,synthetic-uid-131,1,0,0,0,0,0,0,0.059874447119445715,0
synthetic,5,launched,email,,1,Urgencia,Acción requerida,Plantilla con señal de urgencia,1,0,0,0,38,55+,M,Tecnica,132,synthetic_user_132@example.com,synthetic-uid-132,1,0,0,0,0,0,0,0.059874447119445715,0
synthetic,5,launched,email,,1,Urgencia,Acción requerida,Plantilla con señal de urgencia,1,0,0,0,38,55+,M,Tecnica,133,synthetic_user_133@example.com,synthetic-uid-133,1,1,1,0,1,1,0,0.059874447119445715,0
synthetic,5,launched,email,,1,Urgencia,Acción requerida,Plantilla con señal de urgencia,1,0,0,0,38,55+,M,Tecnica,134,synthetic_user_134@example.com,synthetic-uid-134,1,0,0,0,0,0,0,0.059874447119445715,0
synthetic,5,launched,email,,1,Urgencia,Acción requerida,Plantilla con señal de urgencia,1,0,0,0,38,55+,M,Tecnica,135,synthetic_user_135@example.com,synthetic-uid-135,1,0,0,0,0,0,0,0.059874447119445715,0
synthetic,5,launched,email,,1,Urgencia,Acción requerida,Plantilla con señal de urgencia,1,0,0,0,38,55+,M,Tecnica,136,synthetic_user_136@example.com,synthetic-uid-136,1,0,0,0,0,0,0,0.059874447119445715,0
synthetic,5,launched,email,,1,Urgencia,Acción requerida,Plantilla con señal de urgencia,1,0,0,0,38,55+,M,Tecnica,137,synthetic_user_137@example.com,synthetic-uid-137,1,0,0,0,0,0,0,0.059874447119445715,0
synthetic,5,launched,email,,1,Urgencia,Acción requerida,Plantilla con señal de urgencia,1,0,0,0,38,55+,M,Tecnica,138,synthetic_user_138@example.com,synthetic-uid-138,1,0,0,0,0,0,0,0.059874447119445715,0
synthetic,5,launched,email,,1,Urgencia,Acción requerida,Plantilla con señal de urgencia,1,0,0,0,38,55+,M,Tecnica,139,synthetic_user_139@example.com,synthetic-uid-139,1,0,0,0,0,0,0,0.059874447119445715,0
synthetic,5,launched,email,,1,Urgencia,Acción requerida,Plantilla con señal de urgencia,1,0,0,0,38,55+,M,Tecnica,140,synthetic_user_140@example.com,synthetic-uid-140,1,1,0,0,1,0,0,0.059874447119445715,0
synthetic,5,launched,email,,1,Urgencia,Acción requerida,Plantilla con señal de urgencia,1,0,0,0,38,55+,M,Tecnica,141,synthetic_user_141@example.com,synthetic-uid-141,1,0,0,0,0,0,0,0.059874447119445715,0
synthetic,5,launched,email,,1,Urgencia,Acción requerida,Plantilla con señal de urgencia,1,0,0,0,38,55+,M,Tecnica,142,synthetic_user_142@example.com,synthetic-uid-142,1,0,0,0,0,0,0,0.059874447119445715,0
synthetic,5,launched,email,,1,Urgencia,Acción requerida,Plantilla con señal de urgencia,1,0,0,0,38,55+,M,Tecnica,143,synthetic_user_143@example.com,synthetic-uid-143,1,1,0,0,1,0,0,0.059874447119445715,0
synthetic,5,launched,email,,1,Urgencia,Acción requerida,Plantilla con señal de urgencia,1,0,0,0,38,55+,M,Tecnica,144,synthetic_user_144@example.com,synthetic-uid-144,1,0,0,0,0,0,0,0.059874447119445715,0
synthetic,5,launched,email,,1,Urgencia,Acción requerida,Plantilla con señal de urgencia,1,0,0,0,38,55+,M,Tecnica,145,synthetic_user_145@example.com,synthetic-uid-145,1,0,0,0,0,0,0,0.059874447119445715,0
synthetic,5,launched,email,,1,Urgencia,Acción requerida,Plantilla con señal de urgencia,1,0,0,0,38,55+,M,Tecnica,146,synthetic_user_146@example.com,synthetic-uid-146,1,1,0,0,1,0,0,0.059874447119445715,0
synthetic,5,launched,email,,1,Urgencia,Acción requerida,Plantilla con señal de urgencia,1,0,0,0,38,55+,M,Tecnica,147,synthetic_user_147@example.com,synthetic-uid-147,1,0,0,0,0,0,0,0.059874447119445715,0
synthetic,5,launched,email,,1,Urgencia,Acción requerida,Plantilla con señal de urgencia,1,0,0,0,38,55+,M,Tecnica,148,synthetic_user_148@example.com,synthetic-uid-148,1,0,0,0,0,0,0,0.059874447119445715,0
synthetic,5,launched,email,,1,Urgencia,Acción requerida,Plantilla con señal de urgencia,1,0,0,0,38,55+,M,Tecnica,149,synthetic_user_149@example.com,synthetic-uid-149,1,0,0,0,0,0,0,0.059874447119445715,0
synthetic,5,launched,email,,1,Urgencia,Acción requerida,Plantilla con señal de urgencia,1,0,0,0,38,55+,M,Tecnica,150,synthetic_user_150@example.com,synthetic-uid-150,1,0,0,0,0,0,0,0.059874447119445715,0
synthetic,6,launched,email,,1,Urgencia,Acción requerida,Plantilla con señal de urgencia,1,0,0,0,4,18-24,F,Posgrado,151,synthetic_user_151@example.com,synthetic-uid-151,1,0,0,0,0,0,0,0.07582421085024377,0
synthetic,6,launched,email,,1,Urgencia,Acción requerida,Plantilla con señal de urgencia,1,0,0,0,4,18-24,F,Posgrado,152,synthetic_user_152@example.com,synthetic-uid-152,1,0,0,0,0,0,0,0.07582421085024377,0
synthetic,6,launched,email,,1,Urgencia,Acción requerida,Plantilla con señal de urgencia,1,0,0,0,4,18-24,F,Posgrado,153,synthetic_user_153@example.com,synthetic-uid-153,1,1,1,0,1,1,0,0.07582421085024377,0
synthetic,6,launched,email,,1,Urgencia,Acción requerida,Plantilla con señal de urgencia,1,0,0,0,4,18-24,F,Posgrado,154,synthetic_user_154@example.com,synthetic-uid-154,1,0,0,0,0,0,0,0.07582421085024377,0
synthetic,6,launched,email,,1,Urgencia,Acción requerida,Plantilla con señal de urgencia,1,0,0,0,4,18-24,F,Posgrado,155,synthetic_user_155@example.com,synthetic-uid-155,1,1,0,0,1,0,0,0.07582421085024377,0
synthetic,6,launched,email,,1,Urgencia,Acción requerida,Plantilla con señal de urgencia,1,0,0,0,4,18-24,F,Posgrado,156,synthetic_user_156@example.com,synthetic-uid-156,1,0,0,0,0,0,0,0.07582421085024377,0
synthetic,6,launched,email,,1,Urgencia,Acción requerida,Plantilla con señal de urgencia,1,0,0,0,4,18-24,F,Posgrado,157,synthetic_user_157@example.com,synthetic-uid-157,1,0,0,0,0,0,0,0.07582421085024377,0
synthetic,6,launched,email,,1,Urgencia,Acción requerida,Plantilla con señal de urgencia,1,0,0,0,4,18-24,F,Posgrado,158,synthetic_user_158@example.com,synthetic-uid-158,1,0,0,0,0,0,0,0.07582421085024377,0
synthetic,6,launched,email,,1,Urgencia,Acción requerida,Plantilla con señal de urgencia,1,0,0,0,4,18-24,F,Posgrado,159,synthetic_user_159@example.com,synthetic-uid-159,1,1,1,0,1,1,0,0.07582421085024377,0
synthetic,6,launched,email,,1,Urgencia,Acción requerida,Plantilla con señal de urgencia,1,0,0,0,4,18-24,F,Posgrado,160,synthetic_user_160@example.com,synthetic-uid-160,1,0,0,0,0,0,0,0.07582421085024377,0
synthetic,6,launched,email,,1,Urgencia,Acción requerida,Plantilla con señal de urgencia,1,0,0,0,4,18-24,F,Posgrado,161,synthetic_user_161@example.com,synthetic-uid-161,1,0,0,0,0,0,0,0.07582421085024377,0
synthetic,6,launched,email,,1,Urgencia,Acción requerida,Plantilla con señal de urgencia,1,0,0,0,4,18-24,F,Posgrado,162,synthetic_user_162@example.com,synthetic-uid-162,1,0,0,0,0,0,0,0.07582421085024377,0
synthetic,6,launched,email,,1,Urgencia,Acción requerida,Plantilla con señal de urgencia,1,0,0,0,4,18-24,F,Posgrado,163,synthetic_user_163@example.com,synthetic-uid-163,1,1,0,0,1,0,0,0.07582421085024377,0
synthetic,6,launched,email,,1,Urgencia,Acción requerida,Plantilla con señal de urgencia,1,0,0,0,4,18-24,F,Posgrado,164,synthetic_user_164@example.com,synthetic-uid-164,1,0,0,0,0,0,0,0.07582421085024377,0
synthetic,6,launched,email,,1,Urgencia,Acción requerida,Plantilla con señal de urgencia,1,0,0,0,4,18-24,F,Posgrado,165,synthetic_user_165@example.com,synthetic-uid-165,1,0,0,0,0,0,0,0.07582421085024377,0
synthetic,6,launched,email,,1,Urgencia,Acción requerida,Plantilla con señal de urgencia,1,0,0,0,4,18-24,F,Posgrado,166,synthetic_user_166@example.com,synthetic-uid-166,1,0,0,0,0,0,0,0.07582421085024377,0
synthetic,6,launched,email,,1,Urgencia,Acción requerida,Plantilla con señal de urgencia,1,0,0,0,4,18-24,F,Posgrado,167,synthetic_user_167@example.com,synthetic-uid-167,1,0,0,0,0,0,0,0.07582421085024377,0
synthetic,6,launched,email,,1,Urgencia,Acción requerida,Plantilla con señal de urgencia,1,0,0,0,4,18-24,F,Posgrado,168,synthetic_user_168@example.com,synthetic-uid-168,1,1,0,0,1,0,0,0.07582421085024377,0
synthetic,6,launched,email,,1,Urgencia,Acción requerida,Plantilla con señal de urgencia,1,0,0,0,4,18-24,F,Posgrado,169,synthetic_user_169@example.com,synthetic-uid-169,1,1,0,0,1,0,0,0.07582421085024377,0
synthetic,6,launched,email,,1,Urgencia,Acción requerida,Plantilla con señal de urgencia,1,0,0,0,4,18-24,F,Posgrado,170,synthetic_user_170@example.com,synthetic-uid-170,1,1,0,0,1,0,0,0.07582421085024377,0
synthetic,6,launched,email,,1,Urgencia,Acción requerida,Plantilla con señal de urgencia,1,0,0,0,4,18-24,F,Posgrado,171,synthetic_user_171@example.com,synthetic-uid-171,1,1,0,0,1,0,0,0.07582421085024377,0
synthetic,6,launched,email,,1,Urgencia,Acción requerida,Plantilla con señal de urgencia,1,0,0,0,4,18-24,F,Posgrado,172,synthetic_user_172@example.com,synthetic-uid-172,1,0,0,0,0,0,0,0.07582421085024377,0
synthetic,6,launched,email,,1,Urgencia,Acción requerida,Plantilla con señal de urgencia,1,0,0,0,4,18-24,F,Posgrado,173,synthetic_user_173@example.com,synthetic-uid-173,1,0,0,0,0,0,0,0.07582421085024377,0
synthetic,6,launched,email,,1,Urgencia,Acción requerida,Plantilla con señal de urgencia,1,0,0,0,4,18-24,F,Posgrado,174,synthetic_user_174@example.com,synthetic-uid-174,1,1,0,0,1,0,0,0.07582421085024377,0
synthetic,6,launched,email,,1,Urgencia,Acción requerida,Plantilla con señal de urgencia,1,0,0,0,4,18-24,F,Posgrado,175,synthetic_user_175@example.com,synthetic-uid-175,1,0,0,0,0,0,0,0.07582421085024377,0
synthetic,6,launched,email,,1,Urgencia,Acción requerida,Plantilla con señal de urgencia,1,0,0,0,4,18-24,F,Posgrado,176,synthetic_user_176@example.com,synthetic-uid-176,1,1,1,0,1,1,0,0.07582421085024377,0
synthetic,6,launched,email,,1,Urgencia,Acción requerida,Plantilla con señal de urgencia,1,0,0,0,4,18-24,F,Posgrado,177,synthetic_user_177@example.com,synthetic-uid-177,1,0,0,0,0,0,0,0.07582421085024377,0
synthetic,6,launched,email,,1,Urgencia,Acción requerida,Plantilla con señal de urgencia,1,0,0,0,4,18-24,F,Posgrado,178,synthetic_user_178@example.com,synthetic-uid-178,1,0,0,0,0,0,0,0.07582421085024377,0
synthetic,6,launched,email,,1,Urgencia,Acción requerida,Plantilla con señal de urgencia,1,0,0,0,4,18-24,F,Posgrado,179,synthetic_user_179@example.com,synthetic-uid-179,1,0,0,0,0,0,0,0.07582421085024377,0
synthetic,6,launched,email,,1,Urgencia,Acción requerida,Plantilla con señal de urgencia,1,0,0,0,4,18-24,F,Posgrado,180,synthetic_user_180@example.com,synthetic-uid-180,1,0,0,0,0,0,0,0.07582421085024377,0
synthetic,7,launched,email,,1,Urgencia,Acción requerida,Plantilla con señal de urgencia,1,0,0,0,38,55+,M,Tecnica,181,synthetic_user_181@example.com,synthetic-uid-181,1,0,0,0,0,0,0,0.059874447119445715,0
synthetic,7,launched,email,,1,Urgencia,Acción requerida,Plantilla con señal de urgencia,1,0,0,0,38,55+,M,Tecnica,182,synthetic_user_182@example.com,synthetic-uid-182,1,0,0,0,0,0,0,0.059874447119445715,0
synthetic,7,launched,email,,1,Urgencia,Acción requerida,Plantilla con señal de urgencia,1,0,0,0,38,55+,M,Tecnica,183,synthetic_user_183@example.com,synthetic-uid-183,1,0,0,0,0,0,0,0.059874447119445715,0
synthetic,7,launched,email,,1,Urgencia,Acción requerida,Plantilla con señal de urgencia,1,0,0,0,38,55+,M,Tecnica,184,synthetic_user_184@example.com,synthetic-uid-184,1,0,0,0,0,0,0,0.059874447119445715,0
synthetic,7,launched,email,,1,Urgencia,Acción requerida,Plantilla con señal de urgencia,1,0,0,0,38,55+,M,Tecnica,185,synthetic_user_185@example.com,synthetic-uid-185,1,0,0,0,0,0,0,0.059874447119445715,0
synthetic,7,launched,email,,1,Urgencia,Acción requerida,Plantilla con señal de urgencia,1,0,0,0,38,55+,M,Tecnica,186,synthetic_user_186@example.com,synthetic-uid-186,1,0,0,0,0,0,0,0.059874447119445715,0
synthetic,7,launched,email,,1,Urgencia,Acción requerida,Plantilla con señal de urgencia,1,0,0,0,38,55+,M,Tecnica,187,synthetic_user_187@example.com,synthetic-uid-187,1,1,0,0,1,0,0,0.059874447119445715,0
synthetic,7,launched,email,,1,Urgencia,Acción requerida,Plantilla con señal de urgencia,1,0,0,0,38,55+,M,Tecnica,188,synthetic_user_188@example.com,synthetic-uid-188,1,1,0,0,1,0,0,0.059874447119445715,0
synthetic,7,launched,email,,1,Urgencia,Acción requerida,Plantilla con señal de urgencia,1,0,0,0,38,55+,M,Tecnica,189,synthetic_user_189@example.com,synthetic-uid-189,1,0,0,0,0,0,0,0.059874447119445715,0
synthetic,7,launched,email,,1,Urgencia,Acción requerida,Plantilla con señal de urgencia,1,0,0,0,38,55+,M,Tecnica,190,synthetic_user_190@example.com,synthetic-uid-190,1,0,0,0,0,0,0,0.059874447119445715,0
synthetic,7,launched,email,,1,Urgencia,Acción requerida,Plantilla con señal de urgencia,1,0,0,0,38,55+,M,Tecnica,191,synthetic_user_191@example.com,synthetic-uid-191,1,0,0,0,0,0,0,0.059874447119445715,0
synthetic,7,launched,email,,1,Urgencia,Acción requerida,Plantilla con señal de urgencia,1,0,0,0,38,55+,M,Tecnica,192,synthetic_user_192@example.com,synthetic-uid-192,1,0,0,0,0,0,0,0.059874447119445715,0
synthetic,7,launched,email,,1,Urgencia,Acción requerida,Plantilla con señal de urgencia,1,0,0,0,38,55+,M,Tecnica,193,synthetic_user_193@example.com,synthetic-uid-193,1,1,0,0,1,0,0,0.059874447119445715,0
synthetic,7,launched,email,,1,Urgencia,Acción requerida,Plantilla con señal de urgencia,1,0,0,0,38,55+,M,Tecnica,194,synthetic_user_194@example.com,synthetic-uid-194,1,0,0,0,0,0,0,0.059874447119445715,0
synthetic,7,launched,email,,1,Urgencia,Acción requerida,Plantilla con señal de urgencia,1,0,0,0,38,55+,M,Tecnica,195,synthetic_user_195@example.com,synthetic-uid-195,1,0,0,0,0,0,0,0.059874447119445715,0
synthetic,7,launched,email,,1,Urgencia,Acción requerida,Plantilla con señal de urgencia,1,0,0,0,38,55+,M,Tecnica,196,synthetic_user_196@example.com,synthetic-uid-196,1,1,0,0,1,0,0,0.059874447119445715,0
synthetic,7,launched,email,,1,Urgencia,Acción requerida,Plantilla con señal de urgencia,1,0,0,0,38,55+,M,Tecnica,197,synthetic_user_197@example.com,synthetic-uid-197,1,1,0,0,1,0,0,0.059874447119445715,0
synthetic,7,launched,email,,1,Urgencia,Acción requerida,Plantilla con señal de urgencia,1,0,0,0,38,55+,M,Tecnica,198,synthetic_user_198@example.com,synthetic-uid-198,1,0,0,0,0,0,0,0.059874447119445715,0
synthetic,7,launched,email,,1,Urgencia,Acción requerida,Plantilla con señal de urgencia,1,0,0,0,38,55+,M,Tecnica,199,synthetic_user_199@example.com,synthetic-uid-199,1,0,0,0,0,0,0,0.059874447119445715,0
synthetic,7,launched,email,,1,Urgencia,Acción requerida,Plantilla con señal de urgencia,1,0,0,0,38,55+,M,Tecnica,200,synthetic_user_200@example.com,synthetic-uid-200,1,0,0,0,0,0,0,0.059874447119445715,0
synthetic,7,launched,email,,1,Urgencia,Acción requerida,Plantilla con señal de urgencia,1,0,0,0,38,55+,M,Tecnica,201,synthetic_user_201@example.com,synthetic-uid-201,1,1,0,0,1,0,0,0.059874447119445715,0
synthetic,7,launched,email,,1,Urgencia,Acción requerida,Plantilla con señal de urgencia,1,0,0,0,38,55+,M,Tecnica,202,synthetic_user_202@example.com,synthetic-uid-202,1,0,0,0,0,0,0,0.059874447119445715,0
synthetic,7,launched,email,,1,Urgencia,Acción requerida,Plantilla con señal de urgencia,1,0,0,0,38,55+,M,Tecnica,203,synthetic_user_203@example.com,synthetic-uid-203,1,0,0,0,0,0,0,0.059874447119445715,0
synthetic,7,launched,email,,1,Urgencia,Acción requerida,Plantilla con señal de urgencia,1,0,0,0,38,55+,M,Tecnica,204,synthetic_user_204@example.com,synthetic-uid-204,1,0,0,0,0,0,0,0.059874447119445715,0
synthetic,7,launched,email,,1,Urgencia,Acción requerida,Plantilla con señal de urgencia,1,0,0,0,38,55+,M,Tecnica,205,synthetic_user_205@example.com,synthetic-uid-205,1,0,0,0,0,0,0,0.059874447119445715,0
synthetic,7,launched,email,,1,Urgencia,Acción requerida,Plantilla con señal de urgencia,1,0,0,0,38,55+,M,Tecnica,206,synthetic_user_206@example.com,synthetic-uid-206,1,1,0,0,1,0,0,0.059874447119445715,0
synthetic,7,launched,email,,1,Urgencia,Acción requerida,Plantilla con señal de urgencia,1,0,0,0,38,55+,M,Tecnica,207,synthetic_user_207@example.com,synthetic-uid-207,1,0,0,0,0,0,0,0.059874447119445715,0
synthetic,7,launched,email,,1,Urgencia,Acción requerida,Plantilla con señal de urgencia,1,0,0,0,38,55+,M,Tecnica,208,synthetic_user_208@example.com,synthetic-uid-208,1,0,0,0,0,0,0,0.059874447119445715,0
synthetic,7,launched,email,,1,Urgencia,Acción requerida,Plantilla con señal de urgencia,1,0,0,0,38,55+,M,Tecnica,209,synthetic_user_209@example.com,synthetic-uid-209,1,0,0,0,0,0,0,0.059874447119445715,0
synthetic,7,launched,email,,1,Urgencia,Acción requerida,Plantilla con señal de urgencia,1,0,0,0,38,55+,M,Tecnica,210,synthetic_user_210@example.com,synthetic-uid-210,1,1,1,0,1,1,0,0.059874447119445715,0
synthetic,8,launched,email,,1,Urgencia,Acción requerida,Plantilla con señal de urgencia,1,0,0,0,7,18-24,M,Universitaria,211,synthetic_user_211@example.com,synthetic-uid-211,1,0,0,0,0,0,0,0.044874376595541825,0
synthetic,8,launched,email,,1,Urgencia,Acción requerida,Plantilla con señal de urgencia,1,0,0,0,7,18-24,M,Universitaria,212,synthetic_user_212@example.com,synthetic-uid-212,1,1,0,0,1,0,0,0.044874376595541825,0
synthetic,8,launched,email,,1,Urgencia,Acción requerida,Plantilla con señal de urgencia,1,0,0,0,7,18-24,M,Universitaria,213,synthetic_user_213@example.com,synthetic-uid-213,1,1,0,0,1,0,0,0.044874376595541825,0
synthetic,8,launched,email,,1,Urgencia,Acción requerida,Plantilla con señal de urgencia,1,0,0,0,7,18-24,M,Universitaria,214,synthetic_user_214@example.com,synthetic-uid-214,1,0,0,0,0,0,0,0.044874376595541825,0
synthetic,8,launched,email,,1,Urgencia,Acción requerida,Plantilla con señal de urgencia,1,0,0,0,7,18-24,M,Universitaria,215,synthetic_user_215@example.com,synthetic-uid-215,1,0,0,0,0,0,0,0.044874376595541825,0
synthetic,8,launched,email,,1,Urgencia,Acción requerida,Plantilla con señal de urgencia,1,0,0,0,7,18-24,M,Universitaria,216,synthetic_user_216@example.com,synthetic-uid-216,1,0,0,0,0,0,0,0.044874376595541825,0
synthetic,8,launched,email,,1,Urgencia,Acción requerida,Plantilla con señal de urgencia,1,0,0,0,7,18-24,M,Universitaria,217,synthetic_user_217@example.com,synthetic-uid-217,1,1,0,0,1,0,0,0.044874376595541825,0
synthetic,8,launched,email,,1,Urgencia,Acción requerida,Plantilla con señal de urgencia,1,0,0,0,7,18-24,M,Universitaria,218,synthetic_user_218@example.com,synthetic-uid-218,1,1,0,0,1,0,0,0.044874376595541825,0
synthetic,8,launched,email,,1,Urgencia,Acción requerida,Plantilla con señal de urgencia,1,0,0,0,7,18-24,M,Universitaria,219,synthetic_user_219@example.com,synthetic-uid-219,1,0,0,0,0,0,0,0.044874376595541825,0
synthetic,8,launched,email,,1,Urgencia,Acción requerida,Plantilla con señal de urgencia,1,0,0,0,7,18-24,M,Universitaria,220,synthetic_user_220@example.com,synthetic-uid-220,1,1,0,0,1,0,0,0.044874376595541825,0
synthetic,8,launched,email,,1,Urgencia,Acción requerida,Plantilla con señal de urgencia,1,0,0,0,7,18-24,M,Universitaria,221,synthetic_user_221@example.com,synthetic-uid-221,1,1,0,0,1,0,0,0.044874376595541825,0
synthetic,8,launched,email,,1,Urgencia,Acción requerida,Plantilla con señal de urgencia,1,0,0,0,7,18-24,M,Universitaria,222,synthetic_user_222@example.com,synthetic-uid-222,1,1,0,0,1,0,0,0.044874376595541825,0
synthetic,8,launched,email,,1,Urgencia,Acción requerida,Plantilla con señal de urgencia,1,0,0,0,7,18-24,M,Universitaria,223,synthetic_user_223@example.com,synthetic-uid-223,1,0,0,0,0,0,0,0.044874376595541825,0
synthetic,8,launched,email,,1,Urgencia,Acción requerida,Plantilla con señal de urgencia,1,0,0,0,7,18-24,M,Universitaria,224,synthetic_user_224@example.com,synthetic-uid-224,1,0,0,0,0,0,0,0.044874376595541825,0
synthetic,8,launched,email,,1,Urgencia,Acción requerida,Plantilla con señal de urgencia,1,0,0,0,7,18-24,M,Universitaria,225,synthetic_user_225@example.com,synthetic-uid-225,1,1,0,0,1,0,0,0.044874376595541825,0
synthetic,8,launched,email,,1,Urgencia,Acción requerida,Plantilla con señal de urgencia,1,0,0,0,7,18-24,M,Universitaria,226,synthetic_user_226@example.com,synthetic-uid-226,1,0,0,0,0,0,0,0.044874376595541825,0
synthetic,8,launched,email,,1,Urgencia,Acción requerida,Plantilla con señal de urgencia,1,0,0,0,7,18-24,M,Universitaria,227,synthetic_user_227@example.com,synthetic-uid-227,1,1,1,0,1,1,0,0.044874376595541825,0
synthetic,8,launched,email,,1,Urgencia,Acción requerida,Plantilla con señal de urgencia,1,0,0,0,7,18-24,M,Universitaria,228,synthetic_user_228@example.com,synthetic-uid-228,1,0,0,0,0,0,0,0.044874376595541825,0
synthetic,8,launched,email,,1,Urgencia,Acción requerida,Plantilla con señal de urgencia,1,0,0,0,7,18-24,M,Universitaria,229,synthetic_user_229@example.com,synthetic-uid-229,1,0,0,0,0,0,0,0.044874376595541825,0
synthetic,8,launched,email,,1,Urgencia,Acción requerida,Plantilla con señal de urgencia,1,0,0,0,7,18-24,M,Universitaria,230,synthetic_user_230@example.com,synthetic-uid-230,1,0,0,0,0,0,0,0.044874376595541825,0
synthetic,8,launched,email,,1,Urgencia,Acción requerida,Plantilla con señal de urgencia,1,0,0,0,7,18-24,M,Universitaria,231,synthetic_user_231@example.com,synthetic-uid-231,1,1,0,0,1,0,0,0.044874376595541825,0
synthetic,8,launched,email,,1,Urgencia,Acción requerida,Plantilla con señal de urgencia,1,0,0,0,7,18-24,M,Universitaria,232,synthetic_user_232@example.com,synthetic-uid-232,1,0,0,0,0,0,0,0.044874376595541825,0
synthetic,8,launched,email,,1,Urgencia,Acción requerida,Plantilla con señal de urgencia,1,0,0,0,7,18-24,M,Universitaria,233,synthetic_user_233@example.com,synthetic-uid-233,1,0,0,0,0,0,0,0.044874376595541825,0
synthetic,8,launched,email,,1,Urgencia,Acción requerida,Plantilla con señal de urgencia,1,0,0,0,7,18-24,M,Universitaria,234,synthetic_user_234@example.com,synthetic-uid-234,1,1,0,0,1,0,0,0.044874376595541825,0
synthetic,8,launched,email,,1,Urgencia,Acción requerida,Plantilla con señal de urgencia,1,0,0,0,7,18-24,M,Universitaria,235,synthetic_user_235@example.com,synthetic-uid-235,1,0,0,0,0,0,0,0.044874376595541825,0
synthetic,8,launched,email,,1,Urgencia,Acción requerida,Plantilla con señal de urgencia,1,0,0,0,7,18-24,M,Universitaria,236,synthetic_user_236@example.com,synthetic-uid-236,1,0,0,0,0,0,0,0.044874376595541825,0
synthetic,8,launched,email,,1,Urgencia,Acción requerida,Plantilla con señal de urgencia,1,0,0,0,7,18-24,M,Universitaria,237,synthetic_user_237@example.com,synthetic-uid-237,1,1,0,0,1,0,0,0.044874376595541825,0
synthetic,8,launched,email,,1,Urgencia,Acción requerida,Plantilla con señal de urgencia,1,0,0,0,7,18-24,M,Universitaria,238,synthetic_user_238@example.com,synthetic-uid-238,1,0,0,0,0,0,0,0.044874376595541825,0
synthetic,8,launched,email,,1,Urgencia,Acción requerida,Plantilla con señal de urgencia,1,0,0,0,7,18-24,M,Universitaria,239,synthetic_user_239@example.com,synthetic-uid-239,1,0,0,0,0,0,0,0.044874376595541825,0
synthetic,8,launched,email,,1,Urgencia,Acción requerida,Plantilla con señal de urgencia,1,0,0,0,7,18-24,M,Universitaria,240,synthetic_user_240@example.com,synthetic-uid-240,1,0,0,0,0,0,0,0.044874376595541825,0
synthetic,9,launched,email,,1,Urgencia,Acción requerida,Plantilla con señal de urgencia,1,0,0,0,16,25-34,M,Posgrado,241,synthetic_user_241@example.com,synthetic-uid-241,1,0,0,0,0,0,0,0.08213701144469383,0
synthetic,9,launched,email,,1,Urgencia,Acción requerida,Plantilla con señal de urgencia,1,0,0,0,16,25-34,M,Posgrado,242,synthetic_user_242@example.com,synthetic-uid-242,1,0,0,0,0,0,0,0.08213701144469383,0
synthetic,9,launched,email,,1,Urgencia,Acción requerida,Plantilla con señal de urgencia,1,0,0,0,16,25-34,M,Posgrado,243,synthetic_user_243@example.com,synthetic-uid-243,1,0,0,0,0,0,0,0.08213701144469383,0
synthetic,9,launched,email,,1,Urgencia,Acción requerida,Plantilla con señal de urgencia,1,0,0,0,16,25-34,M,Posgrado,244,synthetic_user_244@example.com,synthetic-uid-244,1,0,0,0,0,0,0,0.08213701144469383,0
synthetic,9,launched,email,,1,Urgencia,Acción requerida,Plantilla con señal de urgencia,1,0,0,0,16,25-34,M,Posgrado,245,synthetic_user_245@example.com,synthetic-uid-245,1,1,0,0,1,0,0,0.08213701144469383,0
synthetic,9,launched,email,,1,Urgencia,Acción requerida,Plantilla con señal de urgencia,1,0,0,0,16,25-34,M,Posgrado,246,synthetic_user_246@example.com,synthetic-uid-246,1,0,0,0,0,0,0,0.08213701144469383,0
synthetic,9,launched,email,,1,Urgencia,Acción requerida,Plantilla con señal de urgencia,1,0,0,0,16,25-34,M,Posgrado,247,synthetic_user_247@example.com,synthetic-uid-247,1,0,0,0,0,0,0,0.08213701144469383,0
synthetic,9,launched,email,,1,Urgencia,Acción requerida,Plantilla con señal de urgencia,1,0,0,0,16,25-34,M,Posgrado,248,synthetic_user_248@example.com,synthetic-uid-248,1,0,0,0,0,0,0,0.08213701144469383,0
synthetic,9,launched,email,,1,Urgencia,Acción requerida,Plantilla con señal de urgencia,1,0,0,0,16,25-34,M,Posgrado,249,synthetic_user_249@example.com,synthetic-uid-249,1,0,0,0,0,0,0,0.08213701144469383,0
synthetic,9,launched,email,,1,Urgencia,Acción requerida,Plantilla con señal de urgencia,1,0,0,0,16,25-34,M,Posgrado,250,synthetic_user_250@example.com,synthetic-uid-250,1,0,0,0,0,0,0,0.08213701144469383,0
synthetic,9,launched,email,,1,Urgencia,Acción requerida,Plantilla con señal de urgencia,1,0,0,0,16,25-34,M,Posgrado,251,synthetic_user_251@example.com,synthetic-uid-251,1,1,0,0,1,0,0,0.08213701144469383,0
synthetic,9,launched,email,,1,Urgencia,Acción requerida,Plantilla con señal de urgencia,1,0,0,0,16,25-34,M,Posgrado,252,synthetic_user_252@example.com,synthetic-uid-252,1,1,0,0,1,0,0,0.08213701144469383,0
synthetic,9,launched,email,,1,Urgencia,Acción requerida,Plantilla con señal de urgencia,1,0,0,0,16,25-34,M,Posgrado,253,synthetic_user_253@example.com,synthetic-uid-253,1,0,0,0,0,0,0,0.08213701144469383,0
synthetic,9,launched,email,,1,Urgencia,Acción requerida,Plantilla con señal de urgencia,1,0,0,0,16,25-34,M,Posgrado,254,synthetic_user_254@example.com,synthetic-uid-254,1,1,0,0,1,0,0,0.08213701144469383,0
synthetic,9,launched,email,,1,Urgencia,Acción requerida,Plantilla con señal de urgencia,1,0,0,0,16,25-34,M,Posgrado,255,synthetic_user_255@example.com,synthetic-uid-255,1,0,0,0,0,0,0,0.08213701144469383,0
synthetic,9,launched,email,,1,Urgencia,Acción requerida,Plantilla con señal de urgencia,1,0,0,0,16,25-34,M,Posgrado,256,synthetic_user_256@example.com,synthetic-uid-256,1,1,0,0,1,0,0,0.08213701144469383,0
synthetic,9,launched,email,,1,Urgencia,Acción requerida,Plantilla con señal de urgencia,1,0,0,0,16,25-34,M,Posgrado,257,synthetic_user_257@example.com,synthetic-uid-257,1,1,1,0,1,1,0,0.08213701144469383,0
synthetic,9,launched,email,,1,Urgencia,Acción requerida,Plantilla con señal de urgencia,1,0,0,0,16,25-34,M,Posgrado,258,synthetic_user_258@example.com,synthetic-uid-258,1,1,0,0,1,0,0,0.08213701144469383,0
synthetic,9,launched,email,,1,Urgencia,Acción requerida,Plantilla con señal de urgencia,1,0,0,0,16,25-34,M,Posgrado,259,synthetic_user_259@example.com,synthetic-uid-259,1,0,0,0,0,0,0,0.08213701144469383,0
synthetic,9,launched,email,,1,Urgencia,Acción requerida,Plantilla con señal de urgencia,1,0,0,0,16,25-34,M,Posgrado,260,synthetic_user_260@example.com,synthetic-uid-260,1,0,0,0,0,0,0,0.08213701144469383,0
synthetic,9,launched,email,,1,Urgencia,Acción requerida,Plantilla con señal de urgencia,1,0,0,0,16,25-34,M,Posgrado,261,synthetic_user_261@example.com,synthetic-uid-261,1,1,0,0,1,0,0,0.08213701144469383,0
synthetic,9,launched,email,,1,Urgencia,Acción requerida,Plantilla con señal de urgencia,1,0,0,0,16,25-34,M,Posgrado,262,synthetic_user_262@example.com,synthetic-uid-262,1,0,0,0,0,0,0,0.08213701144469383,0
synthetic,9,launched,email,,1,Urgencia,Acción requerida,Plantilla con señal de urgencia,1,0,0,0,16,25-34,M,Posgrado,263,synthetic_user_263@example.com,synthetic-uid-263,1,0,0,0,0,0,0,0.08213701144469383,0
synthetic,9,launched,email,,1,Urgencia,Acción requerida,Plantilla con señal de urgencia,1,0,0,0,16,25-34,M,Posgrado,264,synthetic_user_264@example.com,synthetic-uid-264,1,0,0,0,0,0,0,0.08213701144469383,0
synthetic,9,launched,email,,1,Urgencia,Acción requerida,Plantilla con señal de urgencia,1,0,0,0,16,25-34,M,Posgrado,265,synthetic_user_265@example.com,synthetic-uid-265,1,0,0,0,0,0,0,0.08213701144469383,0
synthetic,9,launched,email,,1,Urgencia,Acción requerida,Plantilla con señal de urgencia,1,0,0,0,16,25-34,M,Posgrado,266,synthetic_user_266@example.com,synthetic-uid-266,1,1,0,0,1,0,0,0.08213701144469383,0
synthetic,9,launched,email,,1,Urgencia,Acción requerida,Plantilla con señal de urgencia,1,0,0,0,16,25-34,M,Posgrado,267,synthetic_user_267@example.com,synthetic-uid-267,1,1,0,0,1,0,0,0.08213701144469383,0
synthetic,9,launched,email,,1,Urgencia,Acción requerida,Plantilla con señal de urgencia,1,0,0,0,16,25-34,M,Posgrado,268,synthetic_user_268@example.com,synthetic-uid-268,1,1,1,0,1,1,0,0.08213701144469383,0
synthetic,9,launched,email,,1,Urgencia,Acción requerida,Plantilla con señal de urgencia,1,0,0,0,16,25-34,M,Posgrado,269,synthetic_user_269@example.com,synthetic-uid-269,1,0,0,0,0,0,0,0.08213701144469383,0
synthetic,9,launched,email,,1,Urgencia,Acción requerida,Plantilla con señal de urgencia,1,0,0,0,16,25-34,M,Posgrado,270,synthetic_user_270@example.com,synthetic-uid-270,1,0,0,0,0,0,0,0.08213701144469383,0
synthetic,10,launched,email,,1,Urgencia,Acción requerida,Plantilla con señal de urgencia,1,0,0,0,21,35-44,M,Secundaria,271,synthetic_user_271@example.com,synthetic-uid-271,1,0,0,0,0,0,0,0.03933550996410187,0
synthetic,10,launched,email,,1,Urgencia,Acción requerida,Plantilla con señal de urgencia,1,0,0,0,21,35-44,M,Secundaria,272,synthetic_user_272@example.com,synthetic-uid-272,1,0,0,0,0,0,0,0.03933550996410187,0
synthetic,10,launched,email,,1,Urgencia,Acción requerida,Plantilla con señal de urgencia,1,0,0,0,21,35-44,M,Secundaria,273,synthetic_user_273@example.com,synthetic-uid-273,1,1,0,0,1,0,0,0.03933550996410187,0
synthetic,10,launched,email,,1,Urgencia,Acción requerida,Plantilla con señal de urgencia,1,0,0,0,21,35-44,M,Secundaria,274,synthetic_user_274@example.com,synthetic-uid-274,1,1,1,0,1,1,0,0.03933550996410187,0
synthetic,10,launched,email,,1,Urgencia,Acción requerida,Plantilla con señal de urgencia,1,0,0,0,21,35-44,M,Secundaria,275,synthetic_user_275@example.com,synthetic-uid-275,1,0,0,0,0,0,0,0.03933550996410187,0
synthetic,10,launched,email,,1,Urgencia,Acción requerida,Plantilla con señal de urgencia,1,0,0,0,21,35-44,M,Secundaria,276,synthetic_user_276@example.com,synthetic-uid-276,1,0,0,0,0,0,0,0.03933550996410187,0
synthetic,10,launched,email,,1,Urgencia,Acción requerida,Plantilla con señal de urgencia,1,0,0,0,21,35-44,M,Secundaria,277,synthetic_user_277@example.com,synthetic-uid-277,1,0,0,0,0,0,0,0.03933550996410187,0
synthetic,10,launched,email,,1,Urgencia,Acción requerida,Plantilla con señal de urgencia,1,0,0,0,21,35-44,M,Secundaria,278,synthetic_user_278@example.com,synthetic-uid-278,1,0,0,0,0,0,0,0.03933550996410187,0
synthetic,10,launched,email,,1,Urgencia,Acción requerida,Plantilla con señal de urgencia,1,0,0,0,21,35-44,M,Secundaria,279,synthetic_user_279@example.com,synthetic-uid-279,1,0,0,0,0,0,0,0.03933550996410187,0
synthetic,10,launched,email,,1,Urgencia,Acción requerida,Plantilla con señal de urgencia,1,0,0,0,21,35-44,M,Secundaria,280,synthetic_user_280@example.com,synthetic-uid-280,1,0,0,0,0,0,0,0.03933550996410187,0
synthetic,10,launched,email,,1,Urgencia,Acción requerida,Plantilla con señal de urgencia,1,0,0,0,21,35-44,M,Secundaria,281,synthetic_user_281@example.com,synthetic-uid-281,1,1,0,0,1,0,0,0.03933550996410187,0
synthetic,10,launched,email,,1,Urgencia,Acción requerida,Plantilla con señal de urgencia,1,0,0,0,21,35-44,M,Secundaria,282,synthetic_user_282@example.com,synthetic-uid-282,1,0,0,0,0,0,0,0.03933550996410187,0
synthetic,10,launched,email,,1,Urgencia,Acción requerida,Plantilla con señal de urgencia,1,0,0,0,21,35-44,M,Secundaria,283,synthetic_user_283@example.com,synthetic-uid-283,1,0,0,0,0,0,0,0.03933550996410187,0
synthetic,10,launched,email,,1,Urgencia,Acción requerida,Plantilla con señal de urgencia,1,0,0,0,21,35-44,M,Secundaria,284,synthetic_user_284@example.com,synthetic-uid-284,1,0,0,0,0,0,0,0.03933550996410187,0
synthetic,10,launched,email,,1,Urgencia,Acción requerida,Plantilla con señal de urgencia,1,0,0,0,21,35-44,M,Secundaria,285,synthetic_user_285@example.com,synthetic-uid-285,1,0,0,0,0,0,0,0.03933550996410187,0
synthetic,10,launched,email,,1,Urgencia,Acción requerida,Plantilla con señal de urgencia,1,0,0,0,21,35-44,M,Secundaria,286,synthetic_user_286@example.com,synthetic-uid-286,1,1,0,0,1,0,0,0.03933550996410187,0
synthetic,10,launched,email,,1,Urgencia,Acción requerida,Plantilla con señal de urgencia,1,0,0,0,21,35-44,M,Secundaria,287,synthetic_user_287@example.com,synthetic-uid-287,1,0,0,0,0,0,0,0.03933550996410187,0
synthetic,10,launched,email,,1,Urgencia,Acción requerida,Plantilla con señal de urgencia,1,0,0,0,21,35-44,M,Secundaria,288,synthetic_user_288@example.com,synthetic-uid-288,1,0,0,0,0,0,0,0.03933550996410187,0
synthetic,10,launched,email,,1,Urgencia,Acción requerida,Plantilla con señal de urgencia,1,0,0,0,21,35-44,M,Secundaria,289,synthetic_user_289@example.com,synthetic-uid-289,1,1,0,0,1,0,0,0.03933550996410187,0
synthetic,10,launched,email,,1,Urgencia,Acción requerida,Plantilla con señal de urgencia,1,0,0,0,21,35-44,M,Secundaria,290,synthetic_user_290@example.com,synthetic-uid-290,1,0,0,0,0,0,0,0.03933550996410187,0
synthetic,10,launched,email,,1,Urgencia,Acción requerida,Plantilla con señal de urgencia,1,0,0,0,21,35-44,M,Secundaria,291,synthetic_user_291@example.com,synthetic-uid-291,1,1,0,0,1,0,0,0.03933550996410187,0
synthetic,10,launched,email,,1,Urgencia,Acción requerida,Plantilla con señal de urgencia,1,0,0,0,21,35-44,M,Secundaria,292,synthetic_user_292@example.com,synthetic-uid-292,1,0,0,0,0,0,0,0.03933550996410187,0
synthetic,10,launched,email,,1,Urgencia,Acción requerida,Plantilla con señal de urgencia,1,0,0,0,21,35-44,M,Secundaria,293,synthetic_user_293@example.com,synthetic-uid-293,1,0,0,0,0,0,0,0.03933550996410187,0
synthetic,10,launched,email,,1,Urgencia,Acción requerida,Plantilla con señal de urgencia,1,0,0,0,21,35-44,M,Secundaria,294,synthetic_user_294@example.com,synthetic-uid-294,1,1,0,0,1,0,0,0.03933550996410187,0
synthetic,10,launched,email,,1,Urgencia,Acción requerida,Plantilla con señal de urgencia,1,0,0,0,21,35-44,M,Secundaria,295,synthetic_user_295@example.com,synthetic-uid-295,1,0,0,0,0,0,0,0.03933550996410187,0
synthetic,10,launched,email,,1,Urgencia,Acción requerida,Plantilla con señal de urgencia,1,0,0,0,21,35-44,M,Secundaria,296,synthetic_user_296@example.com,synthetic-uid-296,1,0,0,0,0,0,0,0.03933550996410187,0
synthetic,10,launched,email,,1,Urgencia,Acción requerida,Plantilla con señal de urgencia,1,0,0,0,21,35-44,M,Secundaria,297,synthetic_user_297@example.com,synthetic-uid-297,1,1,0,0,1,0,0,0.03933550996410187,0
synthetic,10,launched,email,,1,Urgencia,Acción requerida,Plantilla con señal de urgencia,1,0,0,0,21,35-44,M,Secundaria,298,synthetic_user_298@example.com,synthetic-uid-298,1,0,0,0,0,0,0,0.03933550996410187,0
synthetic,10,launched,email,,1,Urgencia,Acción requerida,Plantilla con señal de urgencia,1,0,0,0,21,35-44,M,Secundaria,299,synthetic_user_299@example.com,synthetic-uid-299,1,0,0,0,0,0,0,0.03933550996410187,0
synthetic,10,launched,email,,1,Urgencia,Acción requerida,Plantilla con señal de urgencia,1,0,0,0,21,35-44,M,Secundaria,300,synthetic_user_300@example.com,synthetic-uid-300,1,1,0,0,1,0,0,0.03933550996410187,0
synthetic,11,launched,email,,2,Autoridad,Comunicado institucional,Plantilla con señal de autoridad,0,1,0,0,14,25-34,M,Tecnica,301,synthetic_user_301@example.com,synthetic-uid-301,1,0,0,0,0,0,0,0.08211903774367538,0
synthetic,11,launched,email,,2,Autoridad,Comunicado institucional,Plantilla con señal de autoridad,0,1,0,0,14,25-34,M,Tecnica,302,synthetic_user_302@example.com,synthetic-uid-302,1,0,0,0,0,0,0,0.08211903774367538,0
synthetic,11,launched,email,,2,Autoridad,Comunicado institucional,Plantilla con señal de autoridad,0,1,0,0,14,25-34,M,Tecnica,303,synthetic_user_303@example.com,synthetic-uid-303,1,0,0,0,0,0,0,0.08211903774367538,0
synthetic,11,launched,email,,2,Autoridad,Comunicado institucional,Plantilla con señal de autoridad,0,1,0,0,14,25-34,M,Tecnica,304,synthetic_user_304@example.com,synthetic-uid-304,1,0,0,0,0,0,0,0.08211903774367538,0
synthetic,11,launched,email,,2,Autoridad,Comunicado institucional,Plantilla con señal de autoridad,0,1,0,0,14,25-34,M,Tecnica,305,synthetic_user_305@example.com,synthetic-uid-305,1,0,0,0,0,0,0,0.08211903774367538,0
synthetic,11,launched,email,,2,Autoridad,Comunicado institucional,Plantilla con señal de autoridad,0,1,0,0,14,25-34,M,Tecnica,306,synthetic_user_306@example.com,synthetic-uid-306,1,1,0,0,1,0,0,0.08211903774367538,0
synthetic,11,launched,email,,2,Autoridad,Comunicado institucional,Plantilla con señal de autoridad,0,1,0,0,14,25-34,M,Tecnica,307,synthetic_user_307@example.com,synthetic-uid-307,1,0,0,0,0,0,0,0.08211903774367538,0
synthetic,11,launched,email,,2,Autoridad,Comunicado institucional,Plantilla con señal de autoridad,0,1,0,0,14,25-34,M,Tecnica,308,synthetic_user_308@example.com,synthetic-uid-308,1,1,0,0,1,0,0,0.08211903774367538,0
synthetic,11,launched,email,,2,Autoridad,Comunicado institucional,Plantilla con señal de autoridad,0,1,0,0,14,25-34,M,Tecnica,309,synthetic_user_309@example.com,synthetic-uid-309,1,1,0,0,1,0,0,0.08211903774367538,0
synthetic,11,launched,email,,2,Autoridad,Comunicado institucional,Plantilla con señal de autoridad,0,1,0,0,14,25-34,M,Tecnica,310,synthetic_user_310@example.com,synthetic-uid-310,1,0,0,0,0,0,0,0.08211903774367538,0
synthetic,11,launched,email,,2,Autoridad,Comunicado institucional,Plantilla con señal de autoridad,0,1,0,0,14,25-34,M,Tecnica,311,synthetic_user_311@example.com,synthetic-uid-311,1,1,1,0,1,1,0,0.08211903774367538,0
synthetic,11,launched,email,,2,Autoridad,Comunicado institucional,Plantilla con señal de autoridad,0,1,0,0,14,25-34,M,Tecnica,312,synthetic_user_312@example.com,synthetic-uid-312,1,0,0,0,0,0,0,0.08211903774367538,0
synthetic,11,launched,email,,2,Autoridad,Comunicado institucional,Plantilla con señal de autoridad,0,1,0,0,14,25-34,M,Tecnica,313,synthetic_user_313@example.com,synthetic-uid-313,1,0,0,0,0,0,0,0.08211903774367538,0
synthetic,11,launched,email,,2,Autoridad,Comunicado institucional,Plantilla con señal de autoridad,0,1,0,0,14,25-34,M,Tecnica,314,synthetic_user_314@example.com,synthetic-uid-314,1,0,0,0,0,0,0,0.08211903774367538,0
synthetic,11,launched,email,,2,Autoridad,Comunicado institucional,Plantilla con señal de autoridad,0,1,0,0,14,25-34,M,Tecnica,315,synthetic_user_315@example.com,synthetic-uid-315,1,0,0,0,0,0,0,0.08211903774367538,0
synthetic,11,launched,email,,2,Autoridad,Comunicado institucional,Plantilla con señal de autoridad,0,1,0,0,14,25-34,M,Tecnica,316,synthetic_user_316@example.com,synthetic-uid-316,1,0,0,0,0,0,0,0.08211903774367538,0
synthetic,11,launched,email,,2,Autoridad,Comunicado institucional,Plantilla con señal de autoridad,0,1,0,0,14,25-34,M,Tecnica,317,synthetic_user_317@example.com,synthetic-uid-317,1,0,0,0,0,0,0,0.08211903774367538,0
synthetic,11,launched,email,,2,Autoridad,Comunicado institucional,Plantilla con señal de autoridad,0,1,0,0,14,25-34,M,Tecnica,318,synthetic_user_318@example.com,synthetic-uid-318,1,0,0,0,0,0,0,0.08211903774367538,0
synthetic,11,launched,email,,2,Autoridad,Comunicado institucional,Plantilla con señal de autoridad,0,1,0,0,14,25-34,M,Tecnica,319,synthetic_user_319@example.com,synthetic-uid-319,1,0,0,0,0,0,0,0.08211903774367538,0
synthetic,11,launched,email,,2,Autoridad,Comunicado institucional,Plantilla con señal de autoridad,0,1,0,0,14,25-34,M,Tecnica,320,synthetic_user_320@example.com,synthetic-uid-320,1,0,0,0,0,0,0,0.08211903774367538,0
synthetic,11,launched,email,,2,Autoridad,Comunicado institucional,Plantilla con señal de autoridad,0,1,0,0,14,25-34,M,Tecnica,321,synthetic_user_321@example.com,synthetic-uid-321,1,1,0,0,1,0,0,0.08211903774367538,0
synthetic,11,launched,email,,2,Autoridad,Comunicado institucional,Plantilla con señal de autoridad,0,1,0,0,14,25-34,M,Tecnica,322,synthetic_user_322@example.com,synthetic-uid-322,1,0,0,0,0,0,0,0.08211903774367538,0
synthetic,11,launched,email,,2,Autoridad,Comunicado institucional,Plantilla con señal de autoridad,0,1,0,0,14,25-34,M,Tecnica,323,synthetic_user_323@example.com,synthetic-uid-323,1,0,0,0,0,0,0,0.08211903774367538,0
synthetic,11,launched,email,,2,Autoridad,Comunicado institucional,Plantilla con señal de autoridad,0,1,0,0,14,25-34,M,Tecnica,324,synthetic_user_324@example.com,synthetic-uid-324,1,0,0,0,0,0,0,0.08211903774367538,0
synthetic,11,launched,email,,2,Autoridad,Comunicado institucional,Plantilla con señal de autoridad,0,1,0,0,14,25-34,M,Tecnica,325,synthetic_user_325@example.com,synthetic-uid-325,1,0,0,0,0,0,0,0.08211903774367538,0
synthetic,11,launched,email,,2,Autoridad,Comunicado institucional,Plantilla con señal de autoridad,0,1,0,0,14,25-34,M,Tecnica,326,synthetic_user_326@example.com,synthetic-uid-326,1,1,0,0,1,0,0,0.08211903774367538,0
synthetic,11,launched,email,,2,Autoridad,Comunicado institucional,Plantilla con señal de autoridad,0,1,0,0,14,25-34,M,Tecnica,327,synthetic_user_327@example.com,synthetic-uid-327,1,0,0,0,0,0,0,0.08211903774367538,0
synthetic,11,launched,email,,2,Autoridad,Comunicado institucional,Plantilla con señal de autoridad,0,1,0,0,14,25-34,M,Tecnica,328,synthetic_user_328@example.com,synthetic-uid-328,1,0,0,0,0,0,0,0.08211903774367538,0
synthetic,11,launched,email,,2,Autoridad,Comunicado institucional,Plantilla con señal de autoridad,0,1,0,0,14,25-34,M,Tecnica,329,synthetic_user_329@example.com,synthetic-uid-329,1,0,0,0,0,0,0,0.08211903774367538,0
synthetic,11,launched,email,,2,Autoridad,Comunicado institucional,Plantilla con señal de autoridad,0,1,0,0,14,25-34,M,Tecnica,330,synthetic_user_330@example.com,synthetic-uid-330,1,0,0,0,0,0,0,0.08211903774367538,0
synthetic,12,launched,email,,2,Autoridad,Comunicado institucional,Plantilla con señal de autoridad,0,1,0,0,8,18-24,M,Posgrado,331,synthetic_user_331@example.com,synthetic-uid-331,1,0,0,0,0,0,0,0.04137366833239315,0
synthetic,12,launched,email,,2,Autoridad,Comunicado institucional,Plantilla con señal de autoridad,0,1,0,0,8,18-24,M,Posgrado,332,synthetic_user_332@example.com,synthetic-uid-332,1,0,0,0,0,0,0,0.04137366833239315,0
synthetic,12,launched,email,,2,Autoridad,Comunicado institucional,Plantilla con señal de autoridad,0,1,0,0,8,18-24,M,Posgrado,333,synthetic_user_333@example.com,synthetic-uid-333,1,0,0,0,0,0,0,0.04137366833239315,0
synthetic,12,launched,email,,2,Autoridad,Comunicado institucional,Plantilla con señal de autoridad,0,1,0,0,8,18-24,M,Posgrado,334,synthetic_user_334@example.com,synthetic-uid-334,1,0,0,0,0,0,0,0.04137366833239315,0
synthetic,12,launched,email,,2,Autoridad,Comunicado institucional,Plantilla con señal de autoridad,0,1,0,0,8,18-24,M,Posgrado,335,synthetic_user_335@example.com,synthetic-uid-335,1,0,0,0,0,0,0,0.04137366833239315,0
synthetic,12,launched,email,,2,Autoridad,Comunicado institucional,Plantilla con señal de autoridad,0,1,0,0,8,18-24,M,Posgrado,336,synthetic_user_336@example.com,synthetic-uid-336,1,0,0,0,0,0,0,0.04137366833239315,0
synthetic,12,launched,email,,2,Autoridad,Comunicado institucional,Plantilla con señal de autoridad,0,1,0,0,8,18-24,M,Posgrado,337,synthetic_user_337@example.com,synthetic-uid-337,1,0,0,0,0,0,0,0.04137366833239315,0
synthetic,12,launched,email,,2,Autoridad,Comunicado institucional,Plantilla con señal de autoridad,0,1,0,0,8,18-24,M,Posgrado,338,synthetic_user_338@example.com,synthetic-uid-338,1,0,0,0,0,0,0,0.04137366833239315,0
synthetic,12,launched,email,,2,Autoridad,Comunicado institucional,Plantilla con señal de autoridad,0,1,0,0,8,18-24,M,Posgrado,339,synthetic_user_339@example.com,synthetic-uid-339,1,0,0,0,0,0,0,0.04137366833239315,0
synthetic,12,launched,email,,2,Autoridad,Comunicado institucional,Plantilla con señal de autoridad,0,1,0,0,8,18-24,M,Posgrado,340,synthetic_user_340@example.com,synthetic-uid-340,1,0,0,0,0,0,0,0.04137366833239315,0
synthetic,12,launched,email,,2,Autoridad,Comunicado institucional,Plantilla con señal de autoridad,0,1,0,0,8,18-24,M,Posgrado,341,synthetic_user_341@example.com,synthetic-uid-341,1,0,0,0,0,0,0,0.04137366833239315,0
synthetic,12,launched,email,,2,Autoridad,Comunicado institucional,Plantilla con señal de autoridad,0,1,0,0,8,18-24,M,Posgrado,342,synthetic_user_342@example.com,synthetic-uid-342,1,0,0,0,0,0,0,0.04137366833239315,0
synthetic,12,launched,email,,2,Autoridad,Comunicado institucional,Plantilla con señal de autoridad,0,1,0,0,8,18-24,M,Posgrado,343,synthetic_user_343@example.com,synthetic-uid-343,1,0,0,0,0,0,0,0.04137366833239315,0
synthetic,12,launched,email,,2,Autoridad,Comunicado institucional,Plantilla con señal de autoridad,0,1,0,0,8,18-24,M,Posgrado,344,synthetic_user_344@example.com,synthetic-uid-344,1,0,0,0,0,0,0,0.04137366833239315,0
synthetic,12,launched,email,,2,Autoridad,Comunicado institucional,Plantilla con señal de autoridad,0,1,0,0,8,18-24,M,Posgrado,345,synthetic_user_345@example.com,synthetic-uid-345,1,0,0,0,0,0,0,0.04137366833239315,0
synthetic,12,launched,email,,2,Autoridad,Comunicado institucional,Plantilla con señal de autoridad,0,1,0,0,8,18-24,M,Posgrado,346,synthetic_user_346@example.com,synthetic-uid-346,1,1,0,0,1,0,0,0.04137366833239315,0
synthetic,12,launched,email,,2,Autoridad,Comunicado institucional,Plantilla con señal de autoridad,0,1,0,0,8,18-24,M,Posgrado,347,synthetic_user_347@example.com,synthetic-uid-347,1,0,0,0,0,0,0,0.04137366833239315,0
synthetic,12,launched,email,,2,Autoridad,Comunicado institucional,Plantilla con señal de autoridad,0,1,0,0,8,18-24,M,Posgrado,348,synthetic_user_348@example.com,synthetic-uid-348,1,0,0,0,0,0,0,0.04137366833239315,0
synthetic,12,launched,email,,2,Autoridad,Comunicado institucional,Plantilla con señal de autoridad,0,1,0,0,8,18-24,M,Posgrado,349,synthetic_user_349@example.com,synthetic-uid-349,1,0,0,0,0,0,0,0.04137366833239315,0
synthetic,12,launched,email,,2,Autoridad,Comunicado institucional,Plantilla con señal de autoridad,0,1,0,0,8,18-24,M,Posgrado,350,synthetic_user_350@example.com,synthetic-uid-350,1,0,0,0,0,0,0,0.04137366833239315,0
synthetic,12,launched,email,,2,Autoridad,Comunicado institucional,Plantilla con señal de autoridad,0,1,0,0,8,18-24,M,Posgrado,351,synthetic_user_351@example.com,synthetic-uid-351,1,1,1,0,1,1,0,0.04137366833239315,0
synthetic,12,launched,email,,2,Autoridad,Comunicado institucional,Plantilla con señal de autoridad,0,1,0,0,8,18-24,M,Posgrado,352,synthetic_user_352@example.com,synthetic-uid-352,1,1,0,0,1,0,0,0.04137366833239315,0
synthetic,12,launched,email,,2,Autoridad,Comunicado institucional,Plantilla con señal de autoridad,0,1,0,0,8,18-24,M,Posgrado,353,synthetic_user_353@example.com,synthetic-uid-353,1,1,0,0,1,0,0,0.04137366833239315,0
synthetic,12,launched,email,,2,Autoridad,Comunicado institucional,Plantilla con señal de autoridad,0,1,0,0,8,18-24,M,Posgrado,354,synthetic_user_354@example.com,synthetic-uid-354,1,1,0,0,1,0,0,0.04137366833239315,0
synthetic,12,launched,email,,2,Autoridad,Comunicado institucional,Plantilla con señal de autoridad,0,1,0,0,8,18-24,M,Posgrado,355,synthetic_user_355@example.com,synthetic-uid-355,1,0,0,0,0,0,0,0.04137366833239315,0
synthetic,12,launched,email,,2,Autoridad,Comunicado institucional,Plantilla con señal de autoridad,0,1,0,0,8,18-24,M,Posgrado,356,synthetic_user_356@example.com,synthetic-uid-356,1,0,0,0,0,0,0,0.04137366833239315,0
synthetic,12,launched,email,,2,Autoridad,Comunicado institucional,Plantilla con señal de autoridad,0,1,0,0,8,18-24,M,Posgrado,357,synthetic_user_357@example.com,synthetic-uid-357,1,1,0,0,1,0,0,0.04137366833239315,0
synthetic,12,launched,email,,2,Autoridad,Comunicado institucional,Plantilla con señal de autoridad,0,1,0,0,8,18-24,M,Posgrado,358,synthetic_user_358@example.com,synthetic-uid-358,1,0,0,0,0,0,0,0.04137366833239315,0
synthetic,12,launched,email,,2,Autoridad,Comunicado institucional,Plantilla con señal de autoridad,0,1,0,0,8,18-24,M,Posgrado,359,synthetic_user_359@example.com,synthetic-uid-359,1,0,0,0,0,0,0,0.04137366833239315,0
synthetic,12,launched,email,,2,Autoridad,Comunicado institucional,Plantilla con señal de autoridad,0,1,0,0,8,18-24,M,Posgrado,360,synthetic_user_360@example.com,synthetic-uid-360,1,1,0,0,1,0,0,0.04137366833239315,0
synthetic,13,launched,email,,2,Autoridad,Comunicado institucional,Plantilla con señal de autoridad,0,1,0,0,38,55+,M,Tecnica,361,synthetic_user_361@example.com,synthetic-uid-361,1,0,0,0,0,0,0,0.041703251862133014,0
synthetic,13,launched,email,,2,Autoridad,Comunicado institucional,Plantilla con señal de autoridad,0,1,0,0,38,55+,M,Tecnica,362,synthetic_user_362@example.com,synthetic-uid-362,1,1,0,0,1,0,0,0.041703251862133014,0
synthetic,13,launched,email,,2,Autoridad,Comunicado institucional,Plantilla con señal de autoridad,0,1,0,0,38,55+,M,Tecnica,363,synthetic_user_363@example.com,synthetic-uid-363,1,0,0,0,0,0,0,0.041703251862133014,0
synthetic,13,launched,email,,2,Autoridad,Comunicado institucional,Plantilla con señal de autoridad,0,1,0,0,38,55+,M,Tecnica,364,synthetic_user_364@example.com,synthetic-uid-364,1,0,0,0,0,0,0,0.041703251862133014,0
synthetic,13,launched,email,,2,Autoridad,Comunicado institucional,Plantilla con señal de autoridad,0,1,0,0,38,55+,M,Tecnica,365,synthetic_user_365@example.com,synthetic-uid-365,1,0,0,0,0,0,0,0.041703251862133014,0
synthetic,13,launched,email,,2,Autoridad,Comunicado institucional,Plantilla con señal de autoridad,0,1,0,0,38,55+,M,Tecnica,366,synthetic_user_366@example.com,synthetic-uid-366,1,0,0,0,0,0,0,0.041703251862133014,0
synthetic,13,launched,email,,2,Autoridad,Comunicado institucional,Plantilla con señal de autoridad,0,1,0,0,38,55+,M,Tecnica,367,synthetic_user_367@example.com,synthetic-uid-367,1,0,0,0,0,0,0,0.041703251862133014,0
synthetic,13,launched,email,,2,Autoridad,Comunicado institucional,Plantilla con señal de autoridad,0,1,0,0,38,55+,M,Tecnica,368,synthetic_user_368@example.com,synthetic-uid-368,1,0,0,0,0,0,0,0.041703251862133014,0
synthetic,13,launched,email,,2,Autoridad,Comunicado institucional,Plantilla con señal de autoridad,0,1,0,0,38,55+,M,Tecnica,369,synthetic_user_369@example.com,synthetic-uid-369,1,0,0,0,0,0,0,0.041703251862133014,0
synthetic,13,launched,email,,2,Autoridad,Comunicado institucional,Plantilla con señal de autoridad,0,1,0,0,38,55+,M,Tecnica,370,synthetic_user_370@example.com,synthetic-uid-370,1,0,0,0,0,0,0,0.041703251862133014,0
synthetic,13,launched,email,,2,Autoridad,Comunicado institucional,Plantilla con señal de autoridad,0,1,0,0,38,55+,M,Tecnica,371,synthetic_user_371@example.com,synthetic-uid-371,1,0,0,0,0,0,0,0.041703251862133014,0
synthetic,13,launched,email,,2,Autoridad,Comunicado institucional,Plantilla con señal de autoridad,0,1,0,0,38,55+,M,Tecnica,372,synthetic_user_372@example.com,synthetic-uid-372,1,0,0,0,0,0,0,0.041703251862133014,0
synthetic,13,launched,email,,2,Autoridad,Comunicado institucional,Plantilla con señal de autoridad,0,1,0,0,38,55+,M,Tecnica,373,synthetic_user_373@example.com,synthetic-uid-373,1,0,0,0,0,0,0,0.041703251862133014,0
synthetic,13,launched,email,,2,Autoridad,Comunicado institucional,Plantilla con señal de autoridad,0,1,0,0,38,55+,M,Tecnica,374,synthetic_user_374@example.com,synthetic-uid-374,1,0,0,0,0,0,0,0.041703251862133014,0
synthetic,13,launched,email,,2,Autoridad,Comunicado institucional,Plantilla con señal de autoridad,0,1,0,0,38,55+,M,Tecnica,375,synthetic_user_375@example.com,synthetic-uid-375,1,1,0,0,1,0,0,0.041703251862133014,0
synthetic,13,launched,email,,2,Autoridad,Comunicado institucional,Plantilla con señal de autoridad,0,1,0,0,38,55+,M,Tecnica,376,synthetic_user_376@example.com,synthetic-uid-376,1,0,0,0,0,0,0,0.041703251862133014,0
synthetic,13,launched,email,,2,Autoridad,Comunicado institucional,Plantilla con señal de autoridad,0,1,0,0,38,55+,M,Tecnica,377,synthetic_user_377@example.com,synthetic-uid-377,1,0,0,0,0,0,0,0.041703251862133014,0
synthetic,13,launched,email,,2,Autoridad,Comunicado institucional,Plantilla con señal de autoridad,0,1,0,0,38,55+,M,Tecnica,378,synthetic_user_378@example.com,synthetic-uid-378,1,0,0,0,0,0,0,0.041703251862133014,0
synthetic,13,launched,email,,2,Autoridad,Comunicado institucional,Plantilla con señal de autoridad,0,1,0,0,38,55+,M,Tecnica,379,synthetic_user_379@example.com,synthetic-uid-379,1,0,0,0,0,0,0,0.041703251862133014,0
synthetic,13,launched,email,,2,Autoridad,Comunicado institucional,Plantilla con señal de autoridad,0,1,0,0,38,55+,M,Tecnica,380,synthetic_user_380@example.com,synthetic-uid-380,1,0,0,0,0,0,0,0.041703251862133014,0
synthetic,13,launched,email,,2,Autoridad,Comunicado institucional,Plantilla con señal de autoridad,0,1,0,0,38,55+,M,Tecnica,381,synthetic_user_381@example.com,synthetic-uid-381,1,0,0,0,0,0,0,0.041703251862133014,0
synthetic,13,launched,email,,2,Autoridad,Comunicado institucional,Plantilla con señal de autoridad,0,1,0,0,38,55+,M,Tecnica,382,synthetic_user_382@example.com,synthetic-uid-382,1,0,0,0,0,0,0,0.041703251862133014,0
synthetic,13,launched,email,,2,Autoridad,Comunicado institucional,Plantilla con señal de autoridad,0,1,0,0,38,55+,M,Tecnica,383,synthetic_user_383@example.com,synthetic-uid-383,1,0,0,0,0,0,0,0.041703251862133014,0
synthetic,13,launched,email,,2,Autoridad,Comunicado institucional,Plantilla con señal de autoridad,0,1,0,0,38,55+,M,Tecnica,384,synthetic_user_384@example.com,synthetic-uid-384,1,0,0,0,0,0,0,0.041703251862133014,0
synthetic,13,launched,email,,2,Autoridad,Comunicado institucional,Plantilla con señal de autoridad,0,1,0,0,38,55+,M,Tecnica,385,synthetic_user_385@example.com,synthetic-uid-385,1,0,0,0,0,0,0,0.041703251862133014,0
synthetic,13,launched,email,,2,Autoridad,Comunicado institucional,Plantilla con señal de autoridad,0,1,0,0,38,55+,M,Tecnica,386,synthetic_user_386@example.com,synthetic-uid-386,1,0,0,0,0,0,0,0.041703251862133014,0
synthetic,13,launched,email,,2,Autoridad,Comunicado institucional,Plantilla con señal de autoridad,0,1,0,0,38,55+,M,Tecnica,387,synthetic_user_387@example.com,synthetic-uid-387,1,1,0,0,1,0,0,0.041703251862133014,0
synthetic,13,launched,email,,2,Autoridad,Comunicado institucional,Plantilla con señal de autoridad,0,1,0,0,38,55+,M,Tecnica,388,synthetic_user_388@example.com,synthetic-uid-388,1,0,0,0,0,0,0,0.041703251862133014,0
synthetic,13,launched,email,,2,Autoridad,Comunicado institucional,Plantilla con señal de autoridad,0,1,0,0,38,55+,M,Tecnica,389,synthetic_user_389@example.com,synthetic-uid-389,1,1,0,0,1,0,0,0.041703251862133014,0
synthetic,13,launched,email,,2,Autoridad,Comunicado institucional,Plantilla con señal de autoridad,0,1,0,0,38,55+,M,Tecnica,390,synthetic_user_390@example.com,synthetic-uid-390,1,0,0,0,0,0,0,0.041703251862133014,0
synthetic,14,launched,email,,2,Autoridad,Comunicado institucional,Plantilla con señal de autoridad,0,1,0,0,30,45-54,M,Tecnica,391,synthetic_user_391@example.com,synthetic-uid-391,1,0,0,0,0,0,0,0.10161732168469378,0
synthetic,14,launched,email,,2,Autoridad,Comunicado institucional,Plantilla con señal de autoridad,0,1,0,0,30,45-54,M,Tecnica,392,synthetic_user_392@example.com,synthetic-uid-392,1,0,0,0,0,0,0,0.10161732168469378,0
synthetic,14,launched,email,,2,Autoridad,Comunicado institucional,Plantilla con señal de autoridad,0,1,0,0,30,45-54,M,Tecnica,393,synthetic_user_393@example.com,synthetic-uid-393,1,0,0,0,0,0,0,0.10161732168469378,0
synthetic,14,launched,email,,2,Autoridad,Comunicado institucional,Plantilla con señal de autoridad,0,1,0,0,30,45-54,M,Tecnica,394,synthetic_user_394@example.com,synthetic-uid-394,1,0,0,0,0,0,0,0.10161732168469378,0
synthetic,14,launched,email,,2,Autoridad,Comunicado institucional,Plantilla con señal de autoridad,0,1,0,0,30,45-54,M,Tecnica,395,synthetic_user_395@example.com,synthetic-uid-395,1,0,0,0,0,0,0,0.10161732168469378,0
synthetic,14,launched,email,,2,Autoridad,Comunicado institucional,Plantilla con señal de autoridad,0,1,0,0,30,45-54,M,Tecnica,396,synthetic_user_396@example.com,synthetic-uid-396,1,1,1,0,1,1,0,0.10161732168469378,0
synthetic,14,launched,email,,2,Autoridad,Comunicado institucional,Plantilla con señal de autoridad,0,1,0,0,30,45-54,M,Tecnica,397,synthetic_user_397@example.com,synthetic-uid-397,1,1,0,0,1,0,0,0.10161732168469378,0
synthetic,14,launched,email,,2,Autoridad,Comunicado institucional,Plantilla con señal de autoridad,0,1,0,0,30,45-54,M,Tecnica,398,synthetic_user_398@example.com,synthetic-uid-398,1,0,0,0,0,0,0,0.10161732168469378,0
synthetic,14,launched,email,,2,Autoridad,Comunicado institucional,Plantilla con señal de autoridad,0,1,0,0,30,45-54,M,Tecnica,399,synthetic_user_399@example.com,synthetic-uid-399,1,0,0,0,0,0,0,0.10161732168469378,0
synthetic,14,launched,email,,2,Autoridad,Comunicado institucional,Plantilla con señal de autoridad,0,1,0,0,30,45-54,M,Tecnica,400,synthetic_user_400@example.com,synthetic-uid-400,1,0,0,0,0,0,0,0.10161732168469378,0
synthetic,14,launched,email,,2,Autoridad,Comunicado institucional,Plantilla con señal de autoridad,0,1,0,0,30,45-54,M,Tecnica,401,synthetic_user_401@example.com,synthetic-uid-401,1,0,0,0,0,0,0,0.10161732168469378,0
synthetic,14,launched,email,,2,Autoridad,Comunicado institucional,Plantilla con señal de autoridad,0,1,0,0,30,45-54,M,Tecnica,402,synthetic_user_402@example.com,synthetic-uid-402,1,0,0,0,0,0,0,0.10161732168469378,0
synthetic,14,launched,email,,2,Autoridad,Comunicado institucional,Plantilla con señal de autoridad,0,1,0,0,30,45-54,M,Tecnica,403,synthetic_user_403@example.com,synthetic-uid-403,1,0,0,0,0,0,0,0.10161732168469378,0
synthetic,14,launched,email,,2,Autoridad,Comunicado institucional,Plantilla con señal de autoridad,0,1,0,0,30,45-54,M,Tecnica,404,synthetic_user_404@example.com,synthetic-uid-404,1,0,0,0,0,0,0,0.10161732168469378,0
synthetic,14,launched,email,,2,Autoridad,Comunicado institucional,Plantilla con señal de autoridad,0,1,0,0,30,45-54,M,Tecnica,405,synthetic_user_405@example.com,synthetic-uid-405,1,1,1,0,1,1,0,0.10161732168469378,0
synthetic,14,launched,email,,2,Autoridad,Comunicado institucional,Plantilla con señal de autoridad,0,1,0,0,30,45-54,M,Tecnica,406,synthetic_user_406@example.com,synthetic-uid-406,1,1,1,0,1,1,0,0.10161732168469378,0
synthetic,14,launched,email,,2,Autoridad,Comunicado institucional,Plantilla con señal de autoridad,0,1,0,0,30,45-54,M,Tecnica,407,synthetic_user_407@example.com,synthetic-uid-407,1,0,0,0,0,0,0,0.10161732168469378,0
synthetic,14,launched,email,,2,Autoridad,Comunicado institucional,Plantilla con señal de autoridad,0,1,0,0,30,45-54,M,Tecnica,408,synthetic_user_408@example.com,synthetic-uid-408,1,0,0,0,0,0,0,0.10161732168469378,0
synthetic,14,launched,email,,2,Autoridad,Comunicado institucional,Plantilla con señal de autoridad,0,1,0,0,30,45-54,M,Tecnica,409,synthetic_user_409@example.com,synthetic-uid-409,1,1,0,0,1,0,0,0.10161732168469378,0
synthetic,14,launched,email,,2,Autoridad,Comunicado institucional,Plantilla con señal de autoridad,0,1,0,0,30,45-54,M,Tecnica,410,synthetic_user_410@example.com,synthetic-uid-410,1,0,0,0,0,0,0,0.10161732168469378,0
synthetic,14,launched,email,,2,Autoridad,Comunicado institucional,Plantilla con señal de autoridad,0,1,0,0,30,45-54,M,Tecnica,411,synthetic_user_411@example.com,synthetic-uid-411,1,1,0,0,1,0,0,0.10161732168469378,0
synthetic,14,launched,email,,2,Autoridad,Comunicado institucional,Plantilla con señal de autoridad,0,1,0,0,30,45-54,M,Tecnica,412,synthetic_user_412@example.com,synthetic-uid-412,1,0,0,0,0,0,0,0.10161732168469378,0
synthetic,14,launched,email,,2,Autoridad,Comunicado institucional,Plantilla con señal de autoridad,0,1,0,0,30,45-54,M,Tecnica,413,synthetic_user_413@example.com,synthetic-uid-413,1,1,0,0,1,0,0,0.10161732168469378,0
synthetic,14,launched,email,,2,Autoridad,Comunicado institucional,Plantilla con señal de autoridad,0,1,0,0,30,45-54,M,Tecnica,414,synthetic_user_414@example.com,synthetic-uid-414,1,0,0,0,0,0,0,0.10161732168469378,0
synthetic,14,launched,email,,2,Autoridad,Comunicado institucional,Plantilla con señal de autoridad,0,1,0,0,30,45-54,M,Tecnica,415,synthetic_user_415@example.com,synthetic-uid-415,1,1,1,0,1,1,0,0.10161732168469378,0
synthetic,14,launched,email,,2,Autoridad,Comunicado institucional,Plantilla con señal de autoridad,0,1,0,0,30,45-54,M,Tecnica,416,synthetic_user_416@example.com,synthetic-uid-416,1,0,0,0,0,0,0,0.10161732168469378,0
synthetic,14,launched,email,,2,Autoridad,Comunicado institucional,Plantilla con señal de autoridad,0,1,0,0,30,45-54,M,Tecnica,417,synthetic_user_417@example.com,synthetic-uid-417,1,0,0,0,0,0,0,0.10161732168469378,0
synthetic,14,launched,email,,2,Autoridad,Comunicado institucional,Plantilla con señal de autoridad,0,1,0,0,30,45-54,M,Tecnica,418,synthetic_user_418@example.com,synthetic-uid-418,1,0,0,0,0,0,0,0.10161732168469378,0
synthetic,14,launched,email,,2,Autoridad,Comunicado institucional,Plantilla con señal de autoridad,0,1,0,0,30,45-54,M,Tecnica,419,synthetic_user_419@example.com,synthetic-uid-419,1,0,0,0,0,0,0,0.10161732168469378,0
synthetic,14,launched,email,,2,Autoridad,Comunicado institucional,Plantilla con señal de autoridad,0,1,0,0,30,45-54,M,Tecnica,420,synthetic_user_420@example.com,synthetic-uid-420,1,0,0,0,0,0,0,0.10161732168469378,0
synthetic,15,launched,email,,2,Autoridad,Comunicado institucional,Plantilla con señal de autoridad,0,1,0,0,5,18-24,M,Secundaria,421,synthetic_user_421@example.com,synthetic-uid-421,1,0,0,0,0,0,0,0.04105293852851645,0
synthetic,15,launched,email,,2,Autoridad,Comunicado institucional,Plantilla con señal de autoridad,0,1,0,0,5,18-24,M,Secundaria,422,synthetic_user_422@example.com,synthetic-uid-422,1,0,0,0,0,0,0,0.04105293852851645,0
synthetic,15,launched,email,,2,Autoridad,Comunicado institucional,Plantilla con señal de autoridad,0,1,0,0,5,18-24,M,Secundaria,423,synthetic_user_423@example.com,synthetic-uid-423,1,1,0,0,1,0,0,0.04105293852851645,0
synthetic,15,launched,email,,2,Autoridad,Comunicado institucional,Plantilla con señal de autoridad,0,1,0,0,5,18-24,M,Secundaria,424,synthetic_user_424@example.com,synthetic-uid-424,1,1,0,0,1,0,0,0.04105293852851645,0
synthetic,15,launched,email,,2,Autoridad,Comunicado institucional,Plantilla con señal de autoridad,0,1,0,0,5,18-24,M,Secundaria,425,synthetic_user_425@example.com,synthetic-uid-425,1,0,0,0,0,0,0,0.04105293852851645,0
synthetic,15,launched,email,,2,Autoridad,Comunicado institucional,Plantilla con señal de autoridad,0,1,0,0,5,18-24,M,Secundaria,426,synthetic_user_426@example.com,synthetic-uid-426,1,0,0,0,0,0,0,0.04105293852851645,0
synthetic,15,launched,email,,2,Autoridad,Comunicado institucional,Plantilla con señal de autoridad,0,1,0,0,5,18-24,M,Secundaria,427,synthetic_user_427@example.com,synthetic-uid-427,1,0,0,0,0,0,0,0.04105293852851645,0
synthetic,15,launched,email,,2,Autoridad,Comunicado institucional,Plantilla con señal de autoridad,0,1,0,0,5,18-24,M,Secundaria,428,synthetic_user_428@example.com,synthetic-uid-428,1,1,0,0,1,0,0,0.04105293852851645,0
synthetic,15,launched,email,,2,Autoridad,Comunicado institucional,Plantilla con señal de autoridad,0,1,0,0,5,18-24,M,Secundaria,429,synthetic_user_429@example.com,synthetic-uid-429,1,0,0,0,0,0,0,0.04105293852851645,0
synthetic,15,launched,email,,2,Autoridad,Comunicado institucional,Plantilla con señal de autoridad,0,1,0,0,5,18-24,M,Secundaria,430,synthetic_user_430@example.com,synthetic-uid-430,1,1,0,0,1,0,0,0.04105293852851645,0
synthetic,15,launched,email,,2,Autoridad,Comunicado institucional,Plantilla con señal de autoridad,0,1,0,0,5,18-24,M,Secundaria,431,synthetic_user_431@example.com,synthetic-uid-431,1,1,0,0,1,0,0,0.04105293852851645,0
synthetic,15,launched,email,,2,Autoridad,Comunicado institucional,Plantilla con señal de autoridad,0,1,0,0,5,18-24,M,Secundaria,432,synthetic_user_432@example.com,synthetic-uid-432,1,0,0,0,0,0,0,0.04105293852851645,0
synthetic,15,launched,email,,2,Autoridad,Comunicado institucional,Plantilla con señal de autoridad,0,1,0,0,5,18-24,M,Secundaria,433,synthetic_user_433@example.com,synthetic-uid-433,1,0,0,0,0,0,0,0.04105293852851645,0
synthetic,15,launched,email,,2,Autoridad,Comunicado institucional,Plantilla con señal de autoridad,0,1,0,0,5,18-24,M,Secundaria,434,synthetic_user_434@example.com,synthetic-uid-434,1,1,0,0,1,0,0,0.04105293852851645,0
synthetic,15,launched,email,,2,Autoridad,Comunicado institucional,Plantilla con señal de autoridad,0,1,0,0,5,18-24,M,Secundaria,435,synthetic_user_435@example.com,synthetic-uid-435,1,0,0,0,0,0,0,0.04105293852851645,0
synthetic,15,launched,email,,2,Autoridad,Comunicado institucional,Plantilla con señal de autoridad,0,1,0,0,5,18-24,M,Secundaria,436,synthetic_user_436@example.com,synthetic-uid-436,1,1,1,0,1,1,0,0.04105293852851645,0
synthetic,15,launched,email,,2,Autoridad,Comunicado institucional,Plantilla con señal de autoridad,0,1,0,0,5,18-24,M,Secundaria,437,synthetic_user_437@example.com,synthetic-uid-437,1,0,0,0,0,0,0,0.04105293852851645,0
synthetic,15,launched,email,,2,Autoridad,Comunicado institucional,Plantilla con señal de autoridad,0,1,0,0,5,18-24,M,Secundaria,438,synthetic_user_438@example.com,synthetic-uid-438,1,0,0,0,0,0,0,0.04105293852851645,0
synthetic,15,launched,email,,2,Autoridad,Comunicado institucional,Plantilla con señal de autoridad,0,1,0,0,5,18-24,M,Secundaria,439,synthetic_user_439@example.com,synthetic-uid-439,1,0,0,0,0,0,0,0.04105293852851645,0
synthetic,15,launched,email,,2,Autoridad,Comunicado institucional,Plantilla con señal de autoridad,0,1,0,0,5,18-24,M,Secundaria,440,synthetic_user_440@example.com,synthetic-uid-440,1,0,0,0,0,0,0,0.04105293852851645,0
synthetic,15,launched,email,,2,Autoridad,Comunicado institucional,Plantilla con señal de autoridad,0,1,0,0,5,18-24,M,Secundaria,441,synthetic_user_441@example.com,synthetic-uid-441,1,0,0,0,0,0,0,0.04105293852851645,0
synthetic,15,launched,email,,2,Autoridad,Comunicado institucional,Plantilla con señal de autoridad,0,1,0,0,5,18-24,M,Secundaria,442,synthetic_user_442@example.com,synthetic-uid-442,1,0,0,0,0,0,0,0.04105293852851645,0
synthetic,15,launched,email,,2,Autoridad,Comunicado institucional,Plantilla con señal de autoridad,0,1,0,0,5,18-24,M,Secundaria,443,synthetic_user_443@example.com,synthetic-uid-443,1,0,0,0,0,0,0,0.04105293852851645,0
synthetic,15,launched,email,,2,Autoridad,Comunicado institucional,Plantilla con señal de autoridad,0,1,0,0,5,18-24,M,Secundaria,444,synthetic_user_444@example.com,synthetic-uid-444,1,0,0,0,0,0,0,0.04105293852851645,0
synthetic,15,launched,email,,2,Autoridad,Comunicado institucional,Plantilla con señal de autoridad,0,1,0,0,5,18-24,M,Secundaria,445,synthetic_user_445@example.com,synthetic-uid-445,1,1,1,0,1,1,0,0.04105293852851645,0
synthetic,15,launched,email,,2,Autoridad,Comunicado institucional,Plantilla con señal de autoridad,0,1,0,0,5,18-24,M,Secundaria,446,synthetic_user_446@example.com,synthetic-uid-446,1,0,0,0,0,0,0,0.04105293852851645,0
synthetic,15,launched,email,,2,Autoridad,Comunicado institucional,Plantilla con señal de autoridad,0,1,0,0,5,18-24,M,Secundaria,447,synthetic_user_447@example.com,synthetic-uid-447,1,1,0,0,1,0,0,0.04105293852851645,0
synthetic,15,launched,email,,2,Autoridad,Comunicado institucional,Plantilla con señal de autoridad,0,1,0,0,5,18-24,M,Secundaria,448,synthetic_user_448@example.com,synthetic-uid-448,1,0,0,0,0,0,0,0.04105293852851645,0
synthetic,15,launched,email,,2,Autoridad,Comunicado institucional,Plantilla con señal de autoridad,0,1,0,0,5,18-24,M,Secundaria,449,synthetic_user_449@example.com,synthetic-uid-449,1,0,0,0,0,0,0,0.04105293852851645,0
synthetic,15,launched,email,,2,Autoridad,Comunicado institucional,Plantilla con señal de autoridad,0,1,0,0,5,18-24,M,Secundaria,450,synthetic_user_450@example.com,synthetic-uid-450,1,0,0,0,0,0,0,0.04105293852851645,0
synthetic,16,launched,email,,2,Autoridad,Comunicado institucional,Plantilla con señal de autoridad,0,1,0,0,22,35-44,M,Tecnica,451,synthetic_user_451@example.com,synthetic-uid-451,1,1,0,0,1,0,0,0.03963430036740622,0
synthetic,16,launched,email,,2,Autoridad,Comunicado institucional,Plantilla con señal de autoridad,0,1,0,0,22,35-44,M,Tecnica,452,synthetic_user_452@example.com,synthetic-uid-452,1,1,0,0,1,0,0,0.03963430036740622,0
synthetic,16,launched,email,,2,Autoridad,Comunicado institucional,Plantilla con señal de autoridad,0,1,0,0,22,35-44,M,Tecnica,453,synthetic_user_453@example.com,synthetic-uid-453,1,0,0,0,0,0,0,0.03963430036740622,0
synthetic,16,launched,email,,2,Autoridad,Comunicado institucional,Plantilla con señal de autoridad,0,1,0,0,22,35-44,M,Tecnica,454,synthetic_user_454@example.com,synthetic-uid-454,1,0,0,0,0,0,0,0.03963430036740622,0
synthetic,16,launched,email,,2,Autoridad,Comunicado institucional,Plantilla con señal de autoridad,0,1,0,0,22,35-44,M,Tecnica,455,synthetic_user_455@example.com,synthetic-uid-455,1,0,0,0,0,0,0,0.03963430036740622,0
synthetic,16,launched,email,,2,Autoridad,Comunicado institucional,Plantilla con señal de autoridad,0,1,0,0,22,35-44,M,Tecnica,456,synthetic_user_456@example.com,synthetic-uid-456,1,0,0,0,0,0,0,0.03963430036740622,0
synthetic,16,launched,email,,2,Autoridad,Comunicado institucional,Plantilla con señal de autoridad,0,1,0,0,22,35-44,M,Tecnica,457,synthetic_user_457@example.com,synthetic-uid-457,1,1,1,0,1,1,0,0.03963430036740622,0
synthetic,16,launched,email,,2,Autoridad,Comunicado institucional,Plantilla con señal de autoridad,0,1,0,0,22,35-44,M,Tecnica,458,synthetic_user_458@example.com,synthetic-uid-458,1,0,0,0,0,0,0,0.03963430036740622,0
synthetic,16,launched,email,,2,Autoridad,Comunicado institucional,Plantilla con señal de autoridad,0,1,0,0,22,35-44,M,Tecnica,459,synthetic_user_459@example.com,synthetic-uid-459,1,1,0,0,1,0,0,0.03963430036740622,0
synthetic,16,launched,email,,2,Autoridad,Comunicado institucional,Plantilla con señal de autoridad,0,1,0,0,22,35-44,M,Tecnica,460,synthetic_user_460@example.com,synthetic-uid-460,1,0,0,0,0,0,0,0.03963430036740622,0
synthetic,16,launched,email,,2,Autoridad,Comunicado institucional,Plantilla con señal de autoridad,0,1,0,0,22,35-44,M,Tecnica,461,synthetic_user_461@example.com,synthetic-uid-461,1,0,0,0,0,0,0,0.03963430036740622,0
synthetic,16,launched,email,,2,Autoridad,Comunicado institucional,Plantilla con señal de autoridad,0,1,0,0,22,35-44,M,Tecnica,462,synthetic_user_462@example.com,synthetic-uid-462,1,0,0,0,0,0,0,0.03963430036740622,0
synthetic,16,launched,email,,2,Autoridad,Comunicado institucional,Plantilla con señal de autoridad,0,1,0,0,22,35-44,M,Tecnica,463,synthetic_user_463@example.com,synthetic-uid-463,1,0,0,0,0,0,0,0.03963430036740622,0
synthetic,16,launched,email,,2,Autoridad,Comunicado institucional,Plantilla con señal de autoridad,0,1,0,0,22,35-44,M,Tecnica,464,synthetic_user_464@example.com,synthetic-uid-464,1,0,0,0,0,0,0,0.03963430036740622,0
synthetic,16,launched,email,,2,Autoridad,Comunicado institucional,Plantilla con señal de autoridad,0,1,0,0,22,35-44,M,Tecnica,465,synthetic_user_465@example.com,synthetic-uid-465,1,0,0,0,0,0,0,0.03963430036740622,0
synthetic,16,launched,email,,2,Autoridad,Comunicado institucional,Plantilla con señal de autoridad,0,1,0,0,22,35-44,M,Tecnica,466,synthetic_user_466@example.com,synthetic-uid-466,1,1,0,0,1,0,0,0.03963430036740622,0
synthetic,16,launched,email,,2,Autoridad,Comunicado institucional,Plantilla con señal de autoridad,0,1,0,0,22,35-44,M,Tecnica,467,synthetic_user_467@example.com,synthetic-uid-467,1,0,0,0,0,0,0,0.03963430036740622,0
synthetic,16,launched,email,,2,Autoridad,Comunicado institucional,Plantilla con señal de autoridad,0,1,0,0,22,35-44,M,Tecnica,468,synthetic_user_468@example.com,synthetic-uid-468,1,1,0,0,1,0,0,0.03963430036740622,0
synthetic,16,launched,email,,2,Autoridad,Comunicado institucional,Plantilla con señal de autoridad,0,1,0,0,22,35-44,M,Tecnica,469,synthetic_user_469@example.com,synthetic-uid-469,1,0,0,0,0,0,0,0.03963430036740622,0
synthetic,16,launched,email,,2,Autoridad,Comunicado institucional,Plantilla con señal de autoridad,0,1,0,0,22,35-44,M,Tecnica,470,synthetic_user_470@example.com,synthetic-uid-470,1,0,0,0,0,0,0,0.03963430036740622,0
synthetic,16,launched,email,,2,Autoridad,Comunicado institucional,Plantilla con señal de autoridad,0,1,0,0,22,35-44,M,Tecnica,471,synthetic_user_471@example.com,synthetic-uid-471,1,0,0,0,0,0,0,0.03963430036740622,0
synthetic,16,launched,email,,2,Autoridad,Comunicado institucional,Plantilla con señal de autoridad,0,1,0,0,22,35-44,M,Tecnica,472,synthetic_user_472@example.com,synthetic-uid-472,1,0,0,0,0,0,0,0.03963430036740622,0
synthetic,16,launched,email,,2,Autoridad,Comunicado institucional,Plantilla con señal de autoridad,0,1,0,0,22,35-44,M,Tecnica,473,synthetic_user_473@example.com,synthetic-uid-473,1,0,0,0,0,0,0,0.03963430036740622,0
synthetic,16,launched,email,,2,Autoridad,Comunicado institucional,Plantilla con señal de autoridad,0,1,0,0,22,35-44,M,Tecnica,474,synthetic_user_474@example.com,synthetic-uid-474,1,0,0,0,0,0,0,0.03963430036740622,0
synthetic,16,launched,email,,2,Autoridad,Comunicado institucional,Plantilla con señal de autoridad,0,1,0,0,22,35-44,M,Tecnica,475,synthetic_user_475@example.com,synthetic-uid-475,1,1,0,0,1,0,0,0.03963430036740622,0
synthetic,16,launched,email,,2,Autoridad,Comunicado institucional,Plantilla con señal de autoridad,0,1,0,0,22,35-44,M,Tecnica,476,synthetic_user_476@example.com,synthetic-uid-476,1,1,0,0,1,0,0,0.03963430036740622,0
synthetic,16,launched,email,,2,Autoridad,Comunicado institucional,Plantilla con señal de autoridad,0,1,0,0,22,35-44,M,Tecnica,477,synthetic_user_477@example.com,synthetic-uid-477,1,1,0,0,1,0,0,0.03963430036740622,0
synthetic,16,launched,email,,2,Autoridad,Comunicado institucional,Plantilla con señal de autoridad,0,1,0,0,22,35-44,M,Tecnica,478,synthetic_user_478@example.com,synthetic-uid-478,1,0,0,0,0,0,0,0.03963430036740622,0
synthetic,16,launched,email,,2,Autoridad,Comunicado institucional,Plantilla con señal de autoridad,0,1,0,0,22,35-44,M,Tecnica,479,synthetic_user_479@example.com,synthetic-uid-479,1,1,0,0,1,0,0,0.03963430036740622,0
synthetic,16,launched,email,,2,Autoridad,Comunicado institucional,Plantilla con señal de autoridad,0,1,0,0,22,35-44,M,Tecnica,480,synthetic_user_480@example.com,synthetic-uid-480,1,0,0,0,0,0,0,0.03963430036740622,0
synthetic,17,launched,email,,2,Autoridad,Comunicado institucional,Plantilla con señal de autoridad,0,1,0,0,38,55+,M,Tecnica,481,synthetic_user_481@example.com,synthetic-uid-481,1,0,0,0,0,0,0,0.041703251862133014,0
synthetic,17,launched,email,,2,Autoridad,Comunicado institucional,Plantilla con señal de autoridad,0,1,0,0,38,55+,M,Tecnica,482,synthetic_user_482@example.com,synthetic-uid-482,1,0,0,0,0,0,0,0.041703251862133014,0
synthetic,17,launched,email,,2,Autoridad,Comunicado institucional,Plantilla con señal de autoridad,0,1,0,0,38,55+,M,Tecnica,483,synthetic_user_483@example.com,synthetic-uid-483,1,1,1,0,1,1,0,0.041703251862133014,0
synthetic,17,launched,email,,2,Autoridad,Comunicado institucional,Plantilla con señal de autoridad,0,1,0,0,38,55+,M,Tecnica,484,synthetic_user_484@example.com,synthetic-uid-484,1,1,0,0,1,0,0,0.041703251862133014,0
synthetic,17,launched,email,,2,Autoridad,Comunicado institucional,Plantilla con señal de autoridad,0,1,0,0,38,55+,M,Tecnica,485,synthetic_user_485@example.com,synthetic-uid-485,1,1,1,0,1,1,0,0.041703251862133014,0
synthetic,17,launched,email,,2,Autoridad,Comunicado institucional,Plantilla con señal de autoridad,0,1,0,0,38,55+,M,Tecnica,486,synthetic_user_486@example.com,synthetic-uid-486,1,0,0,0,0,0,0,0.041703251862133014,0
synthetic,17,launched,email,,2,Autoridad,Comunicado institucional,Plantilla con señal de autoridad,0,1,0,0,38,55+,M,Tecnica,487,synthetic_user_487@example.com,synthetic-uid-487,1,1,0,0,1,0,0,0.041703251862133014,0
synthetic,17,launched,email,,2,Autoridad,Comunicado institucional,Plantilla con señal de autoridad,0,1,0,0,38,55+,M,Tecnica,488,synthetic_user_488@example.com,synthetic-uid-488,1,0,0,0,0,0,0,0.041703251862133014,0
synthetic,17,launched,email,,2,Autoridad,Comunicado institucional,Plantilla con señal de autoridad,0,1,0,0,38,55+,M,Tecnica,489,synthetic_user_489@example.com,synthetic-uid-489,1,0,0,0,0,0,0,0.041703251862133014,0
synthetic,17,launched,email,,2,Autoridad,Comunicado institucional,Plantilla con señal de autoridad,0,1,0,0,38,55+,M,Tecnica,490,synthetic_user_490@example.com,synthetic-uid-490,1,1,0,0,1,0,0,0.041703251862133014,0
synthetic,17,launched,email,,2,Autoridad,Comunicado institucional,Plantilla con señal de autoridad,0,1,0,0,38,55+,M,Tecnica,491,synthetic_user_491@example.com,synthetic-uid-491,1,0,0,0,0,0,0,0.041703251862133014,0
synthetic,17,launched,email,,2,Autoridad,Comunicado institucional,Plantilla con señal de autoridad,0,1,0,0,38,55+,M,Tecnica,492,synthetic_user_492@example.com,synthetic-uid-492,1,0,0,0,0,0,0,0.041703251862133014,0
synthetic,17,launched,email,,2,Autoridad,Comunicado institucional,Plantilla con señal de autoridad,0,1,0,0,38,55+,M,Tecnica,493,synthetic_user_493@example.com,synthetic-uid-493,1,0,0,0,0,0,0,0.041703251862133014,0
synthetic,17,launched,email,,2,Autoridad,Comunicado institucional,Plantilla con señal de autoridad,0,1,0,0,38,55+,M,Tecnica,494,synthetic_user_494@example.com,synthetic-uid-494,1,0,0,0,0,0,0,0.041703251862133014,0
synthetic,17,launched,email,,2,Autoridad,Comunicado institucional,Plantilla con señal de autoridad,0,1,0,0,38,55+,M,Tecnica,495,synthetic_user_495@example.com,synthetic-uid-495,1,0,0,0,0,0,0,0.041703251862133014,0
synthetic,17,launched,email,,2,Autoridad,Comunicado institucional,Plantilla con señal de autoridad,0,1,0,0,38,55+,M,Tecnica,496,synthetic_user_496@example.com,synthetic-uid-496,1,1,1,0,1,1,0,0.041703251862133014,0
synthetic,17,launched,email,,2,Autoridad,Comunicado institucional,Plantilla con señal de autoridad,0,1,0,0,38,55+,M,Tecnica,497,synthetic_user_497@example.com,synthetic-uid-497,1,0,0,0,0,0,0,0.041703251862133014,0
synthetic,17,launched,email,,2,Autoridad,Comunicado institucional,Plantilla con señal de autoridad,0,1,0,0,38,55+,M,Tecnica,498,synthetic_user_498@example.com,synthetic-uid-498,1,0,0,0,0,0,0,0.041703251862133014,0
synthetic,17,launched,email,,2,Autoridad,Comunicado institucional,Plantilla con señal de autoridad,0,1,0,0,38,55+,M,Tecnica,499,synthetic_user_499@example.com,synthetic-uid-499,1,0,0,0,0,0,0,0.041703251862133014,0
synthetic,17,launched,email,,2,Autoridad,Comunicado institucional,Plantilla con señal de autoridad,0,1,0,0,38,55+,M,Tecnica,500,synthetic_user_500@example.com,synthetic-uid-500,1,0,0,0,0,0,0,0.041703251862133014,0
synthetic,17,launched,email,,2,Autoridad,Comunicado institucional,Plantilla con señal de autoridad,0,1,0,0,38,55+,M,Tecnica,501,synthetic_user_501@example.com,synthetic-uid-501,1,1,0,0,1,0,0,0.041703251862133014,0
synthetic,17,launched,email,,2,Autoridad,Comunicado institucional,Plantilla con señal de autoridad,0,1,0,0,38,55+,M,Tecnica,502,synthetic_user_502@example.com,synthetic-uid-502,1,1,1,0,1,1,0,0.041703251862133014,0
synthetic,17,launched,email,,2,Autoridad,Comunicado institucional,Plantilla con señal de autoridad,0,1,0,0,38,55+,M,Tecnica,503,synthetic_user_503@example.com,synthetic-uid-503,1,0,0,0,0,0,0,0.041703251862133014,0
synthetic,17,launched,email,,2,Autoridad,Comunicado institucional,Plantilla con señal de autoridad,0,1,0,0,38,55+,M,Tecnica,504,synthetic_user_504@example.com,synthetic-uid-504,1,0,0,0,0,0,0,0.041703251862133014,0
synthetic,17,launched,email,,2,Autoridad,Comunicado institucional,Plantilla con señal de autoridad,0,1,0,0,38,55+,M,Tecnica,505,synthetic_user_505@example.com,synthetic-uid-505,1,0,0,0,0,0,0,0.041703251862133014,0
synthetic,17,launched,email,,2,Autoridad,Comunicado institucional,Plantilla con señal de autoridad,0,1,0,0,38,55+,M,Tecnica,506,synthetic_user_506@example.com,synthetic-uid-506,1,1,0,0,1,0,0,0.041703251862133014,0
synthetic,17,launched,email,,2,Autoridad,Comunicado institucional,Plantilla con señal de autoridad,0,1,0,0,38,55+,M,Tecnica,507,synthetic_user_507@example.com,synthetic-uid-507,1,0,0,0,0,0,0,0.041703251862133014,0
synthetic,17,launched,email,,2,Autoridad,Comunicado institucional,Plantilla con señal de autoridad,0,1,0,0,38,55+,M,Tecnica,508,synthetic_user_508@example.com,synthetic-uid-508,1,0,0,0,0,0,0,0.041703251862133014,0
synthetic,17,launched,email,,2,Autoridad,Comunicado institucional,Plantilla con señal de autoridad,0,1,0,0,38,55+,M,Tecnica,509,synthetic_user_509@example.com,synthetic-uid-509,1,1,0,0,1,0,0,0.041703251862133014,0
synthetic,17,launched,email,,2,Autoridad,Comunicado institucional,Plantilla con señal de autoridad,0,1,0,0,38,55+,M,Tecnica,510,synthetic_user_510@example.com,synthetic-uid-510,1,0,0,0,0,0,0,0.041703251862133014,0
synthetic,18,launched,email,,2,Autoridad,Comunicado institucional,Plantilla con señal de autoridad,0,1,0,0,29,45-54,M,Secundaria,511,synthetic_user_511@example.com,synthetic-uid-511,1,1,0,0,1,0,0,0.07122152291265578,0
synthetic,18,launched,email,,2,Autoridad,Comunicado institucional,Plantilla con señal de autoridad,0,1,0,0,29,45-54,M,Secundaria,512,synthetic_user_512@example.com,synthetic-uid-512,1,0,0,0,0,0,0,0.07122152291265578,0
synthetic,18,launched,email,,2,Autoridad,Comunicado institucional,Plantilla con señal de autoridad,0,1,0,0,29,45-54,M,Secundaria,513,synthetic_user_513@example.com,synthetic-uid-513,1,0,0,0,0,0,0,0.07122152291265578,0
synthetic,18,launched,email,,2,Autoridad,Comunicado institucional,Plantilla con señal de autoridad,0,1,0,0,29,45-54,M,Secundaria,514,synthetic_user_514@example.com,synthetic-uid-514,1,1,0,0,1,0,0,0.07122152291265578,0
synthetic,18,launched,email,,2,Autoridad,Comunicado institucional,Plantilla con señal de autoridad,0,1,0,0,29,45-54,M,Secundaria,515,synthetic_user_515@example.com,synthetic-uid-515,1,1,0,0,1,0,0,0.07122152291265578,0
synthetic,18,launched,email,,2,Autoridad,Comunicado institucional,Plantilla con señal de autoridad,0,1,0,0,29,45-54,M,Secundaria,516,synthetic_user_516@example.com,synthetic-uid-516,1,0,0,0,0,0,0,0.07122152291265578,0
synthetic,18,launched,email,,2,Autoridad,Comunicado institucional,Plantilla con señal de autoridad,0,1,0,0,29,45-54,M,Secundaria,517,synthetic_user_517@example.com,synthetic-uid-517,1,1,1,0,1,1,0,0.07122152291265578,0
synthetic,18,launched,email,,2,Autoridad,Comunicado institucional,Plantilla con señal de autoridad,0,1,0,0,29,45-54,M,Secundaria,518,synthetic_user_518@example.com,synthetic-uid-518,1,1,0,0,1,0,0,0.07122152291265578,0
synthetic,18,launched,email,,2,Autoridad,Comunicado institucional,Plantilla con señal de autoridad,0,1,0,0,29,45-54,M,Secundaria,519,synthetic_user_519@example.com,synthetic-uid-519,1,1,0,0,1,0,0,0.07122152291265578,0
synthetic,18,launched,email,,2,Autoridad,Comunicado institucional,Plantilla con señal de autoridad,0,1,0,0,29,45-54,M,Secundaria,520,synthetic_user_520@example.com,synthetic-uid-520,1,0,0,0,0,0,0,0.07122152291265578,0
synthetic,18,launched,email,,2,Autoridad,Comunicado institucional,Plantilla con señal de autoridad,0,1,0,0,29,45-54,M,Secundaria,521,synthetic_user_521@example.com,synthetic-uid-521,1,0,0,0,0,0,0,0.07122152291265578,0
synthetic,18,launched,email,,2,Autoridad,Comunicado institucional,Plantilla con señal de autoridad,0,1,0,0,29,45-54,M,Secundaria,522,synthetic_user_522@example.com,synthetic-uid-522,1,1,0,0,1,0,0,0.07122152291265578,0
synthetic,18,launched,email,,2,Autoridad,Comunicado institucional,Plantilla con señal de autoridad,0,1,0,0,29,45-54,M,Secundaria,523,synthetic_user_523@example.com,synthetic-uid-523,1,1,0,0,1,0,0,0.07122152291265578,0
synthetic,18,launched,email,,2,Autoridad,Comunicado institucional,Plantilla con señal de autoridad,0,1,0,0,29,45-54,M,Secundaria,524,synthetic_user_524@example.com,synthetic-uid-524,1,1,0,0,1,0,0,0.07122152291265578,0
synthetic,18,launched,email,,2,Autoridad,Comunicado institucional,Plantilla con señal de autoridad,0,1,0,0,29,45-54,M,Secundaria,525,synthetic_user_525@example.com,synthetic-uid-525,1,1,0,0,1,0,0,0.07122152291265578,0
synthetic,18,launched,email,,2,Autoridad,Comunicado institucional,Plantilla con señal de autoridad,0,1,0,0,29,45-54,M,Secundaria,526,synthetic_user_526@example.com,synthetic-uid-526,1,0,0,0,0,0,0,0.07122152291265578,0
synthetic,18,launched,email,,2,Autoridad,Comunicado institucional,Plantilla con señal de autoridad,0,1,0,0,29,45-54,M,Secundaria,527,synthetic_user_527@example.com,synthetic-uid-527,1,0,0,0,0,0,0,0.07122152291265578,0
synthetic,18,launched,email,,2,Autoridad,Comunicado institucional,Plantilla con señal de autoridad,0,1,0,0,29,45-54,M,Secundaria,528,synthetic_user_528@example.com,synthetic-uid-528,1,1,1,0,1,1,0,0.07122152291265578,0
synthetic,18,launched,email,,2,Autoridad,Comunicado institucional,Plantilla con señal de autoridad,0,1,0,0,29,45-54,M,Secundaria,529,synthetic_user_529@example.com,synthetic-uid-529,1,1,1,0,1,1,0,0.07122152291265578,0
synthetic,18,launched,email,,2,Autoridad,Comunicado institucional,Plantilla con señal de autoridad,0,1,0,0,29,45-54,M,Secundaria,530,synthetic_user_530@example.com,synthetic-uid-530,1,1,1,0,1,1,0,0.07122152291265578,0
synthetic,18,launched,email,,2,Autoridad,Comunicado institucional,Plantilla con señal de autoridad,0,1,0,0,29,45-54,M,Secundaria,531,synthetic_user_531@example.com,synthetic-uid-531,1,1,0,0,1,0,0,0.07122152291265578,0
synthetic,18,launched,email,,2,Autoridad,Comunicado institucional,Plantilla con señal de autoridad,0,1,0,0,29,45-54,M,Secundaria,532,synthetic_user_532@example.com,synthetic-uid-532,1,0,0,0,0,0,0,0.07122152291265578,0
synthetic,18,launched,email,,2,Autoridad,Comunicado institucional,Plantilla con señal de autoridad,0,1,0,0,29,45-54,M,Secundaria,533,synthetic_user_533@example.com,synthetic-uid-533,1,0,0,0,0,0,0,0.07122152291265578,0
synthetic,18,launched,email,,2,Autoridad,Comunicado institucional,Plantilla con señal de autoridad,0,1,0,0,29,45-54,M,Secundaria,534,synthetic_user_534@example.com,synthetic-uid-534,1,0,0,0,0,0,0,0.07122152291265578,0
synthetic,18,launched,email,,2,Autoridad,Comunicado institucional,Plantilla con señal de autoridad,0,1,0,0,29,45-54,M,Secundaria,535,synthetic_user_535@example.com,synthetic-uid-535,1,0,0,0,0,0,0,0.07122152291265578,0
synthetic,18,launched,email,,2,Autoridad,Comunicado institucional,Plantilla con señal de autoridad,0,1,0,0,29,45-54,M,Secundaria,536,synthetic_user_536@example.com,synthetic-uid-536,1,0,0,0,0,0,0,0.07122152291265578,0
synthetic,18,launched,email,,2,Autoridad,Comunicado institucional,Plantilla con señal de autoridad,0,1,0,0,29,45-54,M,Secundaria,537,synthetic_user_537@example.com,synthetic-uid-537,1,1,0,0,1,0,0,0.07122152291265578,0
synthetic,18,launched,email,,2,Autoridad,Comunicado institucional,Plantilla con señal de autoridad,0,1,0,0,29,45-54,M,Secundaria,538,synthetic_user_538@example.com,synthetic-uid-538,1,1,0,0,1,0,0,0.07122152291265578,0
synthetic,18,launched,email,,2,Autoridad,Comunicado institucional,Plantilla con señal de autoridad,0,1,0,0,29,45-54,M,Secundaria,539,synthetic_user_539@example.com,synthetic-uid-539,1,0,0,0,0,0,0,0.07122152291265578,0
synthetic,18,launched,email,,2,Autoridad,Comunicado institucional,Plantilla con señal de autoridad,0,1,0,0,29,45-54,M,Secundaria,540,synthetic_user_540@example.com,synthetic-uid-540,1,0,0,0,0,0,0,0.07122152291265578,0
synthetic,19,launched,email,,2,Autoridad,Comunicado institucional,Plantilla con señal de autoridad,0,1,0,0,28,45-54,F,Posgrado,541,synthetic_user_541@example.com,synthetic-uid-541,1,0,0,0,0,0,0,0.09125546231660783,0
synthetic,19,launched,email,,2,Autoridad,Comunicado institucional,Plantilla con señal de autoridad,0,1,0,0,28,45-54,F,Posgrado,542,synthetic_user_542@example.com,synthetic-uid-542,1,0,0,0,0,0,0,0.09125546231660783,0
synthetic,19,launched,email,,2,Autoridad,Comunicado institucional,Plantilla con señal de autoridad,0,1,0,0,28,45-54,F,Posgrado,543,synthetic_user_543@example.com,synthetic-uid-543,1,1,0,0,1,0,0,0.09125546231660783,0
synthetic,19,launched,email,,2,Autoridad,Comunicado institucional,Plantilla con señal de autoridad,0,1,0,0,28,45-54,F,Posgrado,544,synthetic_user_544@example.com,synthetic-uid-544,1,0,0,0,0,0,0,0.09125546231660783,0
synthetic,19,launched,email,,2,Autoridad,Comunicado institucional,Plantilla con señal de autoridad,0,1,0,0,28,45-54,F,Posgrado,545,synthetic_user_545@example.com,synthetic-uid-545,1,0,0,0,0,0,0,0.09125546231660783,0
synthetic,19,launched,email,,2,Autoridad,Comunicado institucional,Plantilla con señal de autoridad,0,1,0,0,28,45-54,F,Posgrado,546,synthetic_user_546@example.com,synthetic-uid-546,1,0,0,0,0,0,0,0.09125546231660783,0
synthetic,19,launched,email,,2,Autoridad,Comunicado institucional,Plantilla con señal de autoridad,0,1,0,0,28,45-54,F,Posgrado,547,synthetic_user_547@example.com,synthetic-uid-547,1,1,0,0,1,0,0,0.09125546231660783,0
synthetic,19,launched,email,,2,Autoridad,Comunicado institucional,Plantilla con señal de autoridad,0,1,0,0,28,45-54,F,Posgrado,548,synthetic_user_548@example.com,synthetic-uid-548,1,0,0,0,0,0,0,0.09125546231660783,0
synthetic,19,launched,email,,2,Autoridad,Comunicado institucional,Plantilla con señal de autoridad,0,1,0,0,28,45-54,F,Posgrado,549,synthetic_user_549@example.com,synthetic-uid-549,1,0,0,0,0,0,0,0.09125546231660783,0
synthetic,19,launched,email,,2,Autoridad,Comunicado institucional,Plantilla con señal de autoridad,0,1,0,0,28,45-54,F,Posgrado,550,synthetic_user_550@example.com,synthetic-uid-550,1,0,0,0,0,0,0,0.09125546231660783,0
synthetic,19,launched,email,,2,Autoridad,Comunicado institucional,Plantilla con señal de autoridad,0,1,0,0,28,45-54,F,Posgrado,551,synthetic_user_551@example.com,synthetic-uid-551,1,1,0,0,1,0,0,0.09125546231660783,0
synthetic,19,launched,email,,2,Autoridad,Comunicado institucional,Plantilla con señal de autoridad,0,1,0,0,28,45-54,F,Posgrado,552,synthetic_user_552@example.com,synthetic-uid-552,1,0,0,0,0,0,0,0.09125546231660783,0
synthetic,19,launched,email,,2,Autoridad,Comunicado institucional,Plantilla con señal de autoridad,0,1,0,0,28,45-54,F,Posgrado,553,synthetic_user_553@example.com,synthetic-uid-553,1,0,0,0,0,0,0,0.09125546231660783,0
synthetic,19,launched,email,,2,Autoridad,Comunicado institucional,Plantilla con señal de autoridad,0,1,0,0,28,45-54,F,Posgrado,554,synthetic_user_554@example.com,synthetic-uid-554,1,0,0,0,0,0,0,0.09125546231660783,0
synthetic,19,launched,email,,2,Autoridad,Comunicado institucional,Plantilla con señal de autoridad,0,1,0,0,28,45-54,F,Posgrado,555,synthetic_user_555@example.com,synthetic-uid-555,1,0,0,0,0,0,0,0.09125546231660783,0
synthetic,19,launched,email,,2,Autoridad,Comunicado institucional,Plantilla con señal de autoridad,0,1,0,0,28,45-54,F,Posgrado,556,synthetic_user_556@example.com,synthetic-uid-556,1,0,0,0,0,0,0,0.09125546231660783,0
synthetic,19,launched,email,,2,Autoridad,Comunicado institucional,Plantilla con señal de autoridad,0,1,0,0,28,45-54,F,Posgrado,557,synthetic_user_557@example.com,synthetic-uid-557,1,0,0,0,0,0,0,0.09125546231660783,0
synthetic,19,launched,email,,2,Autoridad,Comunicado institucional,Plantilla con señal de autoridad,0,1,0,0,28,45-54,F,Posgrado,558,synthetic_user_558@example.com,synthetic-uid-558,1,0,0,0,0,0,0,0.09125546231660783,0
synthetic,19,launched,email,,2,Autoridad,Comunicado institucional,Plantilla con señal de autoridad,0,1,0,0,28,45-54,F,Posgrado,559,synthetic_user_559@example.com,synthetic-uid-559,1,0,0,0,0,0,0,0.09125546231660783,0
synthetic,19,launched,email,,2,Autoridad,Comunicado institucional,Plantilla con señal de autoridad,0,1,0,0,28,45-54,F,Posgrado,560,synthetic_user_560@example.com,synthetic-uid-560,1,0,0,0,0,0,0,0.09125546231660783,0
synthetic,19,launched,email,,2,Autoridad,Comunicado institucional,Plantilla con señal de autoridad,0,1,0,0,28,45-54,F,Posgrado,561,synthetic_user_561@example.com,synthetic-uid-561,1,1,0,0,1,0,0,0.09125546231660783,0
synthetic,19,launched,email,,2,Autoridad,Comunicado institucional,Plantilla con señal de autoridad,0,1,0,0,28,45-54,F,Posgrado,562,synthetic_user_562@example.com,synthetic-uid-562,1,0,0,0,0,0,0,0.09125546231660783,0
synthetic,19,launched,email,,2,Autoridad,Comunicado institucional,Plantilla con señal de autoridad,0,1,0,0,28,45-54,F,Posgrado,563,synthetic_user_563@example.com,synthetic-uid-563,1,0,0,0,0,0,0,0.09125546231660783,0
synthetic,19,launched,email,,2,Autoridad,Comunicado institucional,Plantilla con señal de autoridad,0,1,0,0,28,45-54,F,Posgrado,564,synthetic_user_564@example.com,synthetic-uid-564,1,0,0,0,0,0,0,0.09125546231660783,0
synthetic,19,launched,email,,2,Autoridad,Comunicado institucional,Plantilla con señal de autoridad,0,1,0,0,28,45-54,F,Posgrado,565,synthetic_user_565@example.com,synthetic-uid-565,1,0,0,0,0,0,0,0.09125546231660783,0
synthetic,19,launched,email,,2,Autoridad,Comunicado institucional,Plantilla con señal de autoridad,0,1,0,0,28,45-54,F,Posgrado,566,synthetic_user_566@example.com,synthetic-uid-566,1,0,0,0,0,0,0,0.09125546231660783,0
synthetic,19,launched,email,,2,Autoridad,Comunicado institucional,Plantilla con señal de autoridad,0,1,0,0,28,45-54,F,Posgrado,567,synthetic_user_567@example.com,synthetic-uid-567,1,1,1,0,1,1,0,0.09125546231660783,0
synthetic,19,launched,email,,2,Autoridad,Comunicado institucional,Plantilla con señal de autoridad,0,1,0,0,28,45-54,F,Posgrado,568,synthetic_user_568@example.com,synthetic-uid-568,1,1,1,0,1,1,0,0.09125546231660783,0
synthetic,19,launched,email,,2,Autoridad,Comunicado institucional,Plantilla con señal de autoridad,0,1,0,0,28,45-54,F,Posgrado,569,synthetic_user_569@example.com,synthetic-uid-569,1,0,0,0,0,0,0,0.09125546231660783,0
synthetic,19,launched,email,,2,Autoridad,Comunicado institucional,Plantilla con señal de autoridad,0,1,0,0,28,45-54,F,Posgrado,570,synthetic_user_570@example.com,synthetic-uid-570,1,0,0,0,0,0,0,0.09125546231660783,0
synthetic,20,launched,email,,2,Autoridad,Comunicado institucional,Plantilla con señal de autoridad,0,1,0,0,1,18-24,F,Secundaria,571,synthetic_user_571@example.com,synthetic-uid-571,1,0,0,0,0,0,0,0.05267924632821133,0
synthetic,20,launched,email,,2,Autoridad,Comunicado institucional,Plantilla con señal de autoridad,0,1,0,0,1,18-24,F,Secundaria,572,synthetic_user_572@example.com,synthetic-uid-572,1,0,0,0,0,0,0,0.05267924632821133,0
synthetic,20,launched,email,,2,Autoridad,Comunicado institucional,Plantilla con señal de autoridad,0,1,0,0,1,18-24,F,Secundaria,573,synthetic_user_573@example.com,synthetic-uid-573,1,0,0,0,0,0,0,0.05267924632821133,0
synthetic,20,launched,email,,2,Autoridad,Comunicado institucional,Plantilla con señal de autoridad,0,1,0,0,1,18-24,F,Secundaria,574,synthetic_user_574@example.com,synthetic-uid-574,1,1,0,0,1,0,0,0.05267924632821133,0
synthetic,20,launched,email,,2,Autoridad,Comunicado institucional,Plantilla con señal de autoridad,0,1,0,0,1,18-24,F,Secundaria,575,synthetic_user_575@example.com,synthetic-uid-575,1,0,0,0,0,0,0,0.05267924632821133,0
synthetic,20,launched,email,,2,Autoridad,Comunicado institucional,Plantilla con señal de autoridad,0,1,0,0,1,18-24,F,Secundaria,576,synthetic_user_576@example.com,synthetic-uid-576,1,0,0,0,0,0,0,0.05267924632821133,0
synthetic,20,launched,email,,2,Autoridad,Comunicado institucional,Plantilla con señal de autoridad,0,1,0,0,1,18-24,F,Secundaria,577,synthetic_user_577@example.com,synthetic-uid-577,1,0,0,0,0,0,0,0.05267924632821133,0
synthetic,20,launched,email,,2,Autoridad,Comunicado institucional,Plantilla con señal de autoridad,0,1,0,0,1,18-24,F,Secundaria,578,synthetic_user_578@example.com,synthetic-uid-578,1,1,0,0,1,0,0,0.05267924632821133,0
synthetic,20,launched,email,,2,Autoridad,Comunicado institucional,Plantilla con señal de autoridad,0,1,0,0,1,18-24,F,Secundaria,579,synthetic_user_579@example.com,synthetic-uid-579,1,0,0,0,0,0,0,0.05267924632821133,0
synthetic,20,launched,email,,2,Autoridad,Comunicado institucional,Plantilla con señal de autoridad,0,1,0,0,1,18-24,F,Secundaria,580,synthetic_user_580@example.com,synthetic-uid-580,1,0,0,0,0,0,0,0.05267924632821133,0
synthetic,20,launched,email,,2,Autoridad,Comunicado institucional,Plantilla con señal de autoridad,0,1,0,0,1,18-24,F,Secundaria,581,synthetic_user_581@example.com,synthetic-uid-581,1,0,0,0,0,0,0,0.05267924632821133,0
synthetic,20,launched,email,,2,Autoridad,Comunicado institucional,Plantilla con señal de autoridad,0,1,0,0,1,18-24,F,Secundaria,582,synthetic_user_582@example.com,synthetic-uid-582,1,1,0,0,1,0,0,0.05267924632821133,0
synthetic,20,launched,email,,2,Autoridad,Comunicado institucional,Plantilla con señal de autoridad,0,1,0,0,1,18-24,F,Secundaria,583,synthetic_user_583@example.com,synthetic-uid-583,1,0,0,0,0,0,0,0.05267924632821133,0
synthetic,20,launched,email,,2,Autoridad,Comunicado institucional,Plantilla con señal de autoridad,0,1,0,0,1,18-24,F,Secundaria,584,synthetic_user_584@example.com,synthetic-uid-584,1,1,1,0,1,1,0,0.05267924632821133,0
synthetic,20,launched,email,,2,Autoridad,Comunicado institucional,Plantilla con señal de autoridad,0,1,0,0,1,18-24,F,Secundaria,585,synthetic_user_585@example.com,synthetic-uid-585,1,0,0,0,0,0,0,0.05267924632821133,0
synthetic,20,launched,email,,2,Autoridad,Comunicado institucional,Plantilla con señal de autoridad,0,1,0,0,1,18-24,F,Secundaria,586,synthetic_user_586@example.com,synthetic-uid-586,1,0,0,0,0,0,0,0.05267924632821133,0
synthetic,20,launched,email,,2,Autoridad,Comunicado institucional,Plantilla con señal de autoridad,0,1,0,0,1,18-24,F,Secundaria,587,synthetic_user_587@example.com,synthetic-uid-587,1,1,0,0,1,0,0,0.05267924632821133,0
synthetic,20,launched,email,,2,Autoridad,Comunicado institucional,Plantilla con señal de autoridad,0,1,0,0,1,18-24,F,Secundaria,588,synthetic_user_588@example.com,synthetic-uid-588,1,0,0,0,0,0,0,0.05267924632821133,0
synthetic,20,launched,email,,2,Autoridad,Comunicado institucional,Plantilla con señal de autoridad,0,1,0,0,1,18-24,F,Secundaria,589,synthetic_user_589@example.com,synthetic-uid-589,1,0,0,0,0,0,0,0.05267924632821133,0
synthetic,20,launched,email,,2,Autoridad,Comunicado institucional,Plantilla con señal de autoridad,0,1,0,0,1,18-24,F,Secundaria,590,synthetic_user_590@example.com,synthetic-uid-590,1,1,0,0,1,0,0,0.05267924632821133,0
synthetic,20,launched,email,,2,Autoridad,Comunicado institucional,Plantilla con señal de autoridad,0,1,0,0,1,18-24,F,Secundaria,591,synthetic_user_591@example.com,synthetic-uid-591,1,0,0,0,0,0,0,0.05267924632821133,0
synthetic,20,launched,email,,2,Autoridad,Comunicado institucional,Plantilla con señal de autoridad,0,1,0,0,1,18-24,F,Secundaria,592,synthetic_user_592@example.com,synthetic-uid-592,1,0,0,0,0,0,0,0.05267924632821133,0
synthetic,20,launched,email,,2,Autoridad,Comunicado institucional,Plantilla con señal de autoridad,0,1,0,0,1,18-24,F,Secundaria,593,synthetic_user_593@example.com,synthetic-uid-593,1,0,0,0,0,0,0,0.05267924632821133,0
synthetic,20,launched,email,,2,Autoridad,Comunicado institucional,Plantilla con señal de autoridad,0,1,0,0,1,18-24,F,Secundaria,594,synthetic_user_594@example.com,synthetic-uid-594,1,1,0,0,1,0,0,0.05267924632821133,0
synthetic,20,launched,email,,2,Autoridad,Comunicado institucional,Plantilla con señal de autoridad,0,1,0,0,1,18-24,F,Secundaria,595,synthetic_user_595@example.com,synthetic-uid-595,1,0,0,0,0,0,0,0.05267924632821133,0
synthetic,20,launched,email,,2,Autoridad,Comunicado institucional,Plantilla con señal de autoridad,0,1,0,0,1,18-24,F,Secundaria,596,synthetic_user_596@example.com,synthetic-uid-596,1,1,0,0,1,0,0,0.05267924632821133,0
synthetic,20,launched,email,,2,Autoridad,Comunicado institucional,Plantilla con señal de autoridad,0,1,0,0,1,18-24,F,Secundaria,597,synthetic_user_597@example.com,synthetic-uid-597,1,1,0,0,1,0,0,0.05267924632821133,0
synthetic,20,launched,email,,2,Autoridad,Comunicado institucional,Plantilla con señal de autoridad,0,1,0,0,1,18-24,F,Secundaria,598,synthetic_user_598@example.com,synthetic-uid-598,1,0,0,0,0,0,0,0.05267924632821133,0
synthetic,20,launched,email,,2,Autoridad,Comunicado institucional,Plantilla con señal de autoridad,0,1,0,0,1,18-24,F,Secundaria,599,synthetic_user_599@example.com,synthetic-uid-599,1,0,0,0,0,0,0,0.05267924632821133,0
synthetic,20,launched,email,,2,Autoridad,Comunicado institucional,Plantilla con señal de autoridad,0,1,0,0,1,18-24,F,Secundaria,600,synthetic_user_600@example.com,synthetic-uid-600,1,0,0,0,0,0,0,0.05267924632821133,0
synthetic,21,launched,email,,3,Recompensa,Beneficio disponible,Plantilla con señal de recompensa,0,0,1,0,18,35-44,F,Tecnica,601,synthetic_user_601@example.com,synthetic-uid-601,1,0,0,0,0,0,0,0.052853977422508316,0
synthetic,21,launched,email,,3,Recompensa,Beneficio disponible,Plantilla con señal de recompensa,0,0,1,0,18,35-44,F,Tecnica,602,synthetic_user_602@example.com,synthetic-uid-602,1,0,0,0,0,0,0,0.052853977422508316,0
synthetic,21,launched,email,,3,Recompensa,Beneficio disponible,Plantilla con señal de recompensa,0,0,1,0,18,35-44,F,Tecnica,603,synthetic_user_603@example.com,synthetic-uid-603,1,0,0,0,0,0,0,0.052853977422508316,0
synthetic,21,launched,email,,3,Recompensa,Beneficio disponible,Plantilla con señal de recompensa,0,0,1,0,18,35-44,F,Tecnica,604,synthetic_user_604@example.com,synthetic-uid-604,1,0,0,0,0,0,0,0.052853977422508316,0
synthetic,21,launched,email,,3,Recompensa,Beneficio disponible,Plantilla con señal de recompensa,0,0,1,0,18,35-44,F,Tecnica,605,synthetic_user_605@example.com,synthetic-uid-605,1,1,1,0,1,1,0,0.052853977422508316,0
synthetic,21,launched,email,,3,Recompensa,Beneficio disponible,Plantilla con señal de recompensa,0,0,1,0,18,35-44,F,Tecnica,606,synthetic_user_606@example.com,synthetic-uid-606,1,0,0,0,0,0,0,0.052853977422508316,0
synthetic,21,launched,email,,3,Recompensa,Beneficio disponible,Plantilla con señal de recompensa,0,0,1,0,18,35-44,F,Tecnica,607,synthetic_user_607@example.com,synthetic-uid-607,1,0,0,0,0,0,0,0.052853977422508316,0
synthetic,21,launched,email,,3,Recompensa,Beneficio disponible,Plantilla con señal de recompensa,0,0,1,0,18,35-44,F,Tecnica,608,synthetic_user_608@example.com,synthetic-uid-608,1,0,0,0,0,0,0,0.052853977422508316,0
synthetic,21,launched,email,,3,Recompensa,Beneficio disponible,Plantilla con señal de recompensa,0,0,1,0,18,35-44,F,Tecnica,609,synthetic_user_609@example.com,synthetic-uid-609,1,0,0,0,0,0,0,0.052853977422508316,0
synthetic,21,launched,email,,3,Recompensa,Beneficio disponible,Plantilla con señal de recompensa,0,0,1,0,18,35-44,F,Tecnica,610,synthetic_user_610@example.com,synthetic-uid-610,1,0,0,0,0,0,0,0.052853977422508316,0
synthetic,21,launched,email,,3,Recompensa,Beneficio disponible,Plantilla con señal de recompensa,0,0,1,0,18,35-44,F,Tecnica,611,synthetic_user_611@example.com,synthetic-uid-611,1,0,0,0,0,0,0,0.052853977422508316,0
synthetic,21,launched,email,,3,Recompensa,Beneficio disponible,Plantilla con señal de recompensa,0,0,1,0,18,35-44,F,Tecnica,612,synthetic_user_612@example.com,synthetic-uid-612,1,0,0,0,0,0,0,0.052853977422508316,0
synthetic,21,launched,email,,3,Recompensa,Beneficio disponible,Plantilla con señal de recompensa,0,0,1,0,18,35-44,F,Tecnica,613,synthetic_user_613@example.com,synthetic-uid-613,1,0,0,0,0,0,0,0.052853977422508316,0
synthetic,21,launched,email,,3,Recompensa,Beneficio disponible,Plantilla con señal de recompensa,0,0,1,0,18,35-44,F,Tecnica,614,synthetic_user_614@example.com,synthetic-uid-614,1,0,0,0,0,0,0,0.052853977422508316,0
synthetic,21,launched,email,,3,Recompensa,Beneficio disponible,Plantilla con señal de recompensa,0,0,1,0,18,35-44,F,Tecnica,615,synthetic_user_615@example.com,synthetic-uid-615,1,0,0,0,0,0,0,0.052853977422508316,0
synthetic,21,launched,email,,3,Recompensa,Beneficio disponible,Plantilla con señal de recompensa,0,0,1,0,18,35-44,F,Tecnica,616,synthetic_user_616@example.com,synthetic-uid-616,1,0,0,0,0,0,0,0.052853977422508316,0
synthetic,21,launched,email,,3,Recompensa,Beneficio disponible,Plantilla con señal de recompensa,0,0,1,0,18,35-44,F,Tecnica,617,synthetic_user_617@example.com,synthetic-uid-617,1,0,0,0,0,0,0,0.052853977422508316,0
synthetic,21,launched,email,,3,Recompensa,Beneficio disponible,Plantilla con señal de recompensa,0,0,1,0,18,35-44,F,Tecnica,618,synthetic_user_618@example.com,synthetic-uid-618,1,0,0,0,0,0,0,0.052853977422508316,0
synthetic,21,launched,email,,3,Recompensa,Beneficio disponible,Plantilla con señal de recompensa,0,0,1,0,18,35-44,F,Tecnica,619,synthetic_user_619@example.com,synthetic-uid-619,1,1,0,0,1,0,0,0.052853977422508316,0
synthetic,21,launched,email,,3,Recompensa,Beneficio disponible,Plantilla con señal de recompensa,0,0,1,0,18,35-44,F,Tecnica,620,synthetic_user_620@example.com,synthetic-uid-620,1,0,0,0,0,0,0,0.052853977422508316,0
synthetic,21,launched,email,,3,Recompensa,Beneficio disponible,Plantilla con señal de recompensa,0,0,1,0,18,35-44,F,Tecnica,621,synthetic_user_621@example.com,synthetic-uid-621,1,0,0,0,0,0,0,0.052853977422508316,0
synthetic,21,launched,email,,3,Recompensa,Beneficio disponible,Plantilla con señal de recompensa,0,0,1,0,18,35-44,F,Tecnica,622,synthetic_user_622@example.com,synthetic-uid-622,1,1,0,0,1,0,0,0.052853977422508316,0
synthetic,21,launched,email,,3,Recompensa,Beneficio disponible,Plantilla con señal de recompensa,0,0,1,0,18,35-44,F,Tecnica,623,synthetic_user_623@example.com,synthetic-uid-623,1,0,0,0,0,0,0,0.052853977422508316,0
synthetic,21,launched,email,,3,Recompensa,Beneficio disponible,Plantilla con señal de recompensa,0,0,1,0,18,35-44,F,Tecnica,624,synthetic_user_624@example.com,synthetic-uid-624,1,0,0,0,0,0,0,0.052853977422508316,0
synthetic,21,launched,email,,3,Recompensa,Beneficio disponible,Plantilla con señal de recompensa,0,0,1,0,18,35-44,F,Tecnica,625,synthetic_user_625@example.com,synthetic-uid-625,1,0,0,0,0,0,0,0.052853977422508316,0
synthetic,21,launched,email,,3,Recompensa,Beneficio disponible,Plantilla con señal de recompensa,0,0,1,0,18,35-44,F,Tecnica,626,synthetic_user_626@example.com,synthetic-uid-626,1,0,0,0,0,0,0,0.052853977422508316,0
synthetic,21,launched,email,,3,Recompensa,Beneficio disponible,Plantilla con señal de recompensa,0,0,1,0,18,35-44,F,Tecnica,627,synthetic_user_627@example.com,synthetic-uid-627,1,0,0,0,0,0,0,0.052853977422508316,0
synthetic,21,launched,email,,3,Recompensa,Beneficio disponible,Plantilla con señal de recompensa,0,0,1,0,18,35-44,F,Tecnica,628,synthetic_user_628@example.com,synthetic-uid-628,1,1,0,0,1,0,0,0.052853977422508316,0
synthetic,21,launched,email,,3,Recompensa,Beneficio disponible,Plantilla con señal de recompensa,0,0,1,0,18,35-44,F,Tecnica,629,synthetic_user_629@example.com,synthetic-uid-629,1,1,0,0,1,0,0,0.052853977422508316,0
synthetic,21,launched,email,,3,Recompensa,Beneficio disponible,Plantilla con señal de recompensa,0,0,1,0,18,35-44,F,Tecnica,630,synthetic_user_630@example.com,synthetic-uid-630,1,0,0,0,0,0,0,0.052853977422508316,0
synthetic,22,launched,email,,3,Recompensa,Beneficio disponible,Plantilla con señal de recompensa,0,0,1,0,7,18-24,M,Universitaria,631,synthetic_user_631@example.com,synthetic-uid-631,1,0,0,0,0,0,0,0.03233771206264354,0
synthetic,22,launched,email,,3,Recompensa,Beneficio disponible,Plantilla con señal de recompensa,0,0,1,0,7,18-24,M,Universitaria,632,synthetic_user_632@example.com,synthetic-uid-632,1,0,0,0,0,0,0,0.03233771206264354,0
synthetic,22,launched,email,,3,Recompensa,Beneficio disponible,Plantilla con señal de recompensa,0,0,1,0,7,18-24,M,Universitaria,633,synthetic_user_633@example.com,synthetic-uid-633,1,0,0,0,0,0,0,0.03233771206264354,0
synthetic,22,launched,email,,3,Recompensa,Beneficio disponible,Plantilla con señal de recompensa,0,0,1,0,7,18-24,M,Universitaria,634,synthetic_user_634@example.com,synthetic-uid-634,1,0,0,0,0,0,0,0.03233771206264354,0
synthetic,22,launched,email,,3,Recompensa,Beneficio disponible,Plantilla con señal de recompensa,0,0,1,0,7,18-24,M,Universitaria,635,synthetic_user_635@example.com,synthetic-uid-635,1,0,0,0,0,0,0,0.03233771206264354,0
synthetic,22,launched,email,,3,Recompensa,Beneficio disponible,Plantilla con señal de recompensa,0,0,1,0,7,18-24,M,Universitaria,636,synthetic_user_636@example.com,synthetic-uid-636,1,0,0,0,0,0,0,0.03233771206264354,0
synthetic,22,launched,email,,3,Recompensa,Beneficio disponible,Plantilla con señal de recompensa,0,0,1,0,7,18-24,M,Universitaria,637,synthetic_user_637@example.com,synthetic-uid-637,1,0,0,0,0,0,0,0.03233771206264354,0
synthetic,22,launched,email,,3,Recompensa,Beneficio disponible,Plantilla con señal de recompensa,0,0,1,0,7,18-24,M,Universitaria,638,synthetic_user_638@example.com,synthetic-uid-638,1,1,0,0,1,0,0,0.03233771206264354,0
synthetic,22,launched,email,,3,Recompensa,Beneficio disponible,Plantilla con señal de recompensa,0,0,1,0,7,18-24,M,Universitaria,639,synthetic_user_639@example.com,synthetic-uid-639,1,0,0,0,0,0,0,0.03233771206264354,0
synthetic,22,launched,email,,3,Recompensa,Beneficio disponible,Plantilla con señal de recompensa,0,0,1,0,7,18-24,M,Universitaria,640,synthetic_user_640@example.com,synthetic-uid-640,1,1,0,0,1,0,0,0.03233771206264354,0
synthetic,22,launched,email,,3,Recompensa,Beneficio disponible,Plantilla con señal de recompensa,0,0,1,0,7,18-24,M,Universitaria,641,synthetic_user_641@example.com,synthetic-uid-641,1,0,0,0,0,0,0,0.03233771206264354,0
synthetic,22,launched,email,,3,Recompensa,Beneficio disponible,Plantilla con señal de recompensa,0,0,1,0,7,18-24,M,Universitaria,642,synthetic_user_642@example.com,synthetic-uid-642,1,0,0,0,0,0,0,0.03233771206264354,0
synthetic,22,launched,email,,3,Recompensa,Beneficio disponible,Plantilla con señal de recompensa,0,0,1,0,7,18-24,M,Universitaria,643,synthetic_user_643@example.com,synthetic-uid-643,1,0,0,0,0,0,0,0.03233771206264354,0
synthetic,22,launched,email,,3,Recompensa,Beneficio disponible,Plantilla con señal de recompensa,0,0,1,0,7,18-24,M,Universitaria,644,synthetic_user_644@example.com,synthetic-uid-644,1,0,0,0,0,0,0,0.03233771206264354,0
synthetic,22,launched,email,,3,Recompensa,Beneficio disponible,Plantilla con señal de recompensa,0,0,1,0,7,18-24,M,Universitaria,645,synthetic_user_645@example.com,synthetic-uid-645,1,0,0,0,0,0,0,0.03233771206264354,0
synthetic,22,launched,email,,3,Recompensa,Beneficio disponible,Plantilla con señal de recompensa,0,0,1,0,7,18-24,M,Universitaria,646,synthetic_user_646@example.com,synthetic-uid-646,1,1,0,0,1,0,0,0.03233771206264354,0
synthetic,22,launched,email,,3,Recompensa,Beneficio disponible,Plantilla con señal de recompensa,0,0,1,0,7,18-24,M,Universitaria,647,synthetic_user_647@example.com,synthetic-uid-647,1,0,0,0,0,0,0,0.03233771206264354,0
synthetic,22,launched,email,,3,Recompensa,Beneficio disponible,Plantilla con señal de recompensa,0,0,1,0,7,18-24,M,Universitaria,648,synthetic_user_648@example.com,synthetic-uid-648,1,0,0,0,0,0,0,0.03233771206264354,0
synthetic,22,launched,email,,3,Recompensa,Beneficio disponible,Plantilla con señal de recompensa,0,0,1,0,7,18-24,M,Universitaria,649,synthetic_user_649@example.com,synthetic-uid-649,1,1,1,0,1,1,0,0.03233771206264354,0
synthetic,22,launched,email,,3,Recompensa,Beneficio disponible,Plantilla con señal de recompensa,0,0,1,0,7,18-24,M,Universitaria,650,synthetic_user_650@example.com,synthetic-uid-650,1,0,0,0,0,0,0,0.03233771206264354,0
synthetic,22,launched,email,,3,Recompensa,Beneficio disponible,Plantilla con señal de recompensa,0,0,1,0,7,18-24,M,Universitaria,651,synthetic_user_651@example.com,synthetic-uid-651,1,0,0,0,0,0,0,0.03233771206264354,0
synthetic,22,launched,email,,3,Recompensa,Beneficio disponible,Plantilla con señal de recompensa,0,0,1,0,7,18-24,M,Universitaria,652,synthetic_user_652@example.com,synthetic-uid-652,1,0,0,0,0,0,0,0.03233771206264354,0
synthetic,22,launched,email,,3,Recompensa,Beneficio disponible,Plantilla con señal de recompensa,0,0,1,0,7,18-24,M,Universitaria,653,synthetic_user_653@example.com,synthetic-uid-653,1,0,0,0,0,0,0,0.03233771206264354,0
synthetic,22,launched,email,,3,Recompensa,Beneficio disponible,Plantilla con señal de recompensa,0,0,1,0,7,18-24,M,Universitaria,654,synthetic_user_654@example.com,synthetic-uid-654,1,0,0,0,0,0,0,0.03233771206264354,0
synthetic,22,launched,email,,3,Recompensa,Beneficio disponible,Plantilla con señal de recompensa,0,0,1,0,7,18-24,M,Universitaria,655,synthetic_user_655@example.com,synthetic-uid-655,1,1,0,0,1,0,0,0.03233771206264354,0
synthetic,22,launched,email,,3,Recompensa,Beneficio disponible,Plantilla con señal de recompensa,0,0,1,0,7,18-24,M,Universitaria,656,synthetic_user_656@example.com,synthetic-uid-656,1,0,0,0,0,0,0,0.03233771206264354,0
synthetic,22,launched,email,,3,Recompensa,Beneficio disponible,Plantilla con señal de recompensa,0,0,1,0,7,18-24,M,Universitaria,657,synthetic_user_657@example.com,synthetic-uid-657,1,0,0,0,0,0,0,0.03233771206264354,0
synthetic,22,launched,email,,3,Recompensa,Beneficio disponible,Plantilla con señal de recompensa,0,0,1,0,7,18-24,M,Universitaria,658,synthetic_user_658@example.com,synthetic-uid-658,1,0,0,0,0,0,0,0.03233771206264354,0
synthetic,22,launched,email,,3,Recompensa,Beneficio disponible,Plantilla con señal de recompensa,0,0,1,0,7,18-24,M,Universitaria,659,synthetic_user_659@example.com,synthetic-uid-659,1,0,0,0,0,0,0,0.03233771206264354,0
synthetic,22,launched,email,,3,Recompensa,Beneficio disponible,Plantilla con señal de recompensa,0,0,1,0,7,18-24,M,Universitaria,660,synthetic_user_660@example.com,synthetic-uid-660,1,1,0,0,1,0,0,0.03233771206264354,0
synthetic,23,launched,email,,3,Recompensa,Beneficio disponible,Plantilla con señal de recompensa,0,0,1,0,19,35-44,F,Universitaria,661,synthetic_user_661@example.com,synthetic-uid-661,1,0,0,0,0,0,0,0.027587143204689354,0
synthetic,23,launched,email,,3,Recompensa,Beneficio disponible,Plantilla con señal de recompensa,0,0,1,0,19,35-44,F,Universitaria,662,synthetic_user_662@example.com,synthetic-uid-662,1,0,0,0,0,0,0,0.027587143204689354,0
synthetic,23,launched,email,,3,Recompensa,Beneficio disponible,Plantilla con señal de recompensa,0,0,1,0,19,35-44,F,Universitaria,663,synthetic_user_663@example.com,synthetic-uid-663,1,1,0,0,1,0,0,0.027587143204689354,0
synthetic,23,launched,email,,3,Recompensa,Beneficio disponible,Plantilla con señal de recompensa,0,0,1,0,19,35-44,F,Universitaria,664,synthetic_user_664@example.com,synthetic-uid-664,1,0,0,0,0,0,0,0.027587143204689354,0
synthetic,23,launched,email,,3,Recompensa,Beneficio disponible,Plantilla con señal de recompensa,0,0,1,0,19,35-44,F,Universitaria,665,synthetic_user_665@example.com,synthetic-uid-665,1,1,0,0,1,0,0,0.027587143204689354,0
synthetic,23,launched,email,,3,Recompensa,Beneficio disponible,Plantilla con señal de recompensa,0,0,1,0,19,35-44,F,Universitaria,666,synthetic_user_666@example.com,synthetic-uid-666,1,0,0,0,0,0,0,0.027587143204689354,0
synthetic,23,launched,email,,3,Recompensa,Beneficio disponible,Plantilla con señal de recompensa,0,0,1,0,19,35-44,F,Universitaria,667,synthetic_user_667@example.com,synthetic-uid-667,1,0,0,0,0,0,0,0.027587143204689354,0
synthetic,23,launched,email,,3,Recompensa,Beneficio disponible,Plantilla con señal de recompensa,0,0,1,0,19,35-44,F,Universitaria,668,synthetic_user_668@example.com,synthetic-uid-668,1,0,0,0,0,0,0,0.027587143204689354,0
synthetic,23,launched,email,,3,Recompensa,Beneficio disponible,Plantilla con señal de recompensa,0,0,1,0,19,35-44,F,Universitaria,669,synthetic_user_669@example.com,synthetic-uid-669,1,0,0,0,0,0,0,0.027587143204689354,0
synthetic,23,launched,email,,3,Recompensa,Beneficio disponible,Plantilla con señal de recompensa,0,0,1,0,19,35-44,F,Universitaria,670,synthetic_user_670@example.com,synthetic-uid-670,1,0,0,0,0,0,0,0.027587143204689354,0
synthetic,23,launched,email,,3,Recompensa,Beneficio disponible,Plantilla con señal de recompensa,0,0,1,0,19,35-44,F,Universitaria,671,synthetic_user_671@example.com,synthetic-uid-671,1,1,0,0,1,0,0,0.027587143204689354,0
synthetic,23,launched,email,,3,Recompensa,Beneficio disponible,Plantilla con señal de recompensa,0,0,1,0,19,35-44,F,Universitaria,672,synthetic_user_672@example.com,synthetic-uid-672,1,0,0,0,0,0,0,0.027587143204689354,0
synthetic,23,launched,email,,3,Recompensa,Beneficio disponible,Plantilla con señal de recompensa,0,0,1,0,19,35-44,F,Universitaria,673,synthetic_user_673@example.com,synthetic-uid-673,1,0,0,0,0,0,0,0.027587143204689354,0
synthetic,23,launched,email,,3,Recompensa,Beneficio disponible,Plantilla con señal de recompensa,0,0,1,0,19,35-44,F,Universitaria,674,synthetic_user_674@example.com,synthetic-uid-674,1,0,0,0,0,0,0,0.027587143204689354,0
synthetic,23,launched,email,,3,Recompensa,Beneficio disponible,Plantilla con señal de recompensa,0,0,1,0,19,35-44,F,Universitaria,675,synthetic_user_675@example.com,synthetic-uid-675,1,0,0,0,0,0,0,0.027587143204689354,0
synthetic,23,launched,email,,3,Recompensa,Beneficio disponible,Plantilla con señal de recompensa,0,0,1,0,19,35-44,F,Universitaria,676,synthetic_user_676@example.com,synthetic-uid-676,1,1,0,0,1,0,0,0.027587143204689354,0
synthetic,23,launched,email,,3,Recompensa,Beneficio disponible,Plantilla con señal de recompensa,0,0,1,0,19,35-44,F,Universitaria,677,synthetic_user_677@example.com,synthetic-uid-677,1,1,0,0,1,0,0,0.027587143204689354,0
synthetic,23,launched,email,,3,Recompensa,Beneficio disponible,Plantilla con señal de recompensa,0,0,1,0,19,35-44,F,Universitaria,678,synthetic_user_678@example.com,synthetic-uid-678,1,0,0,0,0,0,0,0.027587143204689354,0
synthetic,23,launched,email,,3,Recompensa,Beneficio disponible,Plantilla con señal de recompensa,0,0,1,0,19,35-44,F,Universitaria,679,synthetic_user_679@example.com,synthetic-uid-679,1,0,0,0,0,0,0,0.027587143204689354,0
synthetic,23,launched,email,,3,Recompensa,Beneficio disponible,Plantilla con señal de recompensa,0,0,1,0,19,35-44,F,Universitaria,680,synthetic_user_680@example.com,synthetic-uid-680,1,0,0,0,0,0,0,0.027587143204689354,0
synthetic,23,launched,email,,3,Recompensa,Beneficio disponible,Plantilla con señal de recompensa,0,0,1,0,19,35-44,F,Universitaria,681,synthetic_user_681@example.com,synthetic-uid-681,1,0,0,0,0,0,0,0.027587143204689354,0
synthetic,23,launched,email,,3,Recompensa,Beneficio disponible,Plantilla con señal de recompensa,0,0,1,0,19,35-44,F,Universitaria,682,synthetic_user_682@example.com,synthetic-uid-682,1,0,0,0,0,0,0,0.027587143204689354,0
synthetic,23,launched,email,,3,Recompensa,Beneficio disponible,Plantilla con señal de recompensa,0,0,1,0,19,35-44,F,Universitaria,683,synthetic_user_683@example.com,synthetic-uid-683,1,0,0,0,0,0,0,0.027587143204689354,0
synthetic,23,launched,email,,3,Recompensa,Beneficio disponible,Plantilla con señal de recompensa,0,0,1,0,19,35-44,F,Universitaria,684,synthetic_user_684@example.com,synthetic-uid-684,1,0,0,0,0,0,0,0.027587143204689354,0
synthetic,23,launched,email,,3,Recompensa,Beneficio disponible,Plantilla con señal de recompensa,0,0,1,0,19,35-44,F,Universitaria,685,synthetic_user_685@example.com,synthetic-uid-685,1,0,0,0,0,0,0,0.027587143204689354,0
synthetic,23,launched,email,,3,Recompensa,Beneficio disponible,Plantilla con señal de recompensa,0,0,1,0,19,35-44,F,Universitaria,686,synthetic_user_686@example.com,synthetic-uid-686,1,1,0,0,1,0,0,0.027587143204689354,0
synthetic,23,launched,email,,3,Recompensa,Beneficio disponible,Plantilla con señal de recompensa,0,0,1,0,19,35-44,F,Universitaria,687,synthetic_user_687@example.com,synthetic-uid-687,1,0,0,0,0,0,0,0.027587143204689354,0
synthetic,23,launched,email,,3,Recompensa,Beneficio disponible,Plantilla con señal de recompensa,0,0,1,0,19,35-44,F,Universitaria,688,synthetic_user_688@example.com,synthetic-uid-688,1,1,0,0,1,0,0,0.027587143204689354,0
synthetic,23,launched,email,,3,Recompensa,Beneficio disponible,Plantilla con señal de recompensa,0,0,1,0,19,35-44,F,Universitaria,689,synthetic_user_689@example.com,synthetic-uid-689,1,1,0,0,1,0,0,0.027587143204689354,0
synthetic,23,launched,email,,3,Recompensa,Beneficio disponible,Plantilla con señal de recompensa,0,0,1,0,19,35-44,F,Universitaria,690,synthetic_user_690@example.com,synthetic-uid-690,1,0,0,0,0,0,0,0.027587143204689354,0
synthetic,24,launched,email,,3,Recompensa,Beneficio disponible,Plantilla con señal de recompensa,0,0,1,0,1,18-24,F,Secundaria,691,synthetic_user_691@example.com,synthetic-uid-691,1,0,0,0,0,0,0,0.054718829938457766,0
synthetic,24,launched,email,,3,Recompensa,Beneficio disponible,Plantilla con señal de recompensa,0,0,1,0,1,18-24,F,Secundaria,692,synthetic_user_692@example.com,synthetic-uid-692,1,0,0,0,0,0,0,0.054718829938457766,0
synthetic,24,launched,email,,3,Recompensa,Beneficio disponible,Plantilla con señal de recompensa,0,0,1,0,1,18-24,F,Secundaria,693,synthetic_user_693@example.com,synthetic-uid-693,1,0,0,0,0,0,0,0.054718829938457766,0
synthetic,24,launched,email,,3,Recompensa,Beneficio disponible,Plantilla con señal de recompensa,0,0,1,0,1,18-24,F,Secundaria,694,synthetic_user_694@example.com,synthetic-uid-694,1,1,0,0,1,0,0,0.054718829938457766,0
synthetic,24,launched,email,,3,Recompensa,Beneficio disponible,Plantilla con señal de recompensa,0,0,1,0,1,18-24,F,Secundaria,695,synthetic_user_695@example.com,synthetic-uid-695,1,0,0,0,0,0,0,0.054718829938457766,0
synthetic,24,launched,email,,3,Recompensa,Beneficio disponible,Plantilla con señal de recompensa,0,0,1,0,1,18-24,F,Secundaria,696,synthetic_user_696@example.com,synthetic-uid-696,1,0,0,0,0,0,0,0.054718829938457766,0
synthetic,24,launched,email,,3,Recompensa,Beneficio disponible,Plantilla con señal de recompensa,0,0,1,0,1,18-24,F,Secundaria,697,synthetic_user_697@example.com,synthetic-uid-697,1,1,0,0,1,0,0,0.054718829938457766,0
synthetic,24,launched,email,,3,Recompensa,Beneficio disponible,Plantilla con señal de recompensa,0,0,1,0,1,18-24,F,Secundaria,698,synthetic_user_698@example.com,synthetic-uid-698,1,0,0,0,0,0,0,0.054718829938457766,0
synthetic,24,launched,email,,3,Recompensa,Beneficio disponible,Plantilla con señal de recompensa,0,0,1,0,1,18-24,F,Secundaria,699,synthetic_user_699@example.com,synthetic-uid-699,1,1,0,0,1,0,0,0.054718829938457766,0
synthetic,24,launched,email,,3,Recompensa,Beneficio disponible,Plantilla con señal de recompensa,0,0,1,0,1,18-24,F,Secundaria,700,synthetic_user_700@example.com,synthetic-uid-700,1,0,0,0,0,0,0,0.054718829938457766,0
synthetic,24,launched,email,,3,Recompensa,Beneficio disponible,Plantilla con señal de recompensa,0,0,1,0,1,18-24,F,Secundaria,701,synthetic_user_701@example.com,synthetic-uid-701,1,0,0,0,0,0,0,0.054718829938457766,0
synthetic,24,launched,email,,3,Recompensa,Beneficio disponible,Plantilla con señal de recompensa,0,0,1,0,1,18-24,F,Secundaria,702,synthetic_user_702@example.com,synthetic-uid-702,1,0,0,0,0,0,0,0.054718829938457766,0
synthetic,24,launched,email,,3,Recompensa,Beneficio disponible,Plantilla con señal de recompensa,0,0,1,0,1,18-24,F,Secundaria,703,synthetic_user_703@example.com,synthetic-uid-703,1,0,0,0,0,0,0,0.054718829938457766,0
synthetic,24,launched,email,,3,Recompensa,Beneficio disponible,Plantilla con señal de recompensa,0,0,1,0,1,18-24,F,Secundaria,704,synthetic_user_704@example.com,synthetic-uid-704,1,0,0,0,0,0,0,0.054718829938457766,0
synthetic,24,launched,email,,3,Recompensa,Beneficio disponible,Plantilla con señal de recompensa,0,0,1,0,1,18-24,F,Secundaria,705,synthetic_user_705@example.com,synthetic-uid-705,1,0,0,0,0,0,0,0.054718829938457766,0
synthetic,24,launched,email,,3,Recompensa,Beneficio disponible,Plantilla con señal de recompensa,0,0,1,0,1,18-24,F,Secundaria,706,synthetic_user_706@example.com,synthetic-uid-706,1,0,0,0,0,0,0,0.054718829938457766,0
synthetic,24,launched,email,,3,Recompensa,Beneficio disponible,Plantilla con señal de recompensa,0,0,1,0,1,18-24,F,Secundaria,707,synthetic_user_707@example.com,synthetic-uid-707,1,0,0,0,0,0,0,0.054718829938457766,0
synthetic,24,launched,email,,3,Recompensa,Beneficio disponible,Plantilla con señal de recompensa,0,0,1,0,1,18-24,F,Secundaria,708,synthetic_user_708@example.com,synthetic-uid-708,1,1,0,0,1,0,0,0.054718829938457766,0
synthetic,24,launched,email,,3,Recompensa,Beneficio disponible,Plantilla con señal de recompensa,0,0,1,0,1,18-24,F,Secundaria,709,synthetic_user_709@example.com,synthetic-uid-709,1,0,0,0,0,0,0,0.054718829938457766,0
synthetic,24,launched,email,,3,Recompensa,Beneficio disponible,Plantilla con señal de recompensa,0,0,1,0,1,18-24,F,Secundaria,710,synthetic_user_710@example.com,synthetic-uid-710,1,0,0,0,0,0,0,0.054718829938457766,0
synthetic,24,launched,email,,3,Recompensa,Beneficio disponible,Plantilla con señal de recompensa,0,0,1,0,1,18-24,F,Secundaria,711,synthetic_user_711@example.com,synthetic-uid-711,1,1,0,0,1,0,0,0.054718829938457766,0
synthetic,24,launched,email,,3,Recompensa,Beneficio disponible,Plantilla con señal de recompensa,0,0,1,0,1,18-24,F,Secundaria,712,synthetic_user_712@example.com,synthetic-uid-712,1,0,0,0,0,0,0,0.054718829938457766,0
synthetic,24,launched,email,,3,Recompensa,Beneficio disponible,Plantilla con señal de recompensa,0,0,1,0,1,18-24,F,Secundaria,713,synthetic_user_713@example.com,synthetic-uid-713,1,1,1,0,1,1,0,0.054718829938457766,0
synthetic,24,launched,email,,3,Recompensa,Beneficio disponible,Plantilla con señal de recompensa,0,0,1,0,1,18-24,F,Secundaria,714,synthetic_user_714@example.com,synthetic-uid-714,1,0,0,0,0,0,0,0.054718829938457766,0
synthetic,24,launched,email,,3,Recompensa,Beneficio disponible,Plantilla con señal de recompensa,0,0,1,0,1,18-24,F,Secundaria,715,synthetic_user_715@example.com,synthetic-uid-715,1,0,0,0,0,0,0,0.054718829938457766,0
synthetic,24,launched,email,,3,Recompensa,Beneficio disponible,Plantilla con señal de recompensa,0,0,1,0,1,18-24,F,Secundaria,716,synthetic_user_716@example.com,synthetic-uid-716,1,0,0,0,0,0,0,0.054718829938457766,0
synthetic,24,launched,email,,3,Recompensa,Beneficio disponible,Plantilla con señal de recompensa,0,0,1,0,1,18-24,F,Secundaria,717,synthetic_user_717@example.com,synthetic-uid-717,1,0,0,0,0,0,0,0.054718829938457766,0
synthetic,24,launched,email,,3,Recompensa,Beneficio disponible,Plantilla con señal de recompensa,0,0,1,0,1,18-24,F,Secundaria,718,synthetic_user_718@example.com,synthetic-uid-718,1,0,0,0,0,0,0,0.054718829938457766,0
synthetic,24,launched,email,,3,Recompensa,Beneficio disponible,Plantilla con señal de recompensa,0,0,1,0,1,18-24,F,Secundaria,719,synthetic_user_719@example.com,synthetic-uid-719,1,1,0,0,1,0,0,0.054718829938457766,0
synthetic,24,launched,email,,3,Recompensa,Beneficio disponible,Plantilla con señal de recompensa,0,0,1,0,1,18-24,F,Secundaria,720,synthetic_user_720@example.com,synthetic-uid-720,1,0,0,0,0,0,0,0.054718829938457766,0
synthetic,25,launched,email,,3,Recompensa,Beneficio disponible,Plantilla con señal de recompensa,0,0,1,0,19,35-44,F,Universitaria,721,synthetic_user_721@example.com,synthetic-uid-721,1,0,0,0,0,0,0,0.027587143204689354,0
synthetic,25,launched,email,,3,Recompensa,Beneficio disponible,Plantilla con señal de recompensa,0,0,1,0,19,35-44,F,Universitaria,722,synthetic_user_722@example.com,synthetic-uid-722,1,0,0,0,0,0,0,0.027587143204689354,0
synthetic,25,launched,email,,3,Recompensa,Beneficio disponible,Plantilla con señal de recompensa,0,0,1,0,19,35-44,F,Universitaria,723,synthetic_user_723@example.com,synthetic-uid-723,1,1,0,0,1,0,0,0.027587143204689354,0
synthetic,25,launched,email,,3,Recompensa,Beneficio disponible,Plantilla con señal de recompensa,0,0,1,0,19,35-44,F,Universitaria,724,synthetic_user_724@example.com,synthetic-uid-724,1,1,0,0,1,0,0,0.027587143204689354,0
synthetic,25,launched,email,,3,Recompensa,Beneficio disponible,Plantilla con señal de recompensa,0,0,1,0,19,35-44,F,Universitaria,725,synthetic_user_725@example.com,synthetic-uid-725,1,0,0,0,0,0,0,0.027587143204689354,0
synthetic,25,launched,email,,3,Recompensa,Beneficio disponible,Plantilla con señal de recompensa,0,0,1,0,19,35-44,F,Universitaria,726,synthetic_user_726@example.com,synthetic-uid-726,1,0,0,0,0,0,0,0.027587143204689354,0
synthetic,25,launched,email,,3,Recompensa,Beneficio disponible,Plantilla con señal de recompensa,0,0,1,0,19,35-44,F,Universitaria,727,synthetic_user_727@example.com,synthetic-uid-727,1,0,0,0,0,0,0,0.027587143204689354,0
synthetic,25,launched,email,,3,Recompensa,Beneficio disponible,Plantilla con señal de recompensa,0,0,1,0,19,35-44,F,Universitaria,728,synthetic_user_728@example.com,synthetic-uid-728,1,0,0,0,0,0,0,0.027587143204689354,0
synthetic,25,launched,email,,3,Recompensa,Beneficio disponible,Plantilla con señal de recompensa,0,0,1,0,19,35-44,F,Universitaria,729,synthetic_user_729@example.com,synthetic-uid-729,1,0,0,0,0,0,0,0.027587143204689354,0
synthetic,25,launched,email,,3,Recompensa,Beneficio disponible,Plantilla con señal de recompensa,0,0,1,0,19,35-44,F,Universitaria,730,synthetic_user_730@example.com,synthetic-uid-730,1,0,0,0,0,0,0,0.027587143204689354,0
synthetic,25,launched,email,,3,Recompensa,Beneficio disponible,Plantilla con señal de recompensa,0,0,1,0,19,35-44,F,Universitaria,731,synthetic_user_731@example.com,synthetic-uid-731,1,0,0,0,0,0,0,0.027587143204689354,0
synthetic,25,launched,email,,3,Recompensa,Beneficio disponible,Plantilla con señal de recompensa,0,0,1,0,19,35-44,F,Universitaria,732,synthetic_user_732@example.com,synthetic-uid-732,1,1,0,0,1,0,0,0.027587143204689354,0
synthetic,25,launched,email,,3,Recompensa,Beneficio disponible,Plantilla con señal de recompensa,0,0,1,0,19,35-44,F,Universitaria,733,synthetic_user_733@example.com,synthetic-uid-733,1,0,0,0,0,0,0,0.027587143204689354,0
synthetic,25,launched,email,,3,Recompensa,Beneficio disponible,Plantilla con señal de recompensa,0,0,1,0,19,35-44,F,Universitaria,734,synthetic_user_734@example.com,synthetic-uid-734,1,0,0,0,0,0,0,0.027587143204689354,0
synthetic,25,launched,email,,3,Recompensa,Beneficio disponible,Plantilla con señal de recompensa,0,0,1,0,19,35-44,F,Universitaria,735,synthetic_user_735@example.com,synthetic-uid-735,1,0,0,0,0,0,0,0.027587143204689354,0
synthetic,25,launched,email,,3,Recompensa,Beneficio disponible,Plantilla con señal de recompensa,0,0,1,0,19,35-44,F,Universitaria,736,synthetic_user_736@example.com,synthetic-uid-736,1,0,0,0,0,0,0,0.027587143204689354,0
synthetic,25,launched,email,,3,Recompensa,Beneficio disponible,Plantilla con señal de recompensa,0,0,1,0,19,35-44,F,Universitaria,737,synthetic_user_737@example.com,synthetic-uid-737,1,0,0,0,0,0,0,0.027587143204689354,0
synthetic,25,launched,email,,3,Recompensa,Beneficio disponible,Plantilla con señal de recompensa,0,0,1,0,19,35-44,F,Universitaria,738,synthetic_user_738@example.com,synthetic-uid-738,1,0,0,0,0,0,0,0.027587143204689354,0
synthetic,25,launched,email,,3,Recompensa,Beneficio disponible,Plantilla con señal de recompensa,0,0,1,0,19,35-44,F,Universitaria,739,synthetic_user_739@example.com,synthetic-uid-739,1,1,0,0,1,0,0,0.027587143204689354,0
synthetic,25,launched,email,,3,Recompensa,Beneficio disponible,Plantilla con señal de recompensa,0,0,1,0,19,35-44,F,Universitaria,740,synthetic_user_740@example.com,synthetic-uid-740,1,1,0,0,1,0,0,0.027587143204689354,0
synthetic,25,launched,email,,3,Recompensa,Beneficio disponible,Plantilla con señal de recompensa,0,0,1,0,19,35-44,F,Universitaria,741,synthetic_user_741@example.com,synthetic-uid-741,1,0,0,0,0,0,0,0.027587143204689354,0
synthetic,25,launched,email,,3,Recompensa,Beneficio disponible,Plantilla con señal de recompensa,0,0,1,0,19,35-44,F,Universitaria,742,synthetic_user_742@example.com,synthetic-uid-742,1,0,0,0,0,0,0,0.027587143204689354,0
synthetic,25,launched,email,,3,Recompensa,Beneficio disponible,Plantilla con señal de recompensa,0,0,1,0,19,35-44,F,Universitaria,743,synthetic_user_743@example.com,synthetic-uid-743,1,1,1,0,1,1,0,0.027587143204689354,0
synthetic,25,launched,email,,3,Recompensa,Beneficio disponible,Plantilla con señal de recompensa,0,0,1,0,19,35-44,F,Universitaria,744,synthetic_user_744@example.com,synthetic-uid-744,1,0,0,0,0,0,0,0.027587143204689354,0
synthetic,25,launched,email,,3,Recompensa,Beneficio disponible,Plantilla con señal de recompensa,0,0,1,0,19,35-44,F,Universitaria,745,synthetic_user_745@example.com,synthetic-uid-745,1,0,0,0,0,0,0,0.027587143204689354,0
synthetic,25,launched,email,,3,Recompensa,Beneficio disponible,Plantilla con señal de recompensa,0,0,1,0,19,35-44,F,Universitaria,746,synthetic_user_746@example.com,synthetic-uid-746,1,0,0,0,0,0,0,0.027587143204689354,0
synthetic,25,launched,email,,3,Recompensa,Beneficio disponible,Plantilla con señal de recompensa,0,0,1,0,19,35-44,F,Universitaria,747,synthetic_user_747@example.com,synthetic-uid-747,1,0,0,0,0,0,0,0.027587143204689354,0
synthetic,25,launched,email,,3,Recompensa,Beneficio disponible,Plantilla con señal de recompensa,0,0,1,0,19,35-44,F,Universitaria,748,synthetic_user_748@example.com,synthetic-uid-748,1,1,0,0,1,0,0,0.027587143204689354,0
synthetic,25,launched,email,,3,Recompensa,Beneficio disponible,Plantilla con señal de recompensa,0,0,1,0,19,35-44,F,Universitaria,749,synthetic_user_749@example.com,synthetic-uid-749,1,0,0,0,0,0,0,0.027587143204689354,0
synthetic,25,launched,email,,3,Recompensa,Beneficio disponible,Plantilla con señal de recompensa,0,0,1,0,19,35-44,F,Universitaria,750,synthetic_user_750@example.com,synthetic-uid-750,1,0,0,0,0,0,0,0.027587143204689354,0
synthetic,26,launched,email,,3,Recompensa,Beneficio disponible,Plantilla con señal de recompensa,0,0,1,0,7,18-24,M,Universitaria,751,synthetic_user_751@example.com,synthetic-uid-751,1,1,0,0,1,0,0,0.03233771206264354,0
synthetic,26,launched,email,,3,Recompensa,Beneficio disponible,Plantilla con señal de recompensa,0,0,1,0,7,18-24,M,Universitaria,752,synthetic_user_752@example.com,synthetic-uid-752,1,0,0,0,0,0,0,0.03233771206264354,0
synthetic,26,launched,email,,3,Recompensa,Beneficio disponible,Plantilla con señal de recompensa,0,0,1,0,7,18-24,M,Universitaria,753,synthetic_user_753@example.com,synthetic-uid-753,1,0,0,0,0,0,0,0.03233771206264354,0
synthetic,26,launched,email,,3,Recompensa,Beneficio disponible,Plantilla con señal de recompensa,0,0,1,0,7,18-24,M,Universitaria,754,synthetic_user_754@example.com,synthetic-uid-754,1,0,0,0,0,0,0,0.03233771206264354,0
synthetic,26,launched,email,,3,Recompensa,Beneficio disponible,Plantilla con señal de recompensa,0,0,1,0,7,18-24,M,Universitaria,755,synthetic_user_755@example.com,synthetic-uid-755,1,0,0,0,0,0,0,0.03233771206264354,0
synthetic,26,launched,email,,3,Recompensa,Beneficio disponible,Plantilla con señal de recompensa,0,0,1,0,7,18-24,M,Universitaria,756,synthetic_user_756@example.com,synthetic-uid-756,1,0,0,0,0,0,0,0.03233771206264354,0
synthetic,26,launched,email,,3,Recompensa,Beneficio disponible,Plantilla con señal de recompensa,0,0,1,0,7,18-24,M,Universitaria,757,synthetic_user_757@example.com,synthetic-uid-757,1,0,0,0,0,0,0,0.03233771206264354,0
synthetic,26,launched,email,,3,Recompensa,Beneficio disponible,Plantilla con señal de recompensa,0,0,1,0,7,18-24,M,Universitaria,758,synthetic_user_758@example.com,synthetic-uid-758,1,0,0,0,0,0,0,0.03233771206264354,0
synthetic,26,launched,email,,3,Recompensa,Beneficio disponible,Plantilla con señal de recompensa,0,0,1,0,7,18-24,M,Universitaria,759,synthetic_user_759@example.com,synthetic-uid-759,1,0,0,0,0,0,0,0.03233771206264354,0
synthetic,26,launched,email,,3,Recompensa,Beneficio disponible,Plantilla con señal de recompensa,0,0,1,0,7,18-24,M,Universitaria,760,synthetic_user_760@example.com,synthetic-uid-760,1,0,0,0,0,0,0,0.03233771206264354,0
synthetic,26,launched,email,,3,Recompensa,Beneficio disponible,Plantilla con señal de recompensa,0,0,1,0,7,18-24,M,Universitaria,761,synthetic_user_761@example.com,synthetic-uid-761,1,0,0,0,0,0,0,0.03233771206264354,0
synthetic,26,launched,email,,3,Recompensa,Beneficio disponible,Plantilla con señal de recompensa,0,0,1,0,7,18-24,M,Universitaria,762,synthetic_user_762@example.com,synthetic-uid-762,1,0,0,0,0,0,0,0.03233771206264354,0
synthetic,26,launched,email,,3,Recompensa,Beneficio disponible,Plantilla con señal de recompensa,0,0,1,0,7,18-24,M,Universitaria,763,synthetic_user_763@example.com,synthetic-uid-763,1,0,0,0,0,0,0,0.03233771206264354,0
synthetic,26,launched,email,,3,Recompensa,Beneficio disponible,Plantilla con señal de recompensa,0,0,1,0,7,18-24,M,Universitaria,764,synthetic_user_764@example.com,synthetic-uid-764,1,1,0,0,1,0,0,0.03233771206264354,0
synthetic,26,launched,email,,3,Recompensa,Beneficio disponible,Plantilla con señal de recompensa,0,0,1,0,7,18-24,M,Universitaria,765,synthetic_user_765@example.com,synthetic-uid-765,1,1,0,0,1,0,0,0.03233771206264354,0
synthetic,26,launched,email,,3,Recompensa,Beneficio disponible,Plantilla con señal de recompensa,0,0,1,0,7,18-24,M,Universitaria,766,synthetic_user_766@example.com,synthetic-uid-766,1,1,0,0,1,0,0,0.03233771206264354,0
synthetic,26,launched,email,,3,Recompensa,Beneficio disponible,Plantilla con señal de recompensa,0,0,1,0,7,18-24,M,Universitaria,767,synthetic_user_767@example.com,synthetic-uid-767,1,0,0,0,0,0,0,0.03233771206264354,0
synthetic,26,launched,email,,3,Recompensa,Beneficio disponible,Plantilla con señal de recompensa,0,0,1,0,7,18-24,M,Universitaria,768,synthetic_user_768@example.com,synthetic-uid-768,1,0,0,0,0,0,0,0.03233771206264354,0
synthetic,26,launched,email,,3,Recompensa,Beneficio disponible,Plantilla con señal de recompensa,0,0,1,0,7,18-24,M,Universitaria,769,synthetic_user_769@example.com,synthetic-uid-769,1,0,0,0,0,0,0,0.03233771206264354,0
synthetic,26,launched,email,,3,Recompensa,Beneficio disponible,Plantilla con señal de recompensa,0,0,1,0,7,18-24,M,Universitaria,770,synthetic_user_770@example.com,synthetic-uid-770,1,0,0,0,0,0,0,0.03233771206264354,0
synthetic,26,launched,email,,3,Recompensa,Beneficio disponible,Plantilla con señal de recompensa,0,0,1,0,7,18-24,M,Universitaria,771,synthetic_user_771@example.com,synthetic-uid-771,1,1,0,0,1,0,0,0.03233771206264354,0
synthetic,26,launched,email,,3,Recompensa,Beneficio disponible,Plantilla con señal de recompensa,0,0,1,0,7,18-24,M,Universitaria,772,synthetic_user_772@example.com,synthetic-uid-772,1,0,0,0,0,0,0,0.03233771206264354,0
synthetic,26,launched,email,,3,Recompensa,Beneficio disponible,Plantilla con señal de recompensa,0,0,1,0,7,18-24,M,Universitaria,773,synthetic_user_773@example.com,synthetic-uid-773,1,0,0,0,0,0,0,0.03233771206264354,0
synthetic,26,launched,email,,3,Recompensa,Beneficio disponible,Plantilla con señal de recompensa,0,0,1,0,7,18-24,M,Universitaria,774,synthetic_user_774@example.com,synthetic-uid-774,1,0,0,0,0,0,0,0.03233771206264354,0
synthetic,26,launched,email,,3,Recompensa,Beneficio disponible,Plantilla con señal de recompensa,0,0,1,0,7,18-24,M,Universitaria,775,synthetic_user_775@example.com,synthetic-uid-775,1,1,0,0,1,0,0,0.03233771206264354,0
synthetic,26,launched,email,,3,Recompensa,Beneficio disponible,Plantilla con señal de recompensa,0,0,1,0,7,18-24,M,Universitaria,776,synthetic_user_776@example.com,synthetic-uid-776,1,0,0,0,0,0,0,0.03233771206264354,0
synthetic,26,launched,email,,3,Recompensa,Beneficio disponible,Plantilla con señal de recompensa,0,0,1,0,7,18-24,M,Universitaria,777,synthetic_user_777@example.com,synthetic-uid-777,1,0,0,0,0,0,0,0.03233771206264354,0
synthetic,26,launched,email,,3,Recompensa,Beneficio disponible,Plantilla con señal de recompensa,0,0,1,0,7,18-24,M,Universitaria,778,synthetic_user_778@example.com,synthetic-uid-778,1,1,0,0,1,0,0,0.03233771206264354,0
synthetic,26,launched,email,,3,Recompensa,Beneficio disponible,Plantilla con señal de recompensa,0,0,1,0,7,18-24,M,Universitaria,779,synthetic_user_779@example.com,synthetic-uid-779,1,0,0,0,0,0,0,0.03233771206264354,0
synthetic,26,launched,email,,3,Recompensa,Beneficio disponible,Plantilla con señal de recompensa,0,0,1,0,7,18-24,M,Universitaria,780,synthetic_user_780@example.com,synthetic-uid-780,1,0,0,0,0,0,0,0.03233771206264354,0
synthetic,27,launched,email,,3,Recompensa,Beneficio disponible,Plantilla con señal de recompensa,0,0,1,0,14,25-34,M,Tecnica,781,synthetic_user_781@example.com,synthetic-uid-781,1,1,0,0,1,0,0,0.08519593426935099,0
synthetic,27,launched,email,,3,Recompensa,Beneficio disponible,Plantilla con señal de recompensa,0,0,1,0,14,25-34,M,Tecnica,782,synthetic_user_782@example.com,synthetic-uid-782,1,1,0,0,1,0,0,0.08519593426935099,0
synthetic,27,launched,email,,3,Recompensa,Beneficio disponible,Plantilla con señal de recompensa,0,0,1,0,14,25-34,M,Tecnica,783,synthetic_user_783@example.com,synthetic-uid-783,1,0,0,0,0,0,0,0.08519593426935099,0
synthetic,27,launched,email,,3,Recompensa,Beneficio disponible,Plantilla con señal de recompensa,0,0,1,0,14,25-34,M,Tecnica,784,synthetic_user_784@example.com,synthetic-uid-784,1,1,1,0,1,1,0,0.08519593426935099,0
synthetic,27,launched,email,,3,Recompensa,Beneficio disponible,Plantilla con señal de recompensa,0,0,1,0,14,25-34,M,Tecnica,785,synthetic_user_785@example.com,synthetic-uid-785,1,0,0,0,0,0,0,0.08519593426935099,0
synthetic,27,launched,email,,3,Recompensa,Beneficio disponible,Plantilla con señal de recompensa,0,0,1,0,14,25-34,M,Tecnica,786,synthetic_user_786@example.com,synthetic-uid-786,1,1,0,0,1,0,0,0.08519593426935099,0
synthetic,27,launched,email,,3,Recompensa,Beneficio disponible,Plantilla con señal de recompensa,0,0,1,0,14,25-34,M,Tecnica,787,synthetic_user_787@example.com,synthetic-uid-787,1,1,1,0,1,1,0,0.08519593426935099,0
synthetic,27,launched,email,,3,Recompensa,Beneficio disponible,Plantilla con señal de recompensa,0,0,1,0,14,25-34,M,Tecnica,788,synthetic_user_788@example.com,synthetic-uid-788,1,1,1,0,1,1,0,0.08519593426935099,0
synthetic,27,launched,email,,3,Recompensa,Beneficio disponible,Plantilla con señal de recompensa,0,0,1,0,14,25-34,M,Tecnica,789,synthetic_user_789@example.com,synthetic-uid-789,1,0,0,0,0,0,0,0.08519593426935099,0
synthetic,27,launched,email,,3,Recompensa,Beneficio disponible,Plantilla con señal de recompensa,0,0,1,0,14,25-34,M,Tecnica,790,synthetic_user_790@example.com,synthetic-uid-790,1,1,1,0,1,1,0,0.08519593426935099,0
synthetic,27,launched,email,,3,Recompensa,Beneficio disponible,Plantilla con señal de recompensa,0,0,1,0,14,25-34,M,Tecnica,791,synthetic_user_791@example.com,synthetic-uid-791,1,0,0,0,0,0,0,0.08519593426935099,0
synthetic,27,launched,email,,3,Recompensa,Beneficio disponible,Plantilla con señal de recompensa,0,0,1,0,14,25-34,M,Tecnica,792,synthetic_user_792@example.com,synthetic-uid-792,1,1,0,0,1,0,0,0.08519593426935099,0
synthetic,27,launched,email,,3,Recompensa,Beneficio disponible,Plantilla con señal de recompensa,0,0,1,0,14,25-34,M,Tecnica,793,synthetic_user_793@example.com,synthetic-uid-793,1,1,1,0,1,1,0,0.08519593426935099,0
synthetic,27,launched,email,,3,Recompensa,Beneficio disponible,Plantilla con señal de recompensa,0,0,1,0,14,25-34,M,Tecnica,794,synthetic_user_794@example.com,synthetic-uid-794,1,0,0,0,0,0,0,0.08519593426935099,0
synthetic,27,launched,email,,3,Recompensa,Beneficio disponible,Plantilla con señal de recompensa,0,0,1,0,14,25-34,M,Tecnica,795,synthetic_user_795@example.com,synthetic-uid-795,1,0,0,0,0,0,0,0.08519593426935099,0
synthetic,27,launched,email,,3,Recompensa,Beneficio disponible,Plantilla con señal de recompensa,0,0,1,0,14,25-34,M,Tecnica,796,synthetic_user_796@example.com,synthetic-uid-796,1,0,0,0,0,0,0,0.08519593426935099,0
synthetic,27,launched,email,,3,Recompensa,Beneficio disponible,Plantilla con señal de recompensa,0,0,1,0,14,25-34,M,Tecnica,797,synthetic_user_797@example.com,synthetic-uid-797,1,0,0,0,0,0,0,0.08519593426935099,0
synthetic,27,launched,email,,3,Recompensa,Beneficio disponible,Plantilla con señal de recompensa,0,0,1,0,14,25-34,M,Tecnica,798,synthetic_user_798@example.com,synthetic-uid-798,1,0,0,0,0,0,0,0.08519593426935099,0
synthetic,27,launched,email,,3,Recompensa,Beneficio disponible,Plantilla con señal de recompensa,0,0,1,0,14,25-34,M,Tecnica,799,synthetic_user_799@example.com,synthetic-uid-799,1,0,0,0,0,0,0,0.08519593426935099,0
synthetic,27,launched,email,,3,Recompensa,Beneficio disponible,Plantilla con señal de recompensa,0,0,1,0,14,25-34,M,Tecnica,800,synthetic_user_800@example.com,synthetic-uid-800,1,1,0,0,1,0,0,0.08519593426935099,0
synthetic,27,launched,email,,3,Recompensa,Beneficio disponible,Plantilla con señal de recompensa,0,0,1,0,14,25-34,M,Tecnica,801,synthetic_user_801@example.com,synthetic-uid-801,1,0,0,0,0,0,0,0.08519593426935099,0
synthetic,27,launched,email,,3,Recompensa,Beneficio disponible,Plantilla con señal de recompensa,0,0,1,0,14,25-34,M,Tecnica,802,synthetic_user_802@example.com,synthetic-uid-802,1,1,0,0,1,0,0,0.08519593426935099,0
synthetic,27,launched,email,,3,Recompensa,Beneficio disponible,Plantilla con señal de recompensa,0,0,1,0,14,25-34,M,Tecnica,803,synthetic_user_803@example.com,synthetic-uid-803,1,0,0,0,0,0,0,0.08519593426935099,0
synthetic,27,launched,email,,3,Recompensa,Beneficio disponible,Plantilla con señal de recompensa,0,0,1,0,14,25-34,M,Tecnica,804,synthetic_user_804@example.com,synthetic-uid-804,1,0,0,0,0,0,0,0.08519593426935099,0
synthetic,27,launched,email,,3,Recompensa,Beneficio disponible,Plantilla con señal de recompensa,0,0,1,0,14,25-34,M,Tecnica,805,synthetic_user_805@example.com,synthetic-uid-805,1,0,0,0,0,0,0,0.08519593426935099,0
synthetic,27,launched,email,,3,Recompensa,Beneficio disponible,Plantilla con señal de recompensa,0,0,1,0,14,25-34,M,Tecnica,806,synthetic_user_806@example.com,synthetic-uid-806,1,0,0,0,0,0,0,0.08519593426935099,0
synthetic,27,launched,email,,3,Recompensa,Beneficio disponible,Plantilla con señal de recompensa,0,0,1,0,14,25-34,M,Tecnica,807,synthetic_user_807@example.com,synthetic-uid-807,1,1,0,0,1,0,0,0.08519593426935099,0
synthetic,27,launched,email,,3,Recompensa,Beneficio disponible,Plantilla con señal de recompensa,0,0,1,0,14,25-34,M,Tecnica,808,synthetic_user_808@example.com,synthetic-uid-808,1,0,0,0,0,0,0,0.08519593426935099,0
synthetic,27,launched,email,,3,Recompensa,Beneficio disponible,Plantilla con señal de recompensa,0,0,1,0,14,25-34,M,Tecnica,809,synthetic_user_809@example.com,synthetic-uid-809,1,0,0,0,0,0,0,0.08519593426935099,0
synthetic,27,launched,email,,3,Recompensa,Beneficio disponible,Plantilla con señal de recompensa,0,0,1,0,14,25-34,M,Tecnica,810,synthetic_user_810@example.com,synthetic-uid-810,1,0,0,0,0,0,0,0.08519593426935099,0
synthetic,28,launched,email,,3,Recompensa,Beneficio disponible,Plantilla con señal de recompensa,0,0,1,0,29,45-54,M,Secundaria,811,synthetic_user_811@example.com,synthetic-uid-811,1,1,1,0,1,1,0,0.0739229877146888,0
synthetic,28,launched,email,,3,Recompensa,Beneficio disponible,Plantilla con señal de recompensa,0,0,1,0,29,45-54,M,Secundaria,812,synthetic_user_812@example.com,synthetic-uid-812,1,0,0,0,0,0,0,0.0739229877146888,0
synthetic,28,launched,email,,3,Recompensa,Beneficio disponible,Plantilla con señal de recompensa,0,0,1,0,29,45-54,M,Secundaria,813,synthetic_user_813@example.com,synthetic-uid-813,1,1,0,0,1,0,0,0.0739229877146888,0
synthetic,28,launched,email,,3,Recompensa,Beneficio disponible,Plantilla con señal de recompensa,0,0,1,0,29,45-54,M,Secundaria,814,synthetic_user_814@example.com,synthetic-uid-814,1,0,0,0,0,0,0,0.0739229877146888,0
synthetic,28,launched,email,,3,Recompensa,Beneficio disponible,Plantilla con señal de recompensa,0,0,1,0,29,45-54,M,Secundaria,815,synthetic_user_815@example.com,synthetic-uid-815,1,0,0,0,0,0,0,0.0739229877146888,0
synthetic,28,launched,email,,3,Recompensa,Beneficio disponible,Plantilla con señal de recompensa,0,0,1,0,29,45-54,M,Secundaria,816,synthetic_user_816@example.com,synthetic-uid-816,1,0,0,0,0,0,0,0.0739229877146888,0
synthetic,28,launched,email,,3,Recompensa,Beneficio disponible,Plantilla con señal de recompensa,0,0,1,0,29,45-54,M,Secundaria,817,synthetic_user_817@example.com,synthetic-uid-817,1,0,0,0,0,0,0,0.0739229877146888,0
synthetic,28,launched,email,,3,Recompensa,Beneficio disponible,Plantilla con señal de recompensa,0,0,1,0,29,45-54,M,Secundaria,818,synthetic_user_818@example.com,synthetic-uid-818,1,0,0,0,0,0,0,0.0739229877146888,0
synthetic,28,launched,email,,3,Recompensa,Beneficio disponible,Plantilla con señal de recompensa,0,0,1,0,29,45-54,M,Secundaria,819,synthetic_user_819@example.com,synthetic-uid-819,1,0,0,0,0,0,0,0.0739229877146888,0
synthetic,28,launched,email,,3,Recompensa,Beneficio disponible,Plantilla con señal de recompensa,0,0,1,0,29,45-54,M,Secundaria,820,synthetic_user_820@example.com,synthetic-uid-820,1,0,0,0,0,0,0,0.0739229877146888,0
synthetic,28,launched,email,,3,Recompensa,Beneficio disponible,Plantilla con señal de recompensa,0,0,1,0,29,45-54,M,Secundaria,821,synthetic_user_821@example.com,synthetic-uid-821,1,1,0,0,1,0,0,0.0739229877146888,0
synthetic,28,launched,email,,3,Recompensa,Beneficio disponible,Plantilla con señal de recompensa,0,0,1,0,29,45-54,M,Secundaria,822,synthetic_user_822@example.com,synthetic-uid-822,1,0,0,0,0,0,0,0.0739229877146888,0
synthetic,28,launched,email,,3,Recompensa,Beneficio disponible,Plantilla con señal de recompensa,0,0,1,0,29,45-54,M,Secundaria,823,synthetic_user_823@example.com,synthetic-uid-823,1,0,0,0,0,0,0,0.0739229877146888,0
synthetic,28,launched,email,,3,Recompensa,Beneficio disponible,Plantilla con señal de recompensa,0,0,1,0,29,45-54,M,Secundaria,824,synthetic_user_824@example.com,synthetic-uid-824,1,0,0,0,0,0,0,0.0739229877146888,0
synthetic,28,launched,email,,3,Recompensa,Beneficio disponible,Plantilla con señal de recompensa,0,0,1,0,29,45-54,M,Secundaria,825,synthetic_user_825@example.com,synthetic-uid-825,1,0,0,0,0,0,0,0.0739229877146888,0
synthetic,28,launched,email,,3,Recompensa,Beneficio disponible,Plantilla con señal de recompensa,0,0,1,0,29,45-54,M,Secundaria,826,synthetic_user_826@example.com,synthetic-uid-826,1,1,0,0,1,0,0,0.0739229877146888,0
synthetic,28,launched,email,,3,Recompensa,Beneficio disponible,Plantilla con señal de recompensa,0,0,1,0,29,45-54,M,Secundaria,827,synthetic_user_827@example.com,synthetic-uid-827,1,1,0,0,1,0,0,0.0739229877146888,0
synthetic,28,launched,email,,3,Recompensa,Beneficio disponible,Plantilla con señal de recompensa,0,0,1,0,29,45-54,M,Secundaria,828,synthetic_user_828@example.com,synthetic-uid-828,1,0,0,0,0,0,0,0.0739229877146888,0
synthetic,28,launched,email,,3,Recompensa,Beneficio disponible,Plantilla con señal de recompensa,0,0,1,0,29,45-54,M,Secundaria,829,synthetic_user_829@example.com,synthetic-uid-829,1,0,0,0,0,0,0,0.0739229877146888,0
synthetic,28,launched,email,,3,Recompensa,Beneficio disponible,Plantilla con señal de recompensa,0,0,1,0,29,45-54,M,Secundaria,830,synthetic_user_830@example.com,synthetic-uid-830,1,1,0,0,1,0,0,0.0739229877146888,0
synthetic,28,launched,email,,3,Recompensa,Beneficio disponible,Plantilla con señal de recompensa,0,0,1,0,29,45-54,M,Secundaria,831,synthetic_user_831@example.com,synthetic-uid-831,1,0,0,0,0,0,0,0.0739229877146888,0
synthetic,28,launched,email,,3,Recompensa,Beneficio disponible,Plantilla con señal de recompensa,0,0,1,0,29,45-54,M,Secundaria,832,synthetic_user_832@example.com,synthetic-uid-832,1,0,0,0,0,0,0,0.0739229877146888,0
synthetic,28,launched,email,,3,Recompensa,Beneficio disponible,Plantilla con señal de recompensa,0,0,1,0,29,45-54,M,Secundaria,833,synthetic_user_833@example.com,synthetic-uid-833,1,1,0,0,1,0,0,0.0739229877146888,0
synthetic,28,launched,email,,3,Recompensa,Beneficio disponible,Plantilla con señal de recompensa,0,0,1,0,29,45-54,M,Secundaria,834,synthetic_user_834@example.com,synthetic-uid-834,1,1,0,0,1,0,0,0.0739229877146888,0
synthetic,28,launched,email,,3,Recompensa,Beneficio disponible,Plantilla con señal de recompensa,0,0,1,0,29,45-54,M,Secundaria,835,synthetic_user_835@example.com,synthetic-uid-835,1,1,1,0,1,1,0,0.0739229877146888,0
synthetic,28,launched,email,,3,Recompensa,Beneficio disponible,Plantilla con señal de recompensa,0,0,1,0,29,45-54,M,Secundaria,836,synthetic_user_836@example.com,synthetic-uid-836,1,0,0,0,0,0,0,0.0739229877146888,0
synthetic,28,launched,email,,3,Recompensa,Beneficio disponible,Plantilla con señal de recompensa,0,0,1,0,29,45-54,M,Secundaria,837,synthetic_user_837@example.com,synthetic-uid-837,1,0,0,0,0,0,0,0.0739229877146888,0
synthetic,28,launched,email,,3,Recompensa,Beneficio disponible,Plantilla con señal de recompensa,0,0,1,0,29,45-54,M,Secundaria,838,synthetic_user_838@example.com,synthetic-uid-838,1,0,0,0,0,0,0,0.0739229877146888,0
synthetic,28,launched,email,,3,Recompensa,Beneficio disponible,Plantilla con señal de recompensa,0,0,1,0,29,45-54,M,Secundaria,839,synthetic_user_839@example.com,synthetic-uid-839,1,0,0,0,0,0,0,0.0739229877146888,0
synthetic,28,launched,email,,3,Recompensa,Beneficio disponible,Plantilla con señal de recompensa,0,0,1,0,29,45-54,M,Secundaria,840,synthetic_user_840@example.com,synthetic-uid-840,1,0,0,0,0,0,0,0.0739229877146888,0
synthetic,29,launched,email,,3,Recompensa,Beneficio disponible,Plantilla con señal de recompensa,0,0,1,0,22,35-44,M,Tecnica,841,synthetic_user_841@example.com,synthetic-uid-841,1,0,0,0,0,0,0,0.041190783254069004,0
synthetic,29,launched,email,,3,Recompensa,Beneficio disponible,Plantilla con señal de recompensa,0,0,1,0,22,35-44,M,Tecnica,842,synthetic_user_842@example.com,synthetic-uid-842,1,0,0,0,0,0,0,0.041190783254069004,0
synthetic,29,launched,email,,3,Recompensa,Beneficio disponible,Plantilla con señal de recompensa,0,0,1,0,22,35-44,M,Tecnica,843,synthetic_user_843@example.com,synthetic-uid-843,1,0,0,0,0,0,0,0.041190783254069004,0
synthetic,29,launched,email,,3,Recompensa,Beneficio disponible,Plantilla con señal de recompensa,0,0,1,0,22,35-44,M,Tecnica,844,synthetic_user_844@example.com,synthetic-uid-844,1,0,0,0,0,0,0,0.041190783254069004,0
synthetic,29,launched,email,,3,Recompensa,Beneficio disponible,Plantilla con señal de recompensa,0,0,1,0,22,35-44,M,Tecnica,845,synthetic_user_845@example.com,synthetic-uid-845,1,0,0,0,0,0,0,0.041190783254069004,0
synthetic,29,launched,email,,3,Recompensa,Beneficio disponible,Plantilla con señal de recompensa,0,0,1,0,22,35-44,M,Tecnica,846,synthetic_user_846@example.com,synthetic-uid-846,1,0,0,0,0,0,0,0.041190783254069004,0
synthetic,29,launched,email,,3,Recompensa,Beneficio disponible,Plantilla con señal de recompensa,0,0,1,0,22,35-44,M,Tecnica,847,synthetic_user_847@example.com,synthetic-uid-847,1,1,0,0,1,0,0,0.041190783254069004,0
synthetic,29,launched,email,,3,Recompensa,Beneficio disponible,Plantilla con señal de recompensa,0,0,1,0,22,35-44,M,Tecnica,848,synthetic_user_848@example.com,synthetic-uid-848,1,1,1,0,1,1,0,0.041190783254069004,0
synthetic,29,launched,email,,3,Recompensa,Beneficio disponible,Plantilla con señal de recompensa,0,0,1,0,22,35-44,M,Tecnica,849,synthetic_user_849@example.com,synthetic-uid-849,1,0,0,0,0,0,0,0.041190783254069004,0
synthetic,29,launched,email,,3,Recompensa,Beneficio disponible,Plantilla con señal de recompensa,0,0,1,0,22,35-44,M,Tecnica,850,synthetic_user_850@example.com,synthetic-uid-850,1,1,0,0,1,0,0,0.041190783254069004,0
synthetic,29,launched,email,,3,Recompensa,Beneficio disponible,Plantilla con señal de recompensa,0,0,1,0,22,35-44,M,Tecnica,851,synthetic_user_851@example.com,synthetic-uid-851,1,0,0,0,0,0,0,0.041190783254069004,0
synthetic,29,launched,email,,3,Recompensa,Beneficio disponible,Plantilla con señal de recompensa,0,0,1,0,22,35-44,M,Tecnica,852,synthetic_user_852@example.com,synthetic-uid-852,1,0,0,0,0,0,0,0.041190783254069004,0
synthetic,29,launched,email,,3,Recompensa,Beneficio disponible,Plantilla con señal de recompensa,0,0,1,0,22,35-44,M,Tecnica,853,synthetic_user_853@example.com,synthetic-uid-853,1,0,0,0,0,0,0,0.041190783254069004,0
synthetic,29,launched,email,,3,Recompensa,Beneficio disponible,Plantilla con señal de recompensa,0,0,1,0,22,35-44,M,Tecnica,854,synthetic_user_854@example.com,synthetic-uid-854,1,1,0,0,1,0,0,0.041190783254069004,0
synthetic,29,launched,email,,3,Recompensa,Beneficio disponible,Plantilla con señal de recompensa,0,0,1,0,22,35-44,M,Tecnica,855,synthetic_user_855@example.com,synthetic-uid-855,1,1,0,0,1,0,0,0.041190783254069004,0
synthetic,29,launched,email,,3,Recompensa,Beneficio disponible,Plantilla con señal de recompensa,0,0,1,0,22,35-44,M,Tecnica,856,synthetic_user_856@example.com,synthetic-uid-856,1,0,0,0,0,0,0,0.041190783254069004,0
synthetic,29,launched,email,,3,Recompensa,Beneficio disponible,Plantilla con señal de recompensa,0,0,1,0,22,35-44,M,Tecnica,857,synthetic_user_857@example.com,synthetic-uid-857,1,0,0,0,0,0,0,0.041190783254069004,0
synthetic,29,launched,email,,3,Recompensa,Beneficio disponible,Plantilla con señal de recompensa,0,0,1,0,22,35-44,M,Tecnica,858,synthetic_user_858@example.com,synthetic-uid-858,1,0,0,0,0,0,0,0.041190783254069004,0
synthetic,29,launched,email,,3,Recompensa,Beneficio disponible,Plantilla con señal de recompensa,0,0,1,0,22,35-44,M,Tecnica,859,synthetic_user_859@example.com,synthetic-uid-859,1,0,0,0,0,0,0,0.041190783254069004,0
synthetic,29,launched,email,,3,Recompensa,Beneficio disponible,Plantilla con señal de recompensa,0,0,1,0,22,35-44,M,Tecnica,860,synthetic_user_860@example.com,synthetic-uid-860,1,0,0,0,0,0,0,0.041190783254069004,0
synthetic,29,launched,email,,3,Recompensa,Beneficio disponible,Plantilla con señal de recompensa,0,0,1,0,22,35-44,M,Tecnica,861,synthetic_user_861@example.com,synthetic-uid-861,1,0,0,0,0,0,0,0.041190783254069004,0
synthetic,29,launched,email,,3,Recompensa,Beneficio disponible,Plantilla con señal de recompensa,0,0,1,0,22,35-44,M,Tecnica,862,synthetic_user_862@example.com,synthetic-uid-862,1,0,0,0,0,0,0,0.041190783254069004,0
synthetic,29,launched,email,,3,Recompensa,Beneficio disponible,Plantilla con señal de recompensa,0,0,1,0,22,35-44,M,Tecnica,863,synthetic_user_863@example.com,synthetic-uid-863,1,0,0,0,0,0,0,0.041190783254069004,0
synthetic,29,launched,email,,3,Recompensa,Beneficio disponible,Plantilla con señal de recompensa,0,0,1,0,22,35-44,M,Tecnica,864,synthetic_user_864@example.com,synthetic-uid-864,1,1,0,0,1,0,0,0.041190783254069004,0
synthetic,29,launched,email,,3,Recompensa,Beneficio disponible,Plantilla con señal de recompensa,0,0,1,0,22,35-44,M,Tecnica,865,synthetic_user_865@example.com,synthetic-uid-865,1,0,0,0,0,0,0,0.041190783254069004,0
synthetic,29,launched,email,,3,Recompensa,Beneficio disponible,Plantilla con señal de recompensa,0,0,1,0,22,35-44,M,Tecnica,866,synthetic_user_866@example.com,synthetic-uid-866,1,0,0,0,0,0,0,0.041190783254069004,0
synthetic,29,launched,email,,3,Recompensa,Beneficio disponible,Plantilla con señal de recompensa,0,0,1,0,22,35-44,M,Tecnica,867,synthetic_user_867@example.com,synthetic-uid-867,1,0,0,0,0,0,0,0.041190783254069004,0
synthetic,29,launched,email,,3,Recompensa,Beneficio disponible,Plantilla con señal de recompensa,0,0,1,0,22,35-44,M,Tecnica,868,synthetic_user_868@example.com,synthetic-uid-868,1,1,1,0,1,1,0,0.041190783254069004,0
synthetic,29,launched,email,,3,Recompensa,Beneficio disponible,Plantilla con señal de recompensa,0,0,1,0,22,35-44,M,Tecnica,869,synthetic_user_869@example.com,synthetic-uid-869,1,0,0,0,0,0,0,0.041190783254069004,0
synthetic,29,launched,email,,3,Recompensa,Beneficio disponible,Plantilla con señal de recompensa,0,0,1,0,22,35-44,M,Tecnica,870,synthetic_user_870@example.com,synthetic-uid-870,1,1,0,0,1,0,0,0.041190783254069004,0
synthetic,30,launched,email,,3,Recompensa,Beneficio disponible,Plantilla con señal de recompensa,0,0,1,0,2,18-24,F,Tecnica,871,synthetic_user_871@example.com,synthetic-uid-871,1,1,0,0,1,0,0,0.07866818408403231,0
synthetic,30,launched,email,,3,Recompensa,Beneficio disponible,Plantilla con señal de recompensa,0,0,1,0,2,18-24,F,Tecnica,872,synthetic_user_872@example.com,synthetic-uid-872,1,1,0,0,1,0,0,0.07866818408403231,0
synthetic,30,launched,email,,3,Recompensa,Beneficio disponible,Plantilla con señal de recompensa,0,0,1,0,2,18-24,F,Tecnica,873,synthetic_user_873@example.com,synthetic-uid-873,1,1,0,0,1,0,0,0.07866818408403231,0
synthetic,30,launched,email,,3,Recompensa,Beneficio disponible,Plantilla con señal de recompensa,0,0,1,0,2,18-24,F,Tecnica,874,synthetic_user_874@example.com,synthetic-uid-874,1,1,0,0,1,0,0,0.07866818408403231,0
synthetic,30,launched,email,,3,Recompensa,Beneficio disponible,Plantilla con señal de recompensa,0,0,1,0,2,18-24,F,Tecnica,875,synthetic_user_875@example.com,synthetic-uid-875,1,0,0,0,0,0,0,0.07866818408403231,0
synthetic,30,launched,email,,3,Recompensa,Beneficio disponible,Plantilla con señal de recompensa,0,0,1,0,2,18-24,F,Tecnica,876,synthetic_user_876@example.com,synthetic-uid-876,1,0,0,0,0,0,0,0.07866818408403231,0
synthetic,30,launched,email,,3,Recompensa,Beneficio disponible,Plantilla con señal de recompensa,0,0,1,0,2,18-24,F,Tecnica,877,synthetic_user_877@example.com,synthetic-uid-877,1,1,0,0,1,0,0,0.07866818408403231,0
synthetic,30,launched,email,,3,Recompensa,Beneficio disponible,Plantilla con señal de recompensa,0,0,1,0,2,18-24,F,Tecnica,878,synthetic_user_878@example.com,synthetic-uid-878,1,1,1,0,1,1,0,0.07866818408403231,0
synthetic,30,launched,email,,3,Recompensa,Beneficio disponible,Plantilla con señal de recompensa,0,0,1,0,2,18-24,F,Tecnica,879,synthetic_user_879@example.com,synthetic-uid-879,1,0,0,0,0,0,0,0.07866818408403231,0
synthetic,30,launched,email,,3,Recompensa,Beneficio disponible,Plantilla con señal de recompensa,0,0,1,0,2,18-24,F,Tecnica,880,synthetic_user_880@example.com,synthetic-uid-880,1,0,0,0,0,0,0,0.07866818408403231,0
synthetic,30,launched,email,,3,Recompensa,Beneficio disponible,Plantilla con señal de recompensa,0,0,1,0,2,18-24,F,Tecnica,881,synthetic_user_881@example.com,synthetic-uid-881,1,0,0,0,0,0,0,0.07866818408403231,0
synthetic,30,launched,email,,3,Recompensa,Beneficio disponible,Plantilla con señal de recompensa,0,0,1,0,2,18-24,F,Tecnica,882,synthetic_user_882@example.com,synthetic-uid-882,1,0,0,0,0,0,0,0.07866818408403231,0
synthetic,30,launched,email,,3,Recompensa,Beneficio disponible,Plantilla con señal de recompensa,0,0,1,0,2,18-24,F,Tecnica,883,synthetic_user_883@example.com,synthetic-uid-883,1,1,0,0,1,0,0,0.07866818408403231,0
synthetic,30,launched,email,,3,Recompensa,Beneficio disponible,Plantilla con señal de recompensa,0,0,1,0,2,18-24,F,Tecnica,884,synthetic_user_884@example.com,synthetic-uid-884,1,1,1,0,1,1,0,0.07866818408403231,0
synthetic,30,launched,email,,3,Recompensa,Beneficio disponible,Plantilla con señal de recompensa,0,0,1,0,2,18-24,F,Tecnica,885,synthetic_user_885@example.com,synthetic-uid-885,1,0,0,0,0,0,0,0.07866818408403231,0
synthetic,30,launched,email,,3,Recompensa,Beneficio disponible,Plantilla con señal de recompensa,0,0,1,0,2,18-24,F,Tecnica,886,synthetic_user_886@example.com,synthetic-uid-886,1,0,0,0,0,0,0,0.07866818408403231,0
synthetic,30,launched,email,,3,Recompensa,Beneficio disponible,Plantilla con señal de recompensa,0,0,1,0,2,18-24,F,Tecnica,887,synthetic_user_887@example.com,synthetic-uid-887,1,0,0,0,0,0,0,0.07866818408403231,0
synthetic,30,launched,email,,3,Recompensa,Beneficio disponible,Plantilla con señal de recompensa,0,0,1,0,2,18-24,F,Tecnica,888,synthetic_user_888@example.com,synthetic-uid-888,1,1,0,0,1,0,0,0.07866818408403231,0
synthetic,30,launched,email,,3,Recompensa,Beneficio disponible,Plantilla con señal de recompensa,0,0,1,0,2,18-24,F,Tecnica,889,synthetic_user_889@example.com,synthetic-uid-889,1,0,0,0,0,0,0,0.07866818408403231,0
synthetic,30,launched,email,,3,Recompensa,Beneficio disponible,Plantilla con señal de recompensa,0,0,1,0,2,18-24,F,Tecnica,890,synthetic_user_890@example.com,synthetic-uid-890,1,1,1,0,1,1,0,0.07866818408403231,0
synthetic,30,launched,email,,3,Recompensa,Beneficio disponible,Plantilla con señal de recompensa,0,0,1,0,2,18-24,F,Tecnica,891,synthetic_user_891@example.com,synthetic-uid-891,1,0,0,0,0,0,0,0.07866818408403231,0
synthetic,30,launched,email,,3,Recompensa,Beneficio disponible,Plantilla con señal de recompensa,0,0,1,0,2,18-24,F,Tecnica,892,synthetic_user_892@example.com,synthetic-uid-892,1,0,0,0,0,0,0,0.07866818408403231,0
synthetic,30,launched,email,,3,Recompensa,Beneficio disponible,Plantilla con señal de recompensa,0,0,1,0,2,18-24,F,Tecnica,893,synthetic_user_893@example.com,synthetic-uid-893,1,0,0,0,0,0,0,0.07866818408403231,0
synthetic,30,launched,email,,3,Recompensa,Beneficio disponible,Plantilla con señal de recompensa,0,0,1,0,2,18-24,F,Tecnica,894,synthetic_user_894@example.com,synthetic-uid-894,1,1,1,0,1,1,0,0.07866818408403231,0
synthetic,30,launched,email,,3,Recompensa,Beneficio disponible,Plantilla con señal de recompensa,0,0,1,0,2,18-24,F,Tecnica,895,synthetic_user_895@example.com,synthetic-uid-895,1,0,0,0,0,0,0,0.07866818408403231,0
synthetic,30,launched,email,,3,Recompensa,Beneficio disponible,Plantilla con señal de recompensa,0,0,1,0,2,18-24,F,Tecnica,896,synthetic_user_896@example.com,synthetic-uid-896,1,0,0,0,0,0,0,0.07866818408403231,0
synthetic,30,launched,email,,3,Recompensa,Beneficio disponible,Plantilla con señal de recompensa,0,0,1,0,2,18-24,F,Tecnica,897,synthetic_user_897@example.com,synthetic-uid-897,1,1,0,0,1,0,0,0.07866818408403231,0
synthetic,30,launched,email,,3,Recompensa,Beneficio disponible,Plantilla con señal de recompensa,0,0,1,0,2,18-24,F,Tecnica,898,synthetic_user_898@example.com,synthetic-uid-898,1,1,0,0,1,0,0,0.07866818408403231,0
synthetic,30,launched,email,,3,Recompensa,Beneficio disponible,Plantilla con señal de recompensa,0,0,1,0,2,18-24,F,Tecnica,899,synthetic_user_899@example.com,synthetic-uid-899,1,0,0,0,0,0,0,0.07866818408403231,0
synthetic,30,launched,email,,3,Recompensa,Beneficio disponible,Plantilla con señal de recompensa,0,0,1,0,2,18-24,F,Tecnica,900,synthetic_user_900@example.com,synthetic-uid-900,1,1,0,0,1,0,0,0.07866818408403231,0
synthetic,31,launched,email,,4,Personalización,Actualización para usted,Plantilla con personalización,0,0,0,1,3,18-24,F,Universitaria,901,synthetic_user_901@example.com,synthetic-uid-901,1,0,0,0,0,0,0,0.03774483173455175,0
synthetic,31,launched,email,,4,Personalización,Actualización para usted,Plantilla con personalización,0,0,0,1,3,18-24,F,Universitaria,902,synthetic_user_902@example.com,synthetic-uid-902,1,0,0,0,0,0,0,0.03774483173455175,0
synthetic,31,launched,email,,4,Personalización,Actualización para usted,Plantilla con personalización,0,0,0,1,3,18-24,F,Universitaria,903,synthetic_user_903@example.com,synthetic-uid-903,1,1,0,0,1,0,0,0.03774483173455175,0
synthetic,31,launched,email,,4,Personalización,Actualización para usted,Plantilla con personalización,0,0,0,1,3,18-24,F,Universitaria,904,synthetic_user_904@example.com,synthetic-uid-904,1,0,0,0,0,0,0,0.03774483173455175,0
synthetic,31,launched,email,,4,Personalización,Actualización para usted,Plantilla con personalización,0,0,0,1,3,18-24,F,Universitaria,905,synthetic_user_905@example.com,synthetic-uid-905,1,0,0,0,0,0,0,0.03774483173455175,0
synthetic,31,launched,email,,4,Personalización,Actualización para usted,Plantilla con personalización,0,0,0,1,3,18-24,F,Universitaria,906,synthetic_user_906@example.com,synthetic-uid-906,1,0,0,0,0,0,0,0.03774483173455175,0
synthetic,31,launched,email,,4,Personalización,Actualización para usted,Plantilla con personalización,0,0,0,1,3,18-24,F,Universitaria,907,synthetic_user_907@example.com,synthetic-uid-907,1,1,0,0,1,0,0,0.03774483173455175,0
synthetic,31,launched,email,,4,Personalización,Actualización para usted,Plantilla con personalización,0,0,0,1,3,18-24,F,Universitaria,908,synthetic_user_908@example.com,synthetic-uid-908,1,0,0,0,0,0,0,0.03774483173455175,0
synthetic,31,launched,email,,4,Personalización,Actualización para usted,Plantilla con personalización,0,0,0,1,3,18-24,F,Universitaria,909,synthetic_user_909@example.com,synthetic-uid-909,1,1,0,0,1,0,0,0.03774483173455175,0
synthetic,31,launched,email,,4,Personalización,Actualización para usted,Plantilla con personalización,0,0,0,1,3,18-24,F,Universitaria,910,synthetic_user_910@example.com,synthetic-uid-910,1,0,0,0,0,0,0,0.03774483173455175,0
synthetic,31,launched,email,,4,Personalización,Actualización para usted,Plantilla con personalización,0,0,0,1,3,18-24,F,Universitaria,911,synthetic_user_911@example.com,synthetic-uid-911,1,0,0,0,0,0,0,0.03774483173455175,0
synthetic,31,launched,email,,4,Personalización,Actualización para usted,Plantilla con personalización,0,0,0,1,3,18-24,F,Universitaria,912,synthetic_user_912@example.com,synthetic-uid-912,1,1,0,0,1,0,0,0.03774483173455175,0
synthetic,31,launched,email,,4,Personalización,Actualización para usted,Plantilla con personalización,0,0,0,1,3,18-24,F,Universitaria,913,synthetic_user_913@example.com,synthetic-uid-913,1,1,0,0,1,0,0,0.03774483173455175,0
synthetic,31,launched,email,,4,Personalización,Actualización para usted,Plantilla con personalización,0,0,0,1,3,18-24,F,Universitaria,914,synthetic_user_914@example.com,synthetic-uid-914,1,0,0,0,0,0,0,0.03774483173455175,0
synthetic,31,launched,email,,4,Personalización,Actualización para usted,Plantilla con personalización,0,0,0,1,3,18-24,F,Universitaria,915,synthetic_user_915@example.com,synthetic-uid-915,1,1,0,0,1,0,0,0.03774483173455175,0
synthetic,31,launched,email,,4,Personalización,Actualización para usted,Plantilla con personalización,0,0,0,1,3,18-24,F,Universitaria,916,synthetic_user_916@example.com,synthetic-uid-916,1,0,0,0,0,0,0,0.03774483173455175,0
synthetic,31,launched,email,,4,Personalización,Actualización para usted,Plantilla con personalización,0,0,0,1,3,18-24,F,Universitaria,917,synthetic_user_917@example.com,synthetic-uid-917,1,1,0,0,1,0,0,0.03774483173455175,0
synthetic,31,launched,email,,4,Personalización,Actualización para usted,Plantilla con personalización,0,0,0,1,3,18-24,F,Universitaria,918,synthetic_user_918@example.com,synthetic-uid-918,1,1,0,0,1,0,0,0.03774483173455175,0
synthetic,31,launched,email,,4,Personalización,Actualización para usted,Plantilla con personalización,0,0,0,1,3,18-24,F,Universitaria,919,synthetic_user_919@example.com,synthetic-uid-919,1,0,0,0,0,0,0,0.03774483173455175,0
synthetic,31,launched,email,,4,Personalización,Actualización para usted,Plantilla con personalización,0,0,0,1,3,18-24,F,Universitaria,920,synthetic_user_920@example.com,synthetic-uid-920,1,1,0,0,1,0,0,0.03774483173455175,0
synthetic,31,launched,email,,4,Personalización,Actualización para usted,Plantilla con personalización,0,0,0,1,3,18-24,F,Universitaria,921,synthetic_user_921@example.com,synthetic-uid-921,1,1,0,0,1,0,0,0.03774483173455175,0
synthetic,31,launched,email,,4,Personalización,Actualización para usted,Plantilla con personalización,0,0,0,1,3,18-24,F,Universitaria,922,synthetic_user_922@example.com,synthetic-uid-922,1,0,0,0,0,0,0,0.03774483173455175,0
synthetic,31,launched,email,,4,Personalización,Actualización para usted,Plantilla con personalización,0,0,0,1,3,18-24,F,Universitaria,923,synthetic_user_923@example.com,synthetic-uid-923,1,1,1,0,1,1,0,0.03774483173455175,0
synthetic,31,launched,email,,4,Personalización,Actualización para usted,Plantilla con personalización,0,0,0,1,3,18-24,F,Universitaria,924,synthetic_user_924@example.com,synthetic-uid-924,1,1,1,0,1,1,0,0.03774483173455175,0
synthetic,31,launched,email,,4,Personalización,Actualización para usted,Plantilla con personalización,0,0,0,1,3,18-24,F,Universitaria,925,synthetic_user_925@example.com,synthetic-uid-925,1,1,0,0,1,0,0,0.03774483173455175,0
synthetic,31,launched,email,,4,Personalización,Actualización para usted,Plantilla con personalización,0,0,0,1,3,18-24,F,Universitaria,926,synthetic_user_926@example.com,synthetic-uid-926,1,1,0,0,1,0,0,0.03774483173455175,0
synthetic,31,launched,email,,4,Personalización,Actualización para usted,Plantilla con personalización,0,0,0,1,3,18-24,F,Universitaria,927,synthetic_user_927@example.com,synthetic-uid-927,1,0,0,0,0,0,0,0.03774483173455175,0
synthetic,31,launched,email,,4,Personalización,Actualización para usted,Plantilla con personalización,0,0,0,1,3,18-24,F,Universitaria,928,synthetic_user_928@example.com,synthetic-uid-928,1,0,0,0,0,0,0,0.03774483173455175,0
synthetic,31,launched,email,,4,Personalización,Actualización para usted,Plantilla con personalización,0,0,0,1,3,18-24,F,Universitaria,929,synthetic_user_929@example.com,synthetic-uid-929,1,0,0,0,0,0,0,0.03774483173455175,0
synthetic,31,launched,email,,4,Personalización,Actualización para usted,Plantilla con personalización,0,0,0,1,3,18-24,F,Universitaria,930,synthetic_user_930@example.com,synthetic-uid-930,1,0,0,0,0,0,0,0.03774483173455175,0
synthetic,32,launched,email,,4,Personalización,Actualización para usted,Plantilla con personalización,0,0,0,1,37,55+,M,Secundaria,931,synthetic_user_931@example.com,synthetic-uid-931,1,0,0,0,0,0,0,0.027002050614231506,0
synthetic,32,launched,email,,4,Personalización,Actualización para usted,Plantilla con personalización,0,0,0,1,37,55+,M,Secundaria,932,synthetic_user_932@example.com,synthetic-uid-932,1,0,0,0,0,0,0,0.027002050614231506,0
synthetic,32,launched,email,,4,Personalización,Actualización para usted,Plantilla con personalización,0,0,0,1,37,55+,M,Secundaria,933,synthetic_user_933@example.com,synthetic-uid-933,1,0,0,0,0,0,0,0.027002050614231506,0
synthetic,32,launched,email,,4,Personalización,Actualización para usted,Plantilla con personalización,0,0,0,1,37,55+,M,Secundaria,934,synthetic_user_934@example.com,synthetic-uid-934,1,0,0,0,0,0,0,0.027002050614231506,0
synthetic,32,launched,email,,4,Personalización,Actualización para usted,Plantilla con personalización,0,0,0,1,37,55+,M,Secundaria,935,synthetic_user_935@example.com,synthetic-uid-935,1,1,0,0,1,0,0,0.027002050614231506,0
synthetic,32,launched,email,,4,Personalización,Actualización para usted,Plantilla con personalización,0,0,0,1,37,55+,M,Secundaria,936,synthetic_user_936@example.com,synthetic-uid-936,1,0,0,0,0,0,0,0.027002050614231506,0
synthetic,32,launched,email,,4,Personalización,Actualización para usted,Plantilla con personalización,0,0,0,1,37,55+,M,Secundaria,937,synthetic_user_937@example.com,synthetic-uid-937,1,0,0,0,0,0,0,0.027002050614231506,0
synthetic,32,launched,email,,4,Personalización,Actualización para usted,Plantilla con personalización,0,0,0,1,37,55+,M,Secundaria,938,synthetic_user_938@example.com,synthetic-uid-938,1,0,0,0,0,0,0,0.027002050614231506,0
synthetic,32,launched,email,,4,Personalización,Actualización para usted,Plantilla con personalización,0,0,0,1,37,55+,M,Secundaria,939,synthetic_user_939@example.com,synthetic-uid-939,1,0,0,0,0,0,0,0.027002050614231506,0
synthetic,32,launched,email,,4,Personalización,Actualización para usted,Plantilla con personalización,0,0,0,1,37,55+,M,Secundaria,940,synthetic_user_940@example.com,synthetic-uid-940,1,0,0,0,0,0,0,0.027002050614231506,0
synthetic,32,launched,email,,4,Personalización,Actualización para usted,Plantilla con personalización,0,0,0,1,37,55+,M,Secundaria,941,synthetic_user_941@example.com,synthetic-uid-941,1,1,0,0,1,0,0,0.027002050614231506,0
synthetic,32,launched,email,,4,Personalización,Actualización para usted,Plantilla con personalización,0,0,0,1,37,55+,M,Secundaria,942,synthetic_user_942@example.com,synthetic-uid-942,1,1,0,0,1,0,0,0.027002050614231506,0
synthetic,32,launched,email,,4,Personalización,Actualización para usted,Plantilla con personalización,0,0,0,1,37,55+,M,Secundaria,943,synthetic_user_943@example.com,synthetic-uid-943,1,1,0,0,1,0,0,0.027002050614231506,0
synthetic,32,launched,email,,4,Personalización,Actualización para usted,Plantilla con personalización,0,0,0,1,37,55+,M,Secundaria,944,synthetic_user_944@example.com,synthetic-uid-944,1,0,0,0,0,0,0,0.027002050614231506,0
synthetic,32,launched,email,,4,Personalización,Actualización para usted,Plantilla con personalización,0,0,0,1,37,55+,M,Secundaria,945,synthetic_user_945@example.com,synthetic-uid-945,1,1,0,0,1,0,0,0.027002050614231506,0
synthetic,32,launched,email,,4,Personalización,Actualización para usted,Plantilla con personalización,0,0,0,1,37,55+,M,Secundaria,946,synthetic_user_946@example.com,synthetic-uid-946,1,0,0,0,0,0,0,0.027002050614231506,0
synthetic,32,launched,email,,4,Personalización,Actualización para usted,Plantilla con personalización,0,0,0,1,37,55+,M,Secundaria,947,synthetic_user_947@example.com,synthetic-uid-947,1,0,0,0,0,0,0,0.027002050614231506,0
synthetic,32,launched,email,,4,Personalización,Actualización para usted,Plantilla con personalización,0,0,0,1,37,55+,M,Secundaria,948,synthetic_user_948@example.com,synthetic-uid-948,1,0,0,0,0,0,0,0.027002050614231506,0
synthetic,32,launched,email,,4,Personalización,Actualización para usted,Plantilla con personalización,0,0,0,1,37,55+,M,Secundaria,949,synthetic_user_949@example.com,synthetic-uid-949,1,0,0,0,0,0,0,0.027002050614231506,0
synthetic,32,launched,email,,4,Personalización,Actualización para usted,Plantilla con personalización,0,0,0,1,37,55+,M,Secundaria,950,synthetic_user_950@example.com,synthetic-uid-950,1,1,0,0,1,0,0,0.027002050614231506,0
synthetic,32,launched,email,,4,Personalización,Actualización para usted,Plantilla con personalización,0,0,0,1,37,55+,M,Secundaria,951,synthetic_user_951@example.com,synthetic-uid-951,1,0,0,0,0,0,0,0.027002050614231506,0
synthetic,32,launched,email,,4,Personalización,Actualización para usted,Plantilla con personalización,0,0,0,1,37,55+,M,Secundaria,952,synthetic_user_952@example.com,synthetic-uid-952,1,1,0,0,1,0,0,0.027002050614231506,0
synthetic,32,launched,email,,4,Personalización,Actualización para usted,Plantilla con personalización,0,0,0,1,37,55+,M,Secundaria,953,synthetic_user_953@example.com,synthetic-uid-953,1,0,0,0,0,0,0,0.027002050614231506,0
synthetic,32,launched,email,,4,Personalización,Actualización para usted,Plantilla con personalización,0,0,0,1,37,55+,M,Secundaria,954,synthetic_user_954@example.com,synthetic-uid-954,1,0,0,0,0,0,0,0.027002050614231506,0
synthetic,32,launched,email,,4,Personalización,Actualización para usted,Plantilla con personalización,0,0,0,1,37,55+,M,Secundaria,955,synthetic_user_955@example.com,synthetic-uid-955,1,0,0,0,0,0,0,0.027002050614231506,0
synthetic,32,launched,email,,4,Personalización,Actualización para usted,Plantilla con personalización,0,0,0,1,37,55+,M,Secundaria,956,synthetic_user_956@example.com,synthetic-uid-956,1,0,0,0,0,0,0,0.027002050614231506,0
synthetic,32,launched,email,,4,Personalización,Actualización para usted,Plantilla con personalización,0,0,0,1,37,55+,M,Secundaria,957,synthetic_user_957@example.com,synthetic-uid-957,1,0,0,0,0,0,0,0.027002050614231506,0
synthetic,32,launched,email,,4,Personalización,Actualización para usted,Plantilla con personalización,0,0,0,1,37,55+,M,Secundaria,958,synthetic_user_958@example.com,synthetic-uid-958,1,0,0,0,0,0,0,0.027002050614231506,0
synthetic,32,launched,email,,4,Personalización,Actualización para usted,Plantilla con personalización,0,0,0,1,37,55+,M,Secundaria,959,synthetic_user_959@example.com,synthetic-uid-959,1,1,0,0,1,0,0,0.027002050614231506,0
synthetic,32,launched,email,,4,Personalización,Actualización para usted,Plantilla con personalización,0,0,0,1,37,55+,M,Secundaria,960,synthetic_user_960@example.com,synthetic-uid-960,1,1,0,0,1,0,0,0.027002050614231506,0
synthetic,33,launched,email,,4,Personalización,Actualización para usted,Plantilla con personalización,0,0,0,1,29,45-54,M,Secundaria,961,synthetic_user_961@example.com,synthetic-uid-961,1,0,0,0,0,0,0,0.06727806326688786,0
synthetic,33,launched,email,,4,Personalización,Actualización para usted,Plantilla con personalización,0,0,0,1,29,45-54,M,Secundaria,962,synthetic_user_962@example.com,synthetic-uid-962,1,0,0,0,0,0,0,0.06727806326688786,0
synthetic,33,launched,email,,4,Personalización,Actualización para usted,Plantilla con personalización,0,0,0,1,29,45-54,M,Secundaria,963,synthetic_user_963@example.com,synthetic-uid-963,1,0,0,0,0,0,0,0.06727806326688786,0
synthetic,33,launched,email,,4,Personalización,Actualización para usted,Plantilla con personalización,0,0,0,1,29,45-54,M,Secundaria,964,synthetic_user_964@example.com,synthetic-uid-964,1,0,0,0,0,0,0,0.06727806326688786,0
synthetic,33,launched,email,,4,Personalización,Actualización para usted,Plantilla con personalización,0,0,0,1,29,45-54,M,Secundaria,965,synthetic_user_965@example.com,synthetic-uid-965,1,0,0,0,0,0,0,0.06727806326688786,0
synthetic,33,launched,email,,4,Personalización,Actualización para usted,Plantilla con personalización,0,0,0,1,29,45-54,M,Secundaria,966,synthetic_user_966@example.com,synthetic-uid-966,1,0,0,0,0,0,0,0.06727806326688786,0
synthetic,33,launched,email,,4,Personalización,Actualización para usted,Plantilla con personalización,0,0,0,1,29,45-54,M,Secundaria,967,synthetic_user_967@example.com,synthetic-uid-967,1,0,0,0,0,0,0,0.06727806326688786,0
synthetic,33,launched,email,,4,Personalización,Actualización para usted,Plantilla con personalización,0,0,0,1,29,45-54,M,Secundaria,968,synthetic_user_968@example.com,synthetic-uid-968,1,1,0,0,1,0,0,0.06727806326688786,0
synthetic,33,launched,email,,4,Personalización,Actualización para usted,Plantilla con personalización,0,0,0,1,29,45-54,M,Secundaria,969,synthetic_user_969@example.com,synthetic-uid-969,1,0,0,0,0,0,0,0.06727806326688786,0
synthetic,33,launched,email,,4,Personalización,Actualización para usted,Plantilla con personalización,0,0,0,1,29,45-54,M,Secundaria,970,synthetic_user_970@example.com,synthetic-uid-970,1,1,0,0,1,0,0,0.06727806326688786,0
synthetic,33,launched,email,,4,Personalización,Actualización para usted,Plantilla con personalización,0,0,0,1,29,45-54,M,Secundaria,971,synthetic_user_971@example.com,synthetic-uid-971,1,0,0,0,0,0,0,0.06727806326688786,0
synthetic,33,launched,email,,4,Personalización,Actualización para usted,Plantilla con personalización,0,0,0,1,29,45-54,M,Secundaria,972,synthetic_user_972@example.com,synthetic-uid-972,1,1,0,0,1,0,0,0.06727806326688786,0
synthetic,33,launched,email,,4,Personalización,Actualización para usted,Plantilla con personalización,0,0,0,1,29,45-54,M,Secundaria,973,synthetic_user_973@example.com,synthetic-uid-973,1,0,0,0,0,0,0,0.06727806326688786,0
synthetic,33,launched,email,,4,Personalización,Actualización para usted,Plantilla con personalización,0,0,0,1,29,45-54,M,Secundaria,974,synthetic_user_974@example.com,synthetic-uid-974,1,0,0,0,0,0,0,0.06727806326688786,0
synthetic,33,launched,email,,4,Personalización,Actualización para usted,Plantilla con personalización,0,0,0,1,29,45-54,M,Secundaria,975,synthetic_user_975@example.com,synthetic-uid-975,1,1,1,0,1,1,0,0.06727806326688786,0
synthetic,33,launched,email,,4,Personalización,Actualización para usted,Plantilla con personalización,0,0,0,1,29,45-54,M,Secundaria,976,synthetic_user_976@example.com,synthetic-uid-976,1,0,0,0,0,0,0,0.06727806326688786,0
synthetic,33,launched,email,,4,Personalización,Actualización para usted,Plantilla con personalización,0,0,0,1,29,45-54,M,Secundaria,977,synthetic_user_977@example.com,synthetic-uid-977,1,0,0,0,0,0,0,0.06727806326688786,0
synthetic,33,launched,email,,4,Personalización,Actualización para usted,Plantilla con personalización,0,0,0,1,29,45-54,M,Secundaria,978,synthetic_user_978@example.com,synthetic-uid-978,1,1,0,0,1,0,0,0.06727806326688786,0
synthetic,33,launched,email,,4,Personalización,Actualización para usted,Plantilla con personalización,0,0,0,1,29,45-54,M,Secundaria,979,synthetic_user_979@example.com,synthetic-uid-979,1,0,0,0,0,0,0,0.06727806326688786,0
synthetic,33,launched,email,,4,Personalización,Actualización para usted,Plantilla con personalización,0,0,0,1,29,45-54,M,Secundaria,980,synthetic_user_980@example.com,synthetic-uid-980,1,1,0,0,1,0,0,0.06727806326688786,0
synthetic,33,launched,email,,4,Personalización,Actualización para usted,Plantilla con personalización,0,0,0,1,29,45-54,M,Secundaria,981,synthetic_user_981@example.com,synthetic-uid-981,1,1,0,0,1,0,0,0.06727806326688786,0
synthetic,33,launched,email,,4,Personalización,Actualización para usted,Plantilla con personalización,0,0,0,1,29,45-54,M,Secundaria,982,synthetic_user_982@example.com,synthetic-uid-982,1,0,0,0,0,0,0,0.06727806326688786,0
synthetic,33,launched,email,,4,Personalización,Actualización para usted,Plantilla con personalización,0,0,0,1,29,45-54,M,Secundaria,983,synthetic_user_983@example.com,synthetic-uid-983,1,1,1,0,1,1,0,0.06727806326688786,0
synthetic,33,launched,email,,4,Personalización,Actualización para usted,Plantilla con personalización,0,0,0,1,29,45-54,M,Secundaria,984,synthetic_user_984@example.com,synthetic-uid-984,1,0,0,0,0,0,0,0.06727806326688786,0
synthetic,33,launched,email,,4,Personalización,Actualización para usted,Plantilla con personalización,0,0,0,1,29,45-54,M,Secundaria,985,synthetic_user_985@example.com,synthetic-uid-985,1,0,0,0,0,0,0,0.06727806326688786,0
synthetic,33,launched,email,,4,Personalización,Actualización para usted,Plantilla con personalización,0,0,0,1,29,45-54,M,Secundaria,986,synthetic_user_986@example.com,synthetic-uid-986,1,0,0,0,0,0,0,0.06727806326688786,0
synthetic,33,launched,email,,4,Personalización,Actualización para usted,Plantilla con personalización,0,0,0,1,29,45-54,M,Secundaria,987,synthetic_user_987@example.com,synthetic-uid-987,1,0,0,0,0,0,0,0.06727806326688786,0
synthetic,33,launched,email,,4,Personalización,Actualización para usted,Plantilla con personalización,0,0,0,1,29,45-54,M,Secundaria,988,synthetic_user_988@example.com,synthetic-uid-988,1,1,0,0,1,0,0,0.06727806326688786,0
synthetic,33,launched,email,,4,Personalización,Actualización para usted,Plantilla con personalización,0,0,0,1,29,45-54,M,Secundaria,989,synthetic_user_989@example.com,synthetic-uid-989,1,0,0,0,0,0,0,0.06727806326688786,0
synthetic,33,launched,email,,4,Personalización,Actualización para usted,Plantilla con personalización,0,0,0,1,29,45-54,M,Secundaria,990,synthetic_user_990@example.com,synthetic-uid-990,1,1,0,0,1,0,0,0.06727806326688786,0
synthetic,34,launched,email,,4,Personalización,Actualización para usted,Plantilla con personalización,0,0,0,1,14,25-34,M,Tecnica,991,synthetic_user_991@example.com,synthetic-uid-991,1,1,0,0,1,0,0,0.07762262211426599,0
synthetic,34,launched,email,,4,Personalización,Actualización para usted,Plantilla con personalización,0,0,0,1,14,25-34,M,Tecnica,992,synthetic_user_992@example.com,synthetic-uid-992,1,1,0,0,1,0,0,0.07762262211426599,0
synthetic,34,launched,email,,4,Personalización,Actualización para usted,Plantilla con personalización,0,0,0,1,14,25-34,M,Tecnica,993,synthetic_user_993@example.com,synthetic-uid-993,1,1,0,0,1,0,0,0.07762262211426599,0
synthetic,34,launched,email,,4,Personalización,Actualización para usted,Plantilla con personalización,0,0,0,1,14,25-34,M,Tecnica,994,synthetic_user_994@example.com,synthetic-uid-994,1,0,0,0,0,0,0,0.07762262211426599,0
synthetic,34,launched,email,,4,Personalización,Actualización para usted,Plantilla con personalización,0,0,0,1,14,25-34,M,Tecnica,995,synthetic_user_995@example.com,synthetic-uid-995,1,0,0,0,0,0,0,0.07762262211426599,0
synthetic,34,launched,email,,4,Personalización,Actualización para usted,Plantilla con personalización,0,0,0,1,14,25-34,M,Tecnica,996,synthetic_user_996@example.com,synthetic-uid-996,1,0,0,0,0,0,0,0.07762262211426599,0
synthetic,34,launched,email,,4,Personalización,Actualización para usted,Plantilla con personalización,0,0,0,1,14,25-34,M,Tecnica,997,synthetic_user_997@example.com,synthetic-uid-997,1,0,0,0,0,0,0,0.07762262211426599,0
synthetic,34,launched,email,,4,Personalización,Actualización para usted,Plantilla con personalización,0,0,0,1,14,25-34,M,Tecnica,998,synthetic_user_998@example.com,synthetic-uid-998,1,0,0,0,0,0,0,0.07762262211426599,0
synthetic,34,launched,email,,4,Personalización,Actualización para usted,Plantilla con personalización,0,0,0,1,14,25-34,M,Tecnica,999,synthetic_user_999@example.com,synthetic-uid-999,1,0,0,0,0,0,0,0.07762262211426599,0
synthetic,34,launched,email,,4,Personalización,Actualización para usted,Plantilla con personalización,0,0,0,1,14,25-34,M,Tecnica,1000,synthetic_user_1000@example.com,synthetic-uid-1000,1,0,0,0,0,0,0,0.07762262211426599,0
synthetic,34,launched,email,,4,Personalización,Actualización para usted,Plantilla con personalización,0,0,0,1,14,25-34,M,Tecnica,1001,synthetic_user_1001@example.com,synthetic-uid-1001,1,0,0,0,0,0,0,0.07762262211426599,0
synthetic,34,launched,email,,4,Personalización,Actualización para usted,Plantilla con personalización,0,0,0,1,14,25-34,M,Tecnica,1002,synthetic_user_1002@example.com,synthetic-uid-1002,1,0,0,0,0,0,0,0.07762262211426599,0
synthetic,34,launched,email,,4,Personalización,Actualización para usted,Plantilla con personalización,0,0,0,1,14,25-34,M,Tecnica,1003,synthetic_user_1003@example.com,synthetic-uid-1003,1,1,1,0,1,1,0,0.07762262211426599,0
synthetic,34,launched,email,,4,Personalización,Actualización para usted,Plantilla con personalización,0,0,0,1,14,25-34,M,Tecnica,1004,synthetic_user_1004@example.com,synthetic-uid-1004,1,0,0,0,0,0,0,0.07762262211426599,0
synthetic,34,launched,email,,4,Personalización,Actualización para usted,Plantilla con personalización,0,0,0,1,14,25-34,M,Tecnica,1005,synthetic_user_1005@example.com,synthetic-uid-1005,1,0,0,0,0,0,0,0.07762262211426599,0
synthetic,34,launched,email,,4,Personalización,Actualización para usted,Plantilla con personalización,0,0,0,1,14,25-34,M,Tecnica,1006,synthetic_user_1006@example.com,synthetic-uid-1006,1,0,0,0,0,0,0,0.07762262211426599,0
synthetic,34,launched,email,,4,Personalización,Actualización para usted,Plantilla con personalización,0,0,0,1,14,25-34,M,Tecnica,1007,synthetic_user_1007@example.com,synthetic-uid-1007,1,0,0,0,0,0,0,0.07762262211426599,0
synthetic,34,launched,email,,4,Personalización,Actualización para usted,Plantilla con personalización,0,0,0,1,14,25-34,M,Tecnica,1008,synthetic_user_1008@example.com,synthetic-uid-1008,1,1,0,0,1,0,0,0.07762262211426599,0
synthetic,34,launched,email,,4,Personalización,Actualización para usted,Plantilla con personalización,0,0,0,1,14,25-34,M,Tecnica,1009,synthetic_user_1009@example.com,synthetic-uid-1009,1,0,0,0,0,0,0,0.07762262211426599,0
synthetic,34,launched,email,,4,Personalización,Actualización para usted,Plantilla con personalización,0,0,0,1,14,25-34,M,Tecnica,1010,synthetic_user_1010@example.com,synthetic-uid-1010,1,0,0,0,0,0,0,0.07762262211426599,0
synthetic,34,launched,email,,4,Personalización,Actualización para usted,Plantilla con personalización,0,0,0,1,14,25-34,M,Tecnica,1011,synthetic_user_1011@example.com,synthetic-uid-1011,1,0,0,0,0,0,0,0.07762262211426599,0
synthetic,34,launched,email,,4,Personalización,Actualización para usted,Plantilla con personalización,0,0,0,1,14,25-34,M,Tecnica,1012,synthetic_user_1012@example.com,synthetic-uid-1012,1,0,0,0,0,0,0,0.07762262211426599,0
synthetic,34,launched,email,,4,Personalización,Actualización para usted,Plantilla con personalización,0,0,0,1,14,25-34,M,Tecnica,1013,synthetic_user_1013@example.com,synthetic-uid-1013,1,0,0,0,0,0,0,0.07762262211426599,0
synthetic,34,launched,email,,4,Personalización,Actualización para usted,Plantilla con personalización,0,0,0,1,14,25-34,M,Tecnica,1014,synthetic_user_1014@example.com,synthetic-uid-1014,1,1,0,0,1,0,0,0.07762262211426599,0
synthetic,34,launched,email,,4,Personalización,Actualización para usted,Plantilla con personalización,0,0,0,1,14,25-34,M,Tecnica,1015,synthetic_user_1015@example.com,synthetic-uid-1015,1,0,0,0,0,0,0,0.07762262211426599,0
synthetic,34,launched,email,,4,Personalización,Actualización para usted,Plantilla con personalización,0,0,0,1,14,25-34,M,Tecnica,1016,synthetic_user_1016@example.com,synthetic-uid-1016,1,0,0,0,0,0,0,0.07762262211426599,0
synthetic,34,launched,email,,4,Personalización,Actualización para usted,Plantilla con personalización,0,0,0,1,14,25-34,M,Tecnica,1017,synthetic_user_1017@example.com,synthetic-uid-1017,1,0,0,0,0,0,0,0.07762262211426599,0
synthetic,34,launched,email,,4,Personalización,Actualización para usted,Plantilla con personalización,0,0,0,1,14,25-34,M,Tecnica,1018,synthetic_user_1018@example.com,synthetic-uid-1018,1,1,0,0,1,0,0,0.07762262211426599,0
synthetic,34,launched,email,,4,Personalización,Actualización para usted,Plantilla con personalización,0,0,0,1,14,25-34,M,Tecnica,1019,synthetic_user_1019@example.com,synthetic-uid-1019,1,0,0,0,0,0,0,0.07762262211426599,0
synthetic,34,launched,email,,4,Personalización,Actualización para usted,Plantilla con personalización,0,0,0,1,14,25-34,M,Tecnica,1020,synthetic_user_1020@example.com,synthetic-uid-1020,1,0,0,0,0,0,0,0.07762262211426599,0
synthetic,35,launched,email,,4,Personalización,Actualización para usted,Plantilla con personalización,0,0,0,1,19,35-44,F,Universitaria,1021,synthetic_user_1021@example.com,synthetic-uid-1021,1,0,0,0,0,0,0,0.02499492263983752,0
synthetic,35,launched,email,,4,Personalización,Actualización para usted,Plantilla con personalización,0,0,0,1,19,35-44,F,Universitaria,1022,synthetic_user_1022@example.com,synthetic-uid-1022,1,0,0,0,0,0,0,0.02499492263983752,0
synthetic,35,launched,email,,4,Personalización,Actualización para usted,Plantilla con personalización,0,0,0,1,19,35-44,F,Universitaria,1023,synthetic_user_1023@example.com,synthetic-uid-1023,1,0,0,0,0,0,0,0.02499492263983752,0
synthetic,35,launched,email,,4,Personalización,Actualización para usted,Plantilla con personalización,0,0,0,1,19,35-44,F,Universitaria,1024,synthetic_user_1024@example.com,synthetic-uid-1024,1,1,0,0,1,0,0,0.02499492263983752,0
synthetic,35,launched,email,,4,Personalización,Actualización para usted,Plantilla con personalización,0,0,0,1,19,35-44,F,Universitaria,1025,synthetic_user_1025@example.com,synthetic-uid-1025,1,0,0,0,0,0,0,0.02499492263983752,0
synthetic,35,launched,email,,4,Personalización,Actualización para usted,Plantilla con personalización,0,0,0,1,19,35-44,F,Universitaria,1026,synthetic_user_1026@example.com,synthetic-uid-1026,1,0,0,0,0,0,0,0.02499492263983752,0
synthetic,35,launched,email,,4,Personalización,Actualización para usted,Plantilla con personalización,0,0,0,1,19,35-44,F,Universitaria,1027,synthetic_user_1027@example.com,synthetic-uid-1027,1,1,0,0,1,0,0,0.02499492263983752,0
synthetic,35,launched,email,,4,Personalización,Actualización para usted,Plantilla con personalización,0,0,0,1,19,35-44,F,Universitaria,1028,synthetic_user_1028@example.com,synthetic-uid-1028,1,0,0,0,0,0,0,0.02499492263983752,0
synthetic,35,launched,email,,4,Personalización,Actualización para usted,Plantilla con personalización,0,0,0,1,19,35-44,F,Universitaria,1029,synthetic_user_1029@example.com,synthetic-uid-1029,1,0,0,0,0,0,0,0.02499492263983752,0
synthetic,35,launched,email,,4,Personalización,Actualización para usted,Plantilla con personalización,0,0,0,1,19,35-44,F,Universitaria,1030,synthetic_user_1030@example.com,synthetic-uid-1030,1,0,0,0,0,0,0,0.02499492263983752,0
synthetic,35,launched,email,,4,Personalización,Actualización para usted,Plantilla con personalización,0,0,0,1,19,35-44,F,Universitaria,1031,synthetic_user_1031@example.com,synthetic-uid-1031,1,0,0,0,0,0,0,0.02499492263983752,0
synthetic,35,launched,email,,4,Personalización,Actualización para usted,Plantilla con personalización,0,0,0,1,19,35-44,F,Universitaria,1032,synthetic_user_1032@example.com,synthetic-uid-1032,1,1,1,0,1,1,0,0.02499492263983752,0
synthetic,35,launched,email,,4,Personalización,Actualización para usted,Plantilla con personalización,0,0,0,1,19,35-44,F,Universitaria,1033,synthetic_user_1033@example.com,synthetic-uid-1033,1,1,0,0,1,0,0,0.02499492263983752,0
synthetic,35,launched,email,,4,Personalización,Actualización para usted,Plantilla con personalización,0,0,0,1,19,35-44,F,Universitaria,1034,synthetic_user_1034@example.com,synthetic-uid-1034,1,0,0,0,0,0,0,0.02499492263983752,0
synthetic,35,launched,email,,4,Personalización,Actualización para usted,Plantilla con personalización,0,0,0,1,19,35-44,F,Universitaria,1035,synthetic_user_1035@example.com,synthetic-uid-1035,1,0,0,0,0,0,0,0.02499492263983752,0
synthetic,35,launched,email,,4,Personalización,Actualización para usted,Plantilla con personalización,0,0,0,1,19,35-44,F,Universitaria,1036,synthetic_user_1036@example.com,synthetic-uid-1036,1,1,0,0,1,0,0,0.02499492263983752,0
synthetic,35,launched,email,,4,Personalización,Actualización para usted,Plantilla con personalización,0,0,0,1,19,35-44,F,Universitaria,1037,synthetic_user_1037@example.com,synthetic-uid-1037,1,0,0,0,0,0,0,0.02499492263983752,0
synthetic,35,launched,email,,4,Personalización,Actualización para usted,Plantilla con personalización,0,0,0,1,19,35-44,F,Universitaria,1038,synthetic_user_1038@example.com,synthetic-uid-1038,1,0,0,0,0,0,0,0.02499492263983752,0
synthetic,35,launched,email,,4,Personalización,Actualización para usted,Plantilla con personalización,0,0,0,1,19,35-44,F,Universitaria,1039,synthetic_user_1039@example.com,synthetic-uid-1039,1,0,0,0,0,0,0,0.02499492263983752,0
synthetic,35,launched,email,,4,Personalización,Actualización para usted,Plantilla con personalización,0,0,0,1,19,35-44,F,Universitaria,1040,synthetic_user_1040@example.com,synthetic-uid-1040,1,0,0,0,0,0,0,0.02499492263983752,0
synthetic,35,launched,email,,4,Personalización,Actualización para usted,Plantilla con personalización,0,0,0,1,19,35-44,F,Universitaria,1041,synthetic_user_1041@example.com,synthetic-uid-1041,1,0,0,0,0,0,0,0.02499492263983752,0
synthetic,35,launched,email,,4,Personalización,Actualización para usted,Plantilla con personalización,0,0,0,1,19,35-44,F,Universitaria,1042,synthetic_user_1042@example.com,synthetic-uid-1042,1,0,0,0,0,0,0,0.02499492263983752,0
synthetic,35,launched,email,,4,Personalización,Actualización para usted,Plantilla con personalización,0,0,0,1,19,35-44,F,Universitaria,1043,synthetic_user_1043@example.com,synthetic-uid-1043,1,0,0,0,0,0,0,0.02499492263983752,0
synthetic,35,launched,email,,4,Personalización,Actualización para usted,Plantilla con personalización,0,0,0,1,19,35-44,F,Universitaria,1044,synthetic_user_1044@example.com,synthetic-uid-1044,1,1,0,0,1,0,0,0.02499492263983752,0
synthetic,35,launched,email,,4,Personalización,Actualización para usted,Plantilla con personalización,0,0,0,1,19,35-44,F,Universitaria,1045,synthetic_user_1045@example.com,synthetic-uid-1045,1,1,1,0,1,1,0,0.02499492263983752,0
synthetic,35,launched,email,,4,Personalización,Actualización para usted,Plantilla con personalización,0,0,0,1,19,35-44,F,Universitaria,1046,synthetic_user_1046@example.com,synthetic-uid-1046,1,0,0,0,0,0,0,0.02499492263983752,0
synthetic,35,launched,email,,4,Personalización,Actualización para usted,Plantilla con personalización,0,0,0,1,19,35-44,F,Universitaria,1047,synthetic_user_1047@example.com,synthetic-uid-1047,1,0,0,0,0,0,0,0.02499492263983752,0
synthetic,35,launched,email,,4,Personalización,Actualización para usted,Plantilla con personalización,0,0,0,1,19,35-44,F,Universitaria,1048,synthetic_user_1048@example.com,synthetic-uid-1048,1,1,1,0,1,1,0,0.02499492263983752,0
synthetic,35,launched,email,,4,Personalización,Actualización para usted,Plantilla con personalización,0,0,0,1,19,35-44,F,Universitaria,1049,synthetic_user_1049@example.com,synthetic-uid-1049,1,0,0,0,0,0,0,0.02499492263983752,0
synthetic,35,launched,email,,4,Personalización,Actualización para usted,Plantilla con personalización,0,0,0,1,19,35-44,F,Universitaria,1050,synthetic_user_1050@example.com,synthetic-uid-1050,1,0,0,0,0,0,0,0.02499492263983752,0
synthetic,36,launched,email,,4,Personalización,Actualización para usted,Plantilla con personalización,0,0,0,1,9,25-34,F,Secundaria,1051,synthetic_user_1051@example.com,synthetic-uid-1051,1,0,0,0,0,0,0,0.06899495330011818,0
synthetic,36,launched,email,,4,Personalización,Actualización para usted,Plantilla con personalización,0,0,0,1,9,25-34,F,Secundaria,1052,synthetic_user_1052@example.com,synthetic-uid-1052,1,0,0,0,0,0,0,0.06899495330011818,0
synthetic,36,launched,email,,4,Personalización,Actualización para usted,Plantilla con personalización,0,0,0,1,9,25-34,F,Secundaria,1053,synthetic_user_1053@example.com,synthetic-uid-1053,1,0,0,0,0,0,0,0.06899495330011818,0
synthetic,36,launched,email,,4,Personalización,Actualización para usted,Plantilla con personalización,0,0,0,1,9,25-34,F,Secundaria,1054,synthetic_user_1054@example.com,synthetic-uid-1054,1,0,0,0,0,0,0,0.06899495330011818,0
synthetic,36,launched,email,,4,Personalización,Actualización para usted,Plantilla con personalización,0,0,0,1,9,25-34,F,Secundaria,1055,synthetic_user_1055@example.com,synthetic-uid-1055,1,1,0,0,1,0,0,0.06899495330011818,0
synthetic,36,launched,email,,4,Personalización,Actualización para usted,Plantilla con personalización,0,0,0,1,9,25-34,F,Secundaria,1056,synthetic_user_1056@example.com,synthetic-uid-1056,1,1,0,0,1,0,0,0.06899495330011818,0
synthetic,36,launched,email,,4,Personalización,Actualización para usted,Plantilla con personalización,0,0,0,1,9,25-34,F,Secundaria,1057,synthetic_user_1057@example.com,synthetic-uid-1057,1,0,0,0,0,0,0,0.06899495330011818,0
synthetic,36,launched,email,,4,Personalización,Actualización para usted,Plantilla con personalización,0,0,0,1,9,25-34,F,Secundaria,1058,synthetic_user_1058@example.com,synthetic-uid-1058,1,0,0,0,0,0,0,0.06899495330011818,0
synthetic,36,launched,email,,4,Personalización,Actualización para usted,Plantilla con personalización,0,0,0,1,9,25-34,F,Secundaria,1059,synthetic_user_1059@example.com,synthetic-uid-1059,1,0,0,0,0,0,0,0.06899495330011818,0
synthetic,36,launched,email,,4,Personalización,Actualización para usted,Plantilla con personalización,0,0,0,1,9,25-34,F,Secundaria,1060,synthetic_user_1060@example.com,synthetic-uid-1060,1,1,1,0,1,1,0,0.06899495330011818,0
synthetic,36,launched,email,,4,Personalización,Actualización para usted,Plantilla con personalización,0,0,0,1,9,25-34,F,Secundaria,1061,synthetic_user_1061@example.com,synthetic-uid-1061,1,1,0,0,1,0,0,0.06899495330011818,0
synthetic,36,launched,email,,4,Personalización,Actualización para usted,Plantilla con personalización,0,0,0,1,9,25-34,F,Secundaria,1062,synthetic_user_1062@example.com,synthetic-uid-1062,1,0,0,0,0,0,0,0.06899495330011818,0
synthetic,36,launched,email,,4,Personalización,Actualización para usted,Plantilla con personalización,0,0,0,1,9,25-34,F,Secundaria,1063,synthetic_user_1063@example.com,synthetic-uid-1063,1,1,0,0,1,0,0,0.06899495330011818,0
synthetic,36,launched,email,,4,Personalización,Actualización para usted,Plantilla con personalización,0,0,0,1,9,25-34,F,Secundaria,1064,synthetic_user_1064@example.com,synthetic-uid-1064,1,0,0,0,0,0,0,0.06899495330011818,0
synthetic,36,launched,email,,4,Personalización,Actualización para usted,Plantilla con personalización,0,0,0,1,9,25-34,F,Secundaria,1065,synthetic_user_1065@example.com,synthetic-uid-1065,1,0,0,0,0,0,0,0.06899495330011818,0
synthetic,36,launched,email,,4,Personalización,Actualización para usted,Plantilla con personalización,0,0,0,1,9,25-34,F,Secundaria,1066,synthetic_user_1066@example.com,synthetic-uid-1066,1,0,0,0,0,0,0,0.06899495330011818,0
synthetic,36,launched,email,,4,Personalización,Actualización para usted,Plantilla con personalización,0,0,0,1,9,25-34,F,Secundaria,1067,synthetic_user_1067@example.com,synthetic-uid-1067,1,0,0,0,0,0,0,0.06899495330011818,0
synthetic,36,launched,email,,4,Personalización,Actualización para usted,Plantilla con personalización,0,0,0,1,9,25-34,F,Secundaria,1068,synthetic_user_1068@example.com,synthetic-uid-1068,1,0,0,0,0,0,0,0.06899495330011818,0
synthetic,36,launched,email,,4,Personalización,Actualización para usted,Plantilla con personalización,0,0,0,1,9,25-34,F,Secundaria,1069,synthetic_user_1069@example.com,synthetic-uid-1069,1,1,1,0,1,1,0,0.06899495330011818,0
synthetic,36,launched,email,,4,Personalización,Actualización para usted,Plantilla con personalización,0,0,0,1,9,25-34,F,Secundaria,1070,synthetic_user_1070@example.com,synthetic-uid-1070,1,1,0,0,1,0,0,0.06899495330011818,0
synthetic,36,launched,email,,4,Personalización,Actualización para usted,Plantilla con personalización,0,0,0,1,9,25-34,F,Secundaria,1071,synthetic_user_1071@example.com,synthetic-uid-1071,1,1,0,0,1,0,0,0.06899495330011818,0
synthetic,36,launched,email,,4,Personalización,Actualización para usted,Plantilla con personalización,0,0,0,1,9,25-34,F,Secundaria,1072,synthetic_user_1072@example.com,synthetic-uid-1072,1,0,0,0,0,0,0,0.06899495330011818,0
synthetic,36,launched,email,,4,Personalización,Actualización para usted,Plantilla con personalización,0,0,0,1,9,25-34,F,Secundaria,1073,synthetic_user_1073@example.com,synthetic-uid-1073,1,1,0,0,1,0,0,0.06899495330011818,0
synthetic,36,launched,email,,4,Personalización,Actualización para usted,Plantilla con personalización,0,0,0,1,9,25-34,F,Secundaria,1074,synthetic_user_1074@example.com,synthetic-uid-1074,1,0,0,0,0,0,0,0.06899495330011818,0
synthetic,36,launched,email,,4,Personalización,Actualización para usted,Plantilla con personalización,0,0,0,1,9,25-34,F,Secundaria,1075,synthetic_user_1075@example.com,synthetic-uid-1075,1,0,0,0,0,0,0,0.06899495330011818,0
synthetic,36,launched,email,,4,Personalización,Actualización para usted,Plantilla con personalización,0,0,0,1,9,25-34,F,Secundaria,1076,synthetic_user_1076@example.com,synthetic-uid-1076,1,0,0,0,0,0,0,0.06899495330011818,0
synthetic,36,launched,email,,4,Personalización,Actualización para usted,Plantilla con personalización,0,0,0,1,9,25-34,F,Secundaria,1077,synthetic_user_1077@example.com,synthetic-uid-1077,1,1,0,0,1,0,0,0.06899495330011818,0
synthetic,36,launched,email,,4,Personalización,Actualización para usted,Plantilla con personalización,0,0,0,1,9,25-34,F,Secundaria,1078,synthetic_user_1078@example.com,synthetic-uid-1078,1,1,0,0,1,0,0,0.06899495330011818,0
synthetic,36,launched,email,,4,Personalización,Actualización para usted,Plantilla con personalización,0,0,0,1,9,25-34,F,Secundaria,1079,synthetic_user_1079@example.com,synthetic-uid-1079,1,1,0,0,1,0,0,0.06899495330011818,0
synthetic,36,launched,email,,4,Personalización,Actualización para usted,Plantilla con personalización,0,0,0,1,9,25-34,F,Secundaria,1080,synthetic_user_1080@example.com,synthetic-uid-1080,1,1,1,0,1,1,0,0.06899495330011818,0
synthetic,37,launched,email,,4,Personalización,Actualización para usted,Plantilla con personalización,0,0,0,1,16,25-34,M,Posgrado,1081,synthetic_user_1081@example.com,synthetic-uid-1081,1,0,0,0,0,0,0,0.054388870320732426,0
synthetic,37,launched,email,,4,Personalización,Actualización para usted,Plantilla con personalización,0,0,0,1,16,25-34,M,Posgrado,1082,synthetic_user_1082@example.com,synthetic-uid-1082,1,0,0,0,0,0,0,0.054388870320732426,0
synthetic,37,launched,email,,4,Personalización,Actualización para usted,Plantilla con personalización,0,0,0,1,16,25-34,M,Posgrado,1083,synthetic_user_1083@example.com,synthetic-uid-1083,1,0,0,0,0,0,0,0.054388870320732426,0
synthetic,37,launched,email,,4,Personalización,Actualización para usted,Plantilla con personalización,0,0,0,1,16,25-34,M,Posgrado,1084,synthetic_user_1084@example.com,synthetic-uid-1084,1,0,0,0,0,0,0,0.054388870320732426,0
synthetic,37,launched,email,,4,Personalización,Actualización para usted,Plantilla con personalización,0,0,0,1,16,25-34,M,Posgrado,1085,synthetic_user_1085@example.com,synthetic-uid-1085,1,1,1,0,1,1,0,0.054388870320732426,0
synthetic,37,launched,email,,4,Personalización,Actualización para usted,Plantilla con personalización,0,0,0,1,16,25-34,M,Posgrado,1086,synthetic_user_1086@example.com,synthetic-uid-1086,1,0,0,0,0,0,0,0.054388870320732426,0
synthetic,37,launched,email,,4,Personalización,Actualización para usted,Plantilla con personalización,0,0,0,1,16,25-34,M,Posgrado,1087,synthetic_user_1087@example.com,synthetic-uid-1087,1,0,0,0,0,0,0,0.054388870320732426,0
synthetic,37,launched,email,,4,Personalización,Actualización para usted,Plantilla con personalización,0,0,0,1,16,25-34,M,Posgrado,1088,synthetic_user_1088@example.com,synthetic-uid-1088,1,1,0,0,1,0,0,0.054388870320732426,0
synthetic,37,launched,email,,4,Personalización,Actualización para usted,Plantilla con personalización,0,0,0,1,16,25-34,M,Posgrado,1089,synthetic_user_1089@example.com,synthetic-uid-1089,1,0,0,0,0,0,0,0.054388870320732426,0
synthetic,37,launched,email,,4,Personalización,Actualización para usted,Plantilla con personalización,0,0,0,1,16,25-34,M,Posgrado,1090,synthetic_user_1090@example.com,synthetic-uid-1090,1,0,0,0,0,0,0,0.054388870320732426,0
synthetic,37,launched,email,,4,Personalización,Actualización para usted,Plantilla con personalización,0,0,0,1,16,25-34,M,Posgrado,1091,synthetic_user_1091@example.com,synthetic-uid-1091,1,0,0,0,0,0,0,0.054388870320732426,0
synthetic,37,launched,email,,4,Personalización,Actualización para usted,Plantilla con personalización,0,0,0,1,16,25-34,M,Posgrado,1092,synthetic_user_1092@example.com,synthetic-uid-1092,1,0,0,0,0,0,0,0.054388870320732426,0
synthetic,37,launched,email,,4,Personalización,Actualización para usted,Plantilla con personalización,0,0,0,1,16,25-34,M,Posgrado,1093,synthetic_user_1093@example.com,synthetic-uid-1093,1,1,0,0,1,0,0,0.054388870320732426,0
synthetic,37,launched,email,,4,Personalización,Actualización para usted,Plantilla con personalización,0,0,0,1,16,25-34,M,Posgrado,1094,synthetic_user_1094@example.com,synthetic-uid-1094,1,0,0,0,0,0,0,0.054388870320732426,0
synthetic,37,launched,email,,4,Personalización,Actualización para usted,Plantilla con personalización,0,0,0,1,16,25-34,M,Posgrado,1095,synthetic_user_1095@example.com,synthetic-uid-1095,1,1,1,0,1,1,0,0.054388870320732426,0
synthetic,37,launched,email,,4,Personalización,Actualización para usted,Plantilla con personalización,0,0,0,1,16,25-34,M,Posgrado,1096,synthetic_user_1096@example.com,synthetic-uid-1096,1,1,1,0,1,1,0,0.054388870320732426,0
synthetic,37,launched,email,,4,Personalización,Actualización para usted,Plantilla con personalización,0,0,0,1,16,25-34,M,Posgrado,1097,synthetic_user_1097@example.com,synthetic-uid-1097,1,0,0,0,0,0,0,0.054388870320732426,0
synthetic,37,launched,email,,4,Personalización,Actualización para usted,Plantilla con personalización,0,0,0,1,16,25-34,M,Posgrado,1098,synthetic_user_1098@example.com,synthetic-uid-1098,1,0,0,0,0,0,0,0.054388870320732426,0
synthetic,37,launched,email,,4,Personalización,Actualización para usted,Plantilla con personalización,0,0,0,1,16,25-34,M,Posgrado,1099,synthetic_user_1099@example.com,synthetic-uid-1099,1,0,0,0,0,0,0,0.054388870320732426,0
synthetic,37,launched,email,,4,Personalización,Actualización para usted,Plantilla con personalización,0,0,0,1,16,25-34,M,Posgrado,1100,synthetic_user_1100@example.com,synthetic-uid-1100,1,0,0,0,0,0,0,0.054388870320732426,0
synthetic,37,launched,email,,4,Personalización,Actualización para usted,Plantilla con personalización,0,0,0,1,16,25-34,M,Posgrado,1101,synthetic_user_1101@example.com,synthetic-uid-1101,1,1,0,0,1,0,0,0.054388870320732426,0
synthetic,37,launched,email,,4,Personalización,Actualización para usted,Plantilla con personalización,0,0,0,1,16,25-34,M,Posgrado,1102,synthetic_user_1102@example.com,synthetic-uid-1102,1,1,0,0,1,0,0,0.054388870320732426,0
synthetic,37,launched,email,,4,Personalización,Actualización para usted,Plantilla con personalización,0,0,0,1,16,25-34,M,Posgrado,1103,synthetic_user_1103@example.com,synthetic-uid-1103,1,0,0,0,0,0,0,0.054388870320732426,0
synthetic,37,launched,email,,4,Personalización,Actualización para usted,Plantilla con personalización,0,0,0,1,16,25-34,M,Posgrado,1104,synthetic_user_1104@example.com,synthetic-uid-1104,1,0,0,0,0,0,0,0.054388870320732426,0
synthetic,37,launched,email,,4,Personalización,Actualización para usted,Plantilla con personalización,0,0,0,1,16,25-34,M,Posgrado,1105,synthetic_user_1105@example.com,synthetic-uid-1105,1,1,1,0,1,1,0,0.054388870320732426,0
synthetic,37,launched,email,,4,Personalización,Actualización para usted,Plantilla con personalización,0,0,0,1,16,25-34,M,Posgrado,1106,synthetic_user_1106@example.com,synthetic-uid-1106,1,0,0,0,0,0,0,0.054388870320732426,0
synthetic,37,launched,email,,4,Personalización,Actualización para usted,Plantilla con personalización,0,0,0,1,16,25-34,M,Posgrado,1107,synthetic_user_1107@example.com,synthetic-uid-1107,1,0,0,0,0,0,0,0.054388870320732426,0
synthetic,37,launched,email,,4,Personalización,Actualización para usted,Plantilla con personalización,0,0,0,1,16,25-34,M,Posgrado,1108,synthetic_user_1108@example.com,synthetic-uid-1108,1,0,0,0,0,0,0,0.054388870320732426,0
synthetic,37,launched,email,,4,Personalización,Actualización para usted,Plantilla con personalización,0,0,0,1,16,25-34,M,Posgrado,1109,synthetic_user_1109@example.com,synthetic-uid-1109,1,0,0,0,0,0,0,0.054388870320732426,0
synthetic,37,launched,email,,4,Personalización,Actualización para usted,Plantilla con personalización,0,0,0,1,16,25-34,M,Posgrado,1110,synthetic_user_1110@example.com,synthetic-uid-1110,1,0,0,0,0,0,0,0.054388870320732426,0
synthetic,38,launched,email,,4,Personalización,Actualización para usted,Plantilla con personalización,0,0,0,1,12,25-34,F,Posgrado,1111,synthetic_user_1111@example.com,synthetic-uid-1111,1,0,0,0,0,0,0,0.06951815716514712,0
synthetic,38,launched,email,,4,Personalización,Actualización para usted,Plantilla con personalización,0,0,0,1,12,25-34,F,Posgrado,1112,synthetic_user_1112@example.com,synthetic-uid-1112,1,0,0,0,0,0,0,0.06951815716514712,0
synthetic,38,launched,email,,4,Personalización,Actualización para usted,Plantilla con personalización,0,0,0,1,12,25-34,F,Posgrado,1113,synthetic_user_1113@example.com,synthetic-uid-1113,1,0,0,0,0,0,0,0.06951815716514712,0
synthetic,38,launched,email,,4,Personalización,Actualización para usted,Plantilla con personalización,0,0,0,1,12,25-34,F,Posgrado,1114,synthetic_user_1114@example.com,synthetic-uid-1114,1,0,0,0,0,0,0,0.06951815716514712,0
synthetic,38,launched,email,,4,Personalización,Actualización para usted,Plantilla con personalización,0,0,0,1,12,25-34,F,Posgrado,1115,synthetic_user_1115@example.com,synthetic-uid-1115,1,0,0,0,0,0,0,0.06951815716514712,0
synthetic,38,launched,email,,4,Personalización,Actualización para usted,Plantilla con personalización,0,0,0,1,12,25-34,F,Posgrado,1116,synthetic_user_1116@example.com,synthetic-uid-1116,1,0,0,0,0,0,0,0.06951815716514712,0
synthetic,38,launched,email,,4,Personalización,Actualización para usted,Plantilla con personalización,0,0,0,1,12,25-34,F,Posgrado,1117,synthetic_user_1117@example.com,synthetic-uid-1117,1,1,0,0,1,0,0,0.06951815716514712,0
synthetic,38,launched,email,,4,Personalización,Actualización para usted,Plantilla con personalización,0,0,0,1,12,25-34,F,Posgrado,1118,synthetic_user_1118@example.com,synthetic-uid-1118,1,0,0,0,0,0,0,0.06951815716514712,0
synthetic,38,launched,email,,4,Personalización,Actualización para usted,Plantilla con personalización,0,0,0,1,12,25-34,F,Posgrado,1119,synthetic_user_1119@example.com,synthetic-uid-1119,1,0,0,0,0,0,0,0.06951815716514712,0
synthetic,38,launched,email,,4,Personalización,Actualización para usted,Plantilla con personalización,0,0,0,1,12,25-34,F,Posgrado,1120,synthetic_user_1120@example.com,synthetic-uid-1120,1,1,1,0,1,1,0,0.06951815716514712,0
synthetic,38,launched,email,,4,Personalización,Actualización para usted,Plantilla con personalización,0,0,0,1,12,25-34,F,Posgrado,1121,synthetic_user_1121@example.com,synthetic-uid-1121,1,0,0,0,0,0,0,0.06951815716514712,0
synthetic,38,launched,email,,4,Personalización,Actualización para usted,Plantilla con personalización,0,0,0,1,12,25-34,F,Posgrado,1122,synthetic_user_1122@example.com,synthetic-uid-1122,1,1,0,0,1,0,0,0.06951815716514712,0
synthetic,38,launched,email,,4,Personalización,Actualización para usted,Plantilla con personalización,0,0,0,1,12,25-34,F,Posgrado,1123,synthetic_user_1123@example.com,synthetic-uid-1123,1,0,0,0,0,0,0,0.06951815716514712,0
synthetic,38,launched,email,,4,Personalización,Actualización para usted,Plantilla con personalización,0,0,0,1,12,25-34,F,Posgrado,1124,synthetic_user_1124@example.com,synthetic-uid-1124,1,0,0,0,0,0,0,0.06951815716514712,0
synthetic,38,launched,email,,4,Personalización,Actualización para usted,Plantilla con personalización,0,0,0,1,12,25-34,F,Posgrado,1125,synthetic_user_1125@example.com,synthetic-uid-1125,1,0,0,0,0,0,0,0.06951815716514712,0
synthetic,38,launched,email,,4,Personalización,Actualización para usted,Plantilla con personalización,0,0,0,1,12,25-34,F,Posgrado,1126,synthetic_user_1126@example.com,synthetic-uid-1126,1,1,0,0,1,0,0,0.06951815716514712,0
synthetic,38,launched,email,,4,Personalización,Actualización para usted,Plantilla con personalización,0,0,0,1,12,25-34,F,Posgrado,1127,synthetic_user_1127@example.com,synthetic-uid-1127,1,0,0,0,0,0,0,0.06951815716514712,0
synthetic,38,launched,email,,4,Personalización,Actualización para usted,Plantilla con personalización,0,0,0,1,12,25-34,F,Posgrado,1128,synthetic_user_1128@example.com,synthetic-uid-1128,1,0,0,0,0,0,0,0.06951815716514712,0
synthetic,38,launched,email,,4,Personalización,Actualización para usted,Plantilla con personalización,0,0,0,1,12,25-34,F,Posgrado,1129,synthetic_user_1129@example.com,synthetic-uid-1129,1,1,0,0,1,0,0,0.06951815716514712,0
synthetic,38,launched,email,,4,Personalización,Actualización para usted,Plantilla con personalización,0,0,0,1,12,25-34,F,Posgrado,1130,synthetic_user_1130@example.com,synthetic-uid-1130,1,0,0,0,0,0,0,0.06951815716514712,0
synthetic,38,launched,email,,4,Personalización,Actualización para usted,Plantilla con personalización,0,0,0,1,12,25-34,F,Posgrado,1131,synthetic_user_1131@example.com,synthetic-uid-1131,1,1,0,0,1,0,0,0.06951815716514712,0
synthetic,38,launched,email,,4,Personalización,Actualización para usted,Plantilla con personalización,0,0,0,1,12,25-34,F,Posgrado,1132,synthetic_user_1132@example.com,synthetic-uid-1132,1,0,0,0,0,0,0,0.06951815716514712,0
synthetic,38,launched,email,,4,Personalización,Actualización para usted,Plantilla con personalización,0,0,0,1,12,25-34,F,Posgrado,1133,synthetic_user_1133@example.com,synthetic-uid-1133,1,0,0,0,0,0,0,0.06951815716514712,0
synthetic,38,launched,email,,4,Personalización,Actualización para usted,Plantilla con personalización,0,0,0,1,12,25-34,F,Posgrado,1134,synthetic_user_1134@example.com,synthetic-uid-1134,1,0,0,0,0,0,0,0.06951815716514712,0
synthetic,38,launched,email,,4,Personalización,Actualización para usted,Plantilla con personalización,0,0,0,1,12,25-34,F,Posgrado,1135,synthetic_user_1135@example.com,synthetic-uid-1135,1,0,0,0,0,0,0,0.06951815716514712,0
synthetic,38,launched,email,,4,Personalización,Actualización para usted,Plantilla con personalización,0,0,0,1,12,25-34,F,Posgrado,1136,synthetic_user_1136@example.com,synthetic-uid-1136,1,1,0,0,1,0,0,0.06951815716514712,0
synthetic,38,launched,email,,4,Personalización,Actualización para usted,Plantilla con personalización,0,0,0,1,12,25-34,F,Posgrado,1137,synthetic_user_1137@example.com,synthetic-uid-1137,1,0,0,0,0,0,0,0.06951815716514712,0
synthetic,38,launched,email,,4,Personalización,Actualización para usted,Plantilla con personalización,0,0,0,1,12,25-34,F,Posgrado,1138,synthetic_user_1138@example.com,synthetic-uid-1138,1,1,1,0,1,1,0,0.06951815716514712,0
synthetic,38,launched,email,,4,Personalización,Actualización para usted,Plantilla con personalización,0,0,0,1,12,25-34,F,Posgrado,1139,synthetic_user_1139@example.com,synthetic-uid-1139,1,0,0,0,0,0,0,0.06951815716514712,0
synthetic,38,launched,email,,4,Personalización,Actualización para usted,Plantilla con personalización,0,0,0,1,12,25-34,F,Posgrado,1140,synthetic_user_1140@example.com,synthetic-uid-1140,1,0,0,0,0,0,0,0.06951815716514712,0
synthetic,39,launched,email,,4,Personalización,Actualización para usted,Plantilla con personalización,0,0,0,1,25,45-54,F,Secundaria,1141,synthetic_user_1141@example.com,synthetic-uid-1141,1,0,0,0,0,0,0,0.08566790374275898,0
synthetic,39,launched,email,,4,Personalización,Actualización para usted,Plantilla con personalización,0,0,0,1,25,45-54,F,Secundaria,1142,synthetic_user_1142@example.com,synthetic-uid-1142,1,1,1,0,1,1,0,0.08566790374275898,0
synthetic,39,launched,email,,4,Personalización,Actualización para usted,Plantilla con personalización,0,0,0,1,25,45-54,F,Secundaria,1143,synthetic_user_1143@example.com,synthetic-uid-1143,1,0,0,0,0,0,0,0.08566790374275898,0
synthetic,39,launched,email,,4,Personalización,Actualización para usted,Plantilla con personalización,0,0,0,1,25,45-54,F,Secundaria,1144,synthetic_user_1144@example.com,synthetic-uid-1144,1,0,0,0,0,0,0,0.08566790374275898,0
synthetic,39,launched,email,,4,Personalización,Actualización para usted,Plantilla con personalización,0,0,0,1,25,45-54,F,Secundaria,1145,synthetic_user_1145@example.com,synthetic-uid-1145,1,0,0,0,0,0,0,0.08566790374275898,0
synthetic,39,launched,email,,4,Personalización,Actualización para usted,Plantilla con personalización,0,0,0,1,25,45-54,F,Secundaria,1146,synthetic_user_1146@example.com,synthetic-uid-1146,1,1,1,0,1,1,0,0.08566790374275898,0
synthetic,39,launched,email,,4,Personalización,Actualización para usted,Plantilla con personalización,0,0,0,1,25,45-54,F,Secundaria,1147,synthetic_user_1147@example.com,synthetic-uid-1147,1,0,0,0,0,0,0,0.08566790374275898,0
synthetic,39,launched,email,,4,Personalización,Actualización para usted,Plantilla con personalización,0,0,0,1,25,45-54,F,Secundaria,1148,synthetic_user_1148@example.com,synthetic-uid-1148,1,1,0,0,1,0,0,0.08566790374275898,0
synthetic,39,launched,email,,4,Personalización,Actualización para usted,Plantilla con personalización,0,0,0,1,25,45-54,F,Secundaria,1149,synthetic_user_1149@example.com,synthetic-uid-1149,1,0,0,0,0,0,0,0.08566790374275898,0
synthetic,39,launched,email,,4,Personalización,Actualización para usted,Plantilla con personalización,0,0,0,1,25,45-54,F,Secundaria,1150,synthetic_user_1150@example.com,synthetic-uid-1150,1,1,0,0,1,0,0,0.08566790374275898,0
synthetic,39,launched,email,,4,Personalización,Actualización para usted,Plantilla con personalización,0,0,0,1,25,45-54,F,Secundaria,1151,synthetic_user_1151@example.com,synthetic-uid-1151,1,0,0,0,0,0,0,0.08566790374275898,0
synthetic,39,launched,email,,4,Personalización,Actualización para usted,Plantilla con personalización,0,0,0,1,25,45-54,F,Secundaria,1152,synthetic_user_1152@example.com,synthetic-uid-1152,1,0,0,0,0,0,0,0.08566790374275898,0
synthetic,39,launched,email,,4,Personalización,Actualización para usted,Plantilla con personalización,0,0,0,1,25,45-54,F,Secundaria,1153,synthetic_user_1153@example.com,synthetic-uid-1153,1,1,0,0,1,0,0,0.08566790374275898,0
synthetic,39,launched,email,,4,Personalización,Actualización para usted,Plantilla con personalización,0,0,0,1,25,45-54,F,Secundaria,1154,synthetic_user_1154@example.com,synthetic-uid-1154,1,0,0,0,0,0,0,0.08566790374275898,0
synthetic,39,launched,email,,4,Personalización,Actualización para usted,Plantilla con personalización,0,0,0,1,25,45-54,F,Secundaria,1155,synthetic_user_1155@example.com,synthetic-uid-1155,1,1,0,0,1,0,0,0.08566790374275898,0
synthetic,39,launched,email,,4,Personalización,Actualización para usted,Plantilla con personalización,0,0,0,1,25,45-54,F,Secundaria,1156,synthetic_user_1156@example.com,synthetic-uid-1156,1,0,0,0,0,0,0,0.08566790374275898,0
synthetic,39,launched,email,,4,Personalización,Actualización para usted,Plantilla con personalización,0,0,0,1,25,45-54,F,Secundaria,1157,synthetic_user_1157@example.com,synthetic-uid-1157,1,0,0,0,0,0,0,0.08566790374275898,0
synthetic,39,launched,email,,4,Personalización,Actualización para usted,Plantilla con personalización,0,0,0,1,25,45-54,F,Secundaria,1158,synthetic_user_1158@example.com,synthetic-uid-1158,1,1,1,0,1,1,0,0.08566790374275898,0
synthetic,39,launched,email,,4,Personalización,Actualización para usted,Plantilla con personalización,0,0,0,1,25,45-54,F,Secundaria,1159,synthetic_user_1159@example.com,synthetic-uid-1159,1,1,1,0,1,1,0,0.08566790374275898,0
synthetic,39,launched,email,,4,Personalización,Actualización para usted,Plantilla con personalización,0,0,0,1,25,45-54,F,Secundaria,1160,synthetic_user_1160@example.com,synthetic-uid-1160,1,0,0,0,0,0,0,0.08566790374275898,0
synthetic,39,launched,email,,4,Personalización,Actualización para usted,Plantilla con personalización,0,0,0,1,25,45-54,F,Secundaria,1161,synthetic_user_1161@example.com,synthetic-uid-1161,1,0,0,0,0,0,0,0.08566790374275898,0
synthetic,39,launched,email,,4,Personalización,Actualización para usted,Plantilla con personalización,0,0,0,1,25,45-54,F,Secundaria,1162,synthetic_user_1162@example.com,synthetic-uid-1162,1,0,0,0,0,0,0,0.08566790374275898,0
synthetic,39,launched,email,,4,Personalización,Actualización para usted,Plantilla con personalización,0,0,0,1,25,45-54,F,Secundaria,1163,synthetic_user_1163@example.com,synthetic-uid-1163,1,0,0,0,0,0,0,0.08566790374275898,0
synthetic,39,launched,email,,4,Personalización,Actualización para usted,Plantilla con personalización,0,0,0,1,25,45-54,F,Secundaria,1164,synthetic_user_1164@example.com,synthetic-uid-1164,1,0,0,0,0,0,0,0.08566790374275898,0
synthetic,39,launched,email,,4,Personalización,Actualización para usted,Plantilla con personalización,0,0,0,1,25,45-54,F,Secundaria,1165,synthetic_user_1165@example.com,synthetic-uid-1165,1,0,0,0,0,0,0,0.08566790374275898,0
synthetic,39,launched,email,,4,Personalización,Actualización para usted,Plantilla con personalización,0,0,0,1,25,45-54,F,Secundaria,1166,synthetic_user_1166@example.com,synthetic-uid-1166,1,0,0,0,0,0,0,0.08566790374275898,0
synthetic,39,launched,email,,4,Personalización,Actualización para usted,Plantilla con personalización,0,0,0,1,25,45-54,F,Secundaria,1167,synthetic_user_1167@example.com,synthetic-uid-1167,1,0,0,0,0,0,0,0.08566790374275898,0
synthetic,39,launched,email,,4,Personalización,Actualización para usted,Plantilla con personalización,0,0,0,1,25,45-54,F,Secundaria,1168,synthetic_user_1168@example.com,synthetic-uid-1168,1,1,0,0,1,0,0,0.08566790374275898,0
synthetic,39,launched,email,,4,Personalización,Actualización para usted,Plantilla con personalización,0,0,0,1,25,45-54,F,Secundaria,1169,synthetic_user_1169@example.com,synthetic-uid-1169,1,1,0,0,1,0,0,0.08566790374275898,0
synthetic,39,launched,email,,4,Personalización,Actualización para usted,Plantilla con personalización,0,0,0,1,25,45-54,F,Secundaria,1170,synthetic_user_1170@example.com,synthetic-uid-1170,1,0,0,0,0,0,0,0.08566790374275898,0
synthetic,40,launched,email,,4,Personalización,Actualización para usted,Plantilla con personalización,0,0,0,1,12,25-34,F,Posgrado,1171,synthetic_user_1171@example.com,synthetic-uid-1171,1,0,0,0,0,0,0,0.06951815716514712,0
synthetic,40,launched,email,,4,Personalización,Actualización para usted,Plantilla con personalización,0,0,0,1,12,25-34,F,Posgrado,1172,synthetic_user_1172@example.com,synthetic-uid-1172,1,0,0,0,0,0,0,0.06951815716514712,0
synthetic,40,launched,email,,4,Personalización,Actualización para usted,Plantilla con personalización,0,0,0,1,12,25-34,F,Posgrado,1173,synthetic_user_1173@example.com,synthetic-uid-1173,1,1,0,0,1,0,0,0.06951815716514712,0
synthetic,40,launched,email,,4,Personalización,Actualización para usted,Plantilla con personalización,0,0,0,1,12,25-34,F,Posgrado,1174,synthetic_user_1174@example.com,synthetic-uid-1174,1,1,0,0,1,0,0,0.06951815716514712,0
synthetic,40,launched,email,,4,Personalización,Actualización para usted,Plantilla con personalización,0,0,0,1,12,25-34,F,Posgrado,1175,synthetic_user_1175@example.com,synthetic-uid-1175,1,1,0,0,1,0,0,0.06951815716514712,0
synthetic,40,launched,email,,4,Personalización,Actualización para usted,Plantilla con personalización,0,0,0,1,12,25-34,F,Posgrado,1176,synthetic_user_1176@example.com,synthetic-uid-1176,1,0,0,0,0,0,0,0.06951815716514712,0
synthetic,40,launched,email,,4,Personalización,Actualización para usted,Plantilla con personalización,0,0,0,1,12,25-34,F,Posgrado,1177,synthetic_user_1177@example.com,synthetic-uid-1177,1,0,0,0,0,0,0,0.06951815716514712,0
synthetic,40,launched,email,,4,Personalización,Actualización para usted,Plantilla con personalización,0,0,0,1,12,25-34,F,Posgrado,1178,synthetic_user_1178@example.com,synthetic-uid-1178,1,0,0,0,0,0,0,0.06951815716514712,0
synthetic,40,launched,email,,4,Personalización,Actualización para usted,Plantilla con personalización,0,0,0,1,12,25-34,F,Posgrado,1179,synthetic_user_1179@example.com,synthetic-uid-1179,1,0,0,0,0,0,0,0.06951815716514712,0
synthetic,40,launched,email,,4,Personalización,Actualización para usted,Plantilla con personalización,0,0,0,1,12,25-34,F,Posgrado,1180,synthetic_user_1180@example.com,synthetic-uid-1180,1,1,0,0,1,0,0,0.06951815716514712,0
synthetic,40,launched,email,,4,Personalización,Actualización para usted,Plantilla con personalización,0,0,0,1,12,25-34,F,Posgrado,1181,synthetic_user_1181@example.com,synthetic-uid-1181,1,0,0,0,0,0,0,0.06951815716514712,0
synthetic,40,launched,email,,4,Personalización,Actualización para usted,Plantilla con personalización,0,0,0,1,12,25-34,F,Posgrado,1182,synthetic_user_1182@example.com,synthetic-uid-1182,1,0,0,0,0,0,0,0.06951815716514712,0
synthetic,40,launched,email,,4,Personalización,Actualización para usted,Plantilla con personalización,0,0,0,1,12,25-34,F,Posgrado,1183,synthetic_user_1183@example.com,synthetic-uid-1183,1,0,0,0,0,0,0,0.06951815716514712,0
synthetic,40,launched,email,,4,Personalización,Actualización para usted,Plantilla con personalización,0,0,0,1,12,25-34,F,Posgrado,1184,synthetic_user_1184@example.com,synthetic-uid-1184,1,0,0,0,0,0,0,0.06951815716514712,0
synthetic,40,launched,email,,4,Personalización,Actualización para usted,Plantilla con personalización,0,0,0,1,12,25-34,F,Posgrado,1185,synthetic_user_1185@example.com,synthetic-uid-1185,1,0,0,0,0,0,0,0.06951815716514712,0
synthetic,40,launched,email,,4,Personalización,Actualización para usted,Plantilla con personalización,0,0,0,1,12,25-34,F,Posgrado,1186,synthetic_user_1186@example.com,synthetic-uid-1186,1,1,0,0,1,0,0,0.06951815716514712,0
synthetic,40,launched,email,,4,Personalización,Actualización para usted,Plantilla con personalización,0,0,0,1,12,25-34,F,Posgrado,1187,synthetic_user_1187@example.com,synthetic-uid-1187,1,0,0,0,0,0,0,0.06951815716514712,0
synthetic,40,launched,email,,4,Personalización,Actualización para usted,Plantilla con personalización,0,0,0,1,12,25-34,F,Posgrado,1188,synthetic_user_1188@example.com,synthetic-uid-1188,1,0,0,0,0,0,0,0.06951815716514712,0
synthetic,40,launched,email,,4,Personalización,Actualización para usted,Plantilla con personalización,0,0,0,1,12,25-34,F,Posgrado,1189,synthetic_user_1189@example.com,synthetic-uid-1189,1,0,0,0,0,0,0,0.06951815716514712,0
synthetic,40,launched,email,,4,Personalización,Actualización para usted,Plantilla con personalización,0,0,0,1,12,25-34,F,Posgrado,1190,synthetic_user_1190@example.com,synthetic-uid-1190,1,0,0,0,0,0,0,0.06951815716514712,0
synthetic,40,launched,email,,4,Personalización,Actualización para usted,Plantilla con personalización,0,0,0,1,12,25-34,F,Posgrado,1191,synthetic_user_1191@example.com,synthetic-uid-1191,1,0,0,0,0,0,0,0.06951815716514712,0
synthetic,40,launched,email,,4,Personalización,Actualización para usted,Plantilla con personalización,0,0,0,1,12,25-34,F,Posgrado,1192,synthetic_user_1192@example.com,synthetic-uid-1192,1,0,0,0,0,0,0,0.06951815716514712,0
synthetic,40,launched,email,,4,Personalización,Actualización para usted,Plantilla con personalización,0,0,0,1,12,25-34,F,Posgrado,1193,synthetic_user_1193@example.com,synthetic-uid-1193,1,0,0,0,0,0,0,0.06951815716514712,0
synthetic,40,launched,email,,4,Personalización,Actualización para usted,Plantilla con personalización,0,0,0,1,12,25-34,F,Posgrado,1194,synthetic_user_1194@example.com,synthetic-uid-1194,1,1,0,0,1,0,0,0.06951815716514712,0
synthetic,40,launched,email,,4,Personalización,Actualización para usted,Plantilla con personalización,0,0,0,1,12,25-34,F,Posgrado,1195,synthetic_user_1195@example.com,synthetic-uid-1195,1,0,0,0,0,0,0,0.06951815716514712,0
synthetic,40,launched,email,,4,Personalización,Actualización para usted,Plantilla con personalización,0,0,0,1,12,25-34,F,Posgrado,1196,synthetic_user_1196@example.com,synthetic-uid-1196,1,0,0,0,0,0,0,0.06951815716514712,0
synthetic,40,launched,email,,4,Personalización,Actualización para usted,Plantilla con personalización,0,0,0,1,12,25-34,F,Posgrado,1197,synthetic_user_1197@example.com,synthetic-uid-1197,1,1,1,0,1,1,0,0.06951815716514712,0
synthetic,40,launched,email,,4,Personalización,Actualización para usted,Plantilla con personalización,0,0,0,1,12,25-34,F,Posgrado,1198,synthetic_user_1198@example.com,synthetic-uid-1198,1,1,0,0,1,0,0,0.06951815716514712,0
synthetic,40,launched,email,,4,Personalización,Actualización para usted,Plantilla con personalización,0,0,0,1,12,25-34,F,Posgrado,1199,synthetic_user_1199@example.com,synthetic-uid-1199,1,1,0,0,1,0,0,0.06951815716514712,0
synthetic,40,launched,email,,4,Personalización,Actualización para usted,Plantilla con personalización,0,0,0,1,12,25-34,F,Posgrado,1200,synthetic_user_1200@example.com,synthetic-uid-1200,1,0,0,0,0,0,0,0.06951815716514712,0
synthetic,41,launched,email,,5,Urgencia + Autoridad,Aviso urgente institucional,Plantilla combinada,1,1,0,0,34,55+,F,Tecnica,1201,synthetic_user_1201@example.com,synthetic-uid-1201,1,0,0,0,0,0,0,0.06777838331715733,0
synthetic,41,launched,email,,5,Urgencia + Autoridad,Aviso urgente institucional,Plantilla combinada,1,1,0,0,34,55+,F,Tecnica,1202,synthetic_user_1202@example.com,synthetic-uid-1202,1,0,0,0,0,0,0,0.06777838331715733,0
synthetic,41,launched,email,,5,Urgencia + Autoridad,Aviso urgente institucional,Plantilla combinada,1,1,0,0,34,55+,F,Tecnica,1203,synthetic_user_1203@example.com,synthetic-uid-1203,1,1,0,0,1,0,0,0.06777838331715733,0
synthetic,41,launched,email,,5,Urgencia + Autoridad,Aviso urgente institucional,Plantilla combinada,1,1,0,0,34,55+,F,Tecnica,1204,synthetic_user_1204@example.com,synthetic-uid-1204,1,0,0,0,0,0,0,0.06777838331715733,0
synthetic,41,launched,email,,5,Urgencia + Autoridad,Aviso urgente institucional,Plantilla combinada,1,1,0,0,34,55+,F,Tecnica,1205,synthetic_user_1205@example.com,synthetic-uid-1205,1,1,0,0,1,0,0,0.06777838331715733,0
synthetic,41,launched,email,,5,Urgencia + Autoridad,Aviso urgente institucional,Plantilla combinada,1,1,0,0,34,55+,F,Tecnica,1206,synthetic_user_1206@example.com,synthetic-uid-1206,1,0,0,0,0,0,0,0.06777838331715733,0
synthetic,41,launched,email,,5,Urgencia + Autoridad,Aviso urgente institucional,Plantilla combinada,1,1,0,0,34,55+,F,Tecnica,1207,synthetic_user_1207@example.com,synthetic-uid-1207,1,0,0,0,0,0,0,0.06777838331715733,0
synthetic,41,launched,email,,5,Urgencia + Autoridad,Aviso urgente institucional,Plantilla combinada,1,1,0,0,34,55+,F,Tecnica,1208,synthetic_user_1208@example.com,synthetic-uid-1208,1,1,0,0,1,0,0,0.06777838331715733,0
synthetic,41,launched,email,,5,Urgencia + Autoridad,Aviso urgente institucional,Plantilla combinada,1,1,0,0,34,55+,F,Tecnica,1209,synthetic_user_1209@example.com,synthetic-uid-1209,1,1,0,0,1,0,0,0.06777838331715733,0
synthetic,41,launched,email,,5,Urgencia + Autoridad,Aviso urgente institucional,Plantilla combinada,1,1,0,0,34,55+,F,Tecnica,1210,synthetic_user_1210@example.com,synthetic-uid-1210,1,0,0,0,0,0,0,0.06777838331715733,0
synthetic,41,launched,email,,5,Urgencia + Autoridad,Aviso urgente institucional,Plantilla combinada,1,1,0,0,34,55+,F,Tecnica,1211,synthetic_user_1211@example.com,synthetic-uid-1211,1,0,0,0,0,0,0,0.06777838331715733,0
synthetic,41,launched,email,,5,Urgencia + Autoridad,Aviso urgente institucional,Plantilla combinada,1,1,0,0,34,55+,F,Tecnica,1212,synthetic_user_1212@example.com,synthetic-uid-1212,1,0,0,0,0,0,0,0.06777838331715733,0
synthetic,41,launched,email,,5,Urgencia + Autoridad,Aviso urgente institucional,Plantilla combinada,1,1,0,0,34,55+,F,Tecnica,1213,synthetic_user_1213@example.com,synthetic-uid-1213,1,0,0,0,0,0,0,0.06777838331715733,0
synthetic,41,launched,email,,5,Urgencia + Autoridad,Aviso urgente institucional,Plantilla combinada,1,1,0,0,34,55+,F,Tecnica,1214,synthetic_user_1214@example.com,synthetic-uid-1214,1,0,0,0,0,0,0,0.06777838331715733,0
synthetic,41,launched,email,,5,Urgencia + Autoridad,Aviso urgente institucional,Plantilla combinada,1,1,0,0,34,55+,F,Tecnica,1215,synthetic_user_1215@example.com,synthetic-uid-1215,1,1,1,0,1,1,0,0.06777838331715733,0
synthetic,41,launched,email,,5,Urgencia + Autoridad,Aviso urgente institucional,Plantilla combinada,1,1,0,0,34,55+,F,Tecnica,1216,synthetic_user_1216@example.com,synthetic-uid-1216,1,0,0,0,0,0,0,0.06777838331715733,0
synthetic,41,launched,email,,5,Urgencia + Autoridad,Aviso urgente institucional,Plantilla combinada,1,1,0,0,34,55+,F,Tecnica,1217,synthetic_user_1217@example.com,synthetic-uid-1217,1,0,0,0,0,0,0,0.06777838331715733,0
synthetic,41,launched,email,,5,Urgencia + Autoridad,Aviso urgente institucional,Plantilla combinada,1,1,0,0,34,55+,F,Tecnica,1218,synthetic_user_1218@example.com,synthetic-uid-1218,1,0,0,0,0,0,0,0.06777838331715733,0
synthetic,41,launched,email,,5,Urgencia + Autoridad,Aviso urgente institucional,Plantilla combinada,1,1,0,0,34,55+,F,Tecnica,1219,synthetic_user_1219@example.com,synthetic-uid-1219,1,0,0,0,0,0,0,0.06777838331715733,0
synthetic,41,launched,email,,5,Urgencia + Autoridad,Aviso urgente institucional,Plantilla combinada,1,1,0,0,34,55+,F,Tecnica,1220,synthetic_user_1220@example.com,synthetic-uid-1220,1,0,0,0,0,0,0,0.06777838331715733,0
synthetic,41,launched,email,,5,Urgencia + Autoridad,Aviso urgente institucional,Plantilla combinada,1,1,0,0,34,55+,F,Tecnica,1221,synthetic_user_1221@example.com,synthetic-uid-1221,1,0,0,0,0,0,0,0.06777838331715733,0
synthetic,41,launched,email,,5,Urgencia + Autoridad,Aviso urgente institucional,Plantilla combinada,1,1,0,0,34,55+,F,Tecnica,1222,synthetic_user_1222@example.com,synthetic-uid-1222,1,0,0,0,0,0,0,0.06777838331715733,0
synthetic,41,launched,email,,5,Urgencia + Autoridad,Aviso urgente institucional,Plantilla combinada,1,1,0,0,34,55+,F,Tecnica,1223,synthetic_user_1223@example.com,synthetic-uid-1223,1,0,0,0,0,0,0,0.06777838331715733,0
synthetic,41,launched,email,,5,Urgencia + Autoridad,Aviso urgente institucional,Plantilla combinada,1,1,0,0,34,55+,F,Tecnica,1224,synthetic_user_1224@example.com,synthetic-uid-1224,1,1,0,0,1,0,0,0.06777838331715733,0
synthetic,41,launched,email,,5,Urgencia + Autoridad,Aviso urgente institucional,Plantilla combinada,1,1,0,0,34,55+,F,Tecnica,1225,synthetic_user_1225@example.com,synthetic-uid-1225,1,0,0,0,0,0,0,0.06777838331715733,0
synthetic,41,launched,email,,5,Urgencia + Autoridad,Aviso urgente institucional,Plantilla combinada,1,1,0,0,34,55+,F,Tecnica,1226,synthetic_user_1226@example.com,synthetic-uid-1226,1,0,0,0,0,0,0,0.06777838331715733,0
synthetic,41,launched,email,,5,Urgencia + Autoridad,Aviso urgente institucional,Plantilla combinada,1,1,0,0,34,55+,F,Tecnica,1227,synthetic_user_1227@example.com,synthetic-uid-1227,1,0,0,0,0,0,0,0.06777838331715733,0
synthetic,41,launched,email,,5,Urgencia + Autoridad,Aviso urgente institucional,Plantilla combinada,1,1,0,0,34,55+,F,Tecnica,1228,synthetic_user_1228@example.com,synthetic-uid-1228,1,1,1,0,1,1,0,0.06777838331715733,0
synthetic,41,launched,email,,5,Urgencia + Autoridad,Aviso urgente institucional,Plantilla combinada,1,1,0,0,34,55+,F,Tecnica,1229,synthetic_user_1229@example.com,synthetic-uid-1229,1,1,0,0,1,0,0,0.06777838331715733,0
synthetic,41,launched,email,,5,Urgencia + Autoridad,Aviso urgente institucional,Plantilla combinada,1,1,0,0,34,55+,F,Tecnica,1230,synthetic_user_1230@example.com,synthetic-uid-1230,1,0,0,0,0,0,0,0.06777838331715733,0
synthetic,42,launched,email,,5,Urgencia + Autoridad,Aviso urgente institucional,Plantilla combinada,1,1,0,0,14,25-34,M,Tecnica,1231,synthetic_user_1231@example.com,synthetic-uid-1231,1,1,1,0,1,1,0,0.10319629988068173,0
synthetic,42,launched,email,,5,Urgencia + Autoridad,Aviso urgente institucional,Plantilla combinada,1,1,0,0,14,25-34,M,Tecnica,1232,synthetic_user_1232@example.com,synthetic-uid-1232,1,0,0,0,0,0,0,0.10319629988068173,0
synthetic,42,launched,email,,5,Urgencia + Autoridad,Aviso urgente institucional,Plantilla combinada,1,1,0,0,14,25-34,M,Tecnica,1233,synthetic_user_1233@example.com,synthetic-uid-1233,1,1,0,0,1,0,0,0.10319629988068173,0
synthetic,42,launched,email,,5,Urgencia + Autoridad,Aviso urgente institucional,Plantilla combinada,1,1,0,0,14,25-34,M,Tecnica,1234,synthetic_user_1234@example.com,synthetic-uid-1234,1,1,0,0,1,0,0,0.10319629988068173,0
synthetic,42,launched,email,,5,Urgencia + Autoridad,Aviso urgente institucional,Plantilla combinada,1,1,0,0,14,25-34,M,Tecnica,1235,synthetic_user_1235@example.com,synthetic-uid-1235,1,0,0,0,0,0,0,0.10319629988068173,0
synthetic,42,launched,email,,5,Urgencia + Autoridad,Aviso urgente institucional,Plantilla combinada,1,1,0,0,14,25-34,M,Tecnica,1236,synthetic_user_1236@example.com,synthetic-uid-1236,1,0,0,0,0,0,0,0.10319629988068173,0
synthetic,42,launched,email,,5,Urgencia + Autoridad,Aviso urgente institucional,Plantilla combinada,1,1,0,0,14,25-34,M,Tecnica,1237,synthetic_user_1237@example.com,synthetic-uid-1237,1,1,1,0,1,1,0,0.10319629988068173,0
synthetic,42,launched,email,,5,Urgencia + Autoridad,Aviso urgente institucional,Plantilla combinada,1,1,0,0,14,25-34,M,Tecnica,1238,synthetic_user_1238@example.com,synthetic-uid-1238,1,1,0,0,1,0,0,0.10319629988068173,0
synthetic,42,launched,email,,5,Urgencia + Autoridad,Aviso urgente institucional,Plantilla combinada,1,1,0,0,14,25-34,M,Tecnica,1239,synthetic_user_1239@example.com,synthetic-uid-1239,1,1,1,0,1,1,0,0.10319629988068173,0
synthetic,42,launched,email,,5,Urgencia + Autoridad,Aviso urgente institucional,Plantilla combinada,1,1,0,0,14,25-34,M,Tecnica,1240,synthetic_user_1240@example.com,synthetic-uid-1240,1,0,0,0,0,0,0,0.10319629988068173,0
synthetic,42,launched,email,,5,Urgencia + Autoridad,Aviso urgente institucional,Plantilla combinada,1,1,0,0,14,25-34,M,Tecnica,1241,synthetic_user_1241@example.com,synthetic-uid-1241,1,0,0,0,0,0,0,0.10319629988068173,0
synthetic,42,launched,email,,5,Urgencia + Autoridad,Aviso urgente institucional,Plantilla combinada,1,1,0,0,14,25-34,M,Tecnica,1242,synthetic_user_1242@example.com,synthetic-uid-1242,1,0,0,0,0,0,0,0.10319629988068173,0
synthetic,42,launched,email,,5,Urgencia + Autoridad,Aviso urgente institucional,Plantilla combinada,1,1,0,0,14,25-34,M,Tecnica,1243,synthetic_user_1243@example.com,synthetic-uid-1243,1,0,0,0,0,0,0,0.10319629988068173,0
synthetic,42,launched,email,,5,Urgencia + Autoridad,Aviso urgente institucional,Plantilla combinada,1,1,0,0,14,25-34,M,Tecnica,1244,synthetic_user_1244@example.com,synthetic-uid-1244,1,0,0,0,0,0,0,0.10319629988068173,0
synthetic,42,launched,email,,5,Urgencia + Autoridad,Aviso urgente institucional,Plantilla combinada,1,1,0,0,14,25-34,M,Tecnica,1245,synthetic_user_1245@example.com,synthetic-uid-1245,1,0,0,0,0,0,0,0.10319629988068173,0
synthetic,42,launched,email,,5,Urgencia + Autoridad,Aviso urgente institucional,Plantilla combinada,1,1,0,0,14,25-34,M,Tecnica,1246,synthetic_user_1246@example.com,synthetic-uid-1246,1,0,0,0,0,0,0,0.10319629988068173,0
synthetic,42,launched,email,,5,Urgencia + Autoridad,Aviso urgente institucional,Plantilla combinada,1,1,0,0,14,25-34,M,Tecnica,1247,synthetic_user_1247@example.com,synthetic-uid-1247,1,0,0,0,0,0,0,0.10319629988068173,0
synthetic,42,launched,email,,5,Urgencia + Autoridad,Aviso urgente institucional,Plantilla combinada,1,1,0,0,14,25-34,M,Tecnica,1248,synthetic_user_1248@example.com,synthetic-uid-1248,1,1,1,0,1,1,0,0.10319629988068173,0
synthetic,42,launched,email,,5,Urgencia + Autoridad,Aviso urgente institucional,Plantilla combinada,1,1,0,0,14,25-34,M,Tecnica,1249,synthetic_user_1249@example.com,synthetic-uid-1249,1,0,0,0,0,0,0,0.10319629988068173,0
synthetic,42,launched,email,,5,Urgencia + Autoridad,Aviso urgente institucional,Plantilla combinada,1,1,0,0,14,25-34,M,Tecnica,1250,synthetic_user_1250@example.com,synthetic-uid-1250,1,0,0,0,0,0,0,0.10319629988068173,0
synthetic,42,launched,email,,5,Urgencia + Autoridad,Aviso urgente institucional,Plantilla combinada,1,1,0,0,14,25-34,M,Tecnica,1251,synthetic_user_1251@example.com,synthetic-uid-1251,1,0,0,0,0,0,0,0.10319629988068173,0
synthetic,42,launched,email,,5,Urgencia + Autoridad,Aviso urgente institucional,Plantilla combinada,1,1,0,0,14,25-34,M,Tecnica,1252,synthetic_user_1252@example.com,synthetic-uid-1252,1,0,0,0,0,0,0,0.10319629988068173,0
synthetic,42,launched,email,,5,Urgencia + Autoridad,Aviso urgente institucional,Plantilla combinada,1,1,0,0,14,25-34,M,Tecnica,1253,synthetic_user_1253@example.com,synthetic-uid-1253,1,1,0,0,1,0,0,0.10319629988068173,0
synthetic,42,launched,email,,5,Urgencia + Autoridad,Aviso urgente institucional,Plantilla combinada,1,1,0,0,14,25-34,M,Tecnica,1254,synthetic_user_1254@example.com,synthetic-uid-1254,1,0,0,0,0,0,0,0.10319629988068173,0
synthetic,42,launched,email,,5,Urgencia + Autoridad,Aviso urgente institucional,Plantilla combinada,1,1,0,0,14,25-34,M,Tecnica,1255,synthetic_user_1255@example.com,synthetic-uid-1255,1,1,0,0,1,0,0,0.10319629988068173,0
synthetic,42,launched,email,,5,Urgencia + Autoridad,Aviso urgente institucional,Plantilla combinada,1,1,0,0,14,25-34,M,Tecnica,1256,synthetic_user_1256@example.com,synthetic-uid-1256,1,1,1,0,1,1,0,0.10319629988068173,0
synthetic,42,launched,email,,5,Urgencia + Autoridad,Aviso urgente institucional,Plantilla combinada,1,1,0,0,14,25-34,M,Tecnica,1257,synthetic_user_1257@example.com,synthetic-uid-1257,1,0,0,0,0,0,0,0.10319629988068173,0
synthetic,42,launched,email,,5,Urgencia + Autoridad,Aviso urgente institucional,Plantilla combinada,1,1,0,0,14,25-34,M,Tecnica,1258,synthetic_user_1258@example.com,synthetic-uid-1258,1,0,0,0,0,0,0,0.10319629988068173,0
synthetic,42,launched,email,,5,Urgencia + Autoridad,Aviso urgente institucional,Plantilla combinada,1,1,0,0,14,25-34,M,Tecnica,1259,synthetic_user_1259@example.com,synthetic-uid-1259,1,0,0,0,0,0,0,0.10319629988068173,0
synthetic,42,launched,email,,5,Urgencia + Autoridad,Aviso urgente institucional,Plantilla combinada,1,1,0,0,14,25-34,M,Tecnica,1260,synthetic_user_1260@example.com,synthetic-uid-1260,1,1,1,0,1,1,0,0.10319629988068173,0
synthetic,43,launched,email,,5,Urgencia + Autoridad,Aviso urgente institucional,Plantilla combinada,1,1,0,0,7,18-24,M,Universitaria,1261,synthetic_user_1261@example.com,synthetic-uid-1261,1,0,0,0,0,0,0,0.03965418888515946,0
synthetic,43,launched,email,,5,Urgencia + Autoridad,Aviso urgente institucional,Plantilla combinada,1,1,0,0,7,18-24,M,Universitaria,1262,synthetic_user_1262@example.com,synthetic-uid-1262,1,0,0,0,0,0,0,0.03965418888515946,0
synthetic,43,launched,email,,5,Urgencia + Autoridad,Aviso urgente institucional,Plantilla combinada,1,1,0,0,7,18-24,M,Universitaria,1263,synthetic_user_1263@example.com,synthetic-uid-1263,1,0,0,0,0,0,0,0.03965418888515946,0
synthetic,43,launched,email,,5,Urgencia + Autoridad,Aviso urgente institucional,Plantilla combinada,1,1,0,0,7,18-24,M,Universitaria,1264,synthetic_user_1264@example.com,synthetic-uid-1264,1,0,0,0,0,0,0,0.03965418888515946,0
synthetic,43,launched,email,,5,Urgencia + Autoridad,Aviso urgente institucional,Plantilla combinada,1,1,0,0,7,18-24,M,Universitaria,1265,synthetic_user_1265@example.com,synthetic-uid-1265,1,1,0,0,1,0,0,0.03965418888515946,0
synthetic,43,launched,email,,5,Urgencia + Autoridad,Aviso urgente institucional,Plantilla combinada,1,1,0,0,7,18-24,M,Universitaria,1266,synthetic_user_1266@example.com,synthetic-uid-1266,1,0,0,0,0,0,0,0.03965418888515946,0
synthetic,43,launched,email,,5,Urgencia + Autoridad,Aviso urgente institucional,Plantilla combinada,1,1,0,0,7,18-24,M,Universitaria,1267,synthetic_user_1267@example.com,synthetic-uid-1267,1,1,0,0,1,0,0,0.03965418888515946,0
synthetic,43,launched,email,,5,Urgencia + Autoridad,Aviso urgente institucional,Plantilla combinada,1,1,0,0,7,18-24,M,Universitaria,1268,synthetic_user_1268@example.com,synthetic-uid-1268,1,1,0,0,1,0,0,0.03965418888515946,0
synthetic,43,launched,email,,5,Urgencia + Autoridad,Aviso urgente institucional,Plantilla combinada,1,1,0,0,7,18-24,M,Universitaria,1269,synthetic_user_1269@example.com,synthetic-uid-1269,1,0,0,0,0,0,0,0.03965418888515946,0
synthetic,43,launched,email,,5,Urgencia + Autoridad,Aviso urgente institucional,Plantilla combinada,1,1,0,0,7,18-24,M,Universitaria,1270,synthetic_user_1270@example.com,synthetic-uid-1270,1,1,0,0,1,0,0,0.03965418888515946,0
synthetic,43,launched,email,,5,Urgencia + Autoridad,Aviso urgente institucional,Plantilla combinada,1,1,0,0,7,18-24,M,Universitaria,1271,synthetic_user_1271@example.com,synthetic-uid-1271,1,0,0,0,0,0,0,0.03965418888515946,0
synthetic,43,launched,email,,5,Urgencia + Autoridad,Aviso urgente institucional,Plantilla combinada,1,1,0,0,7,18-24,M,Universitaria,1272,synthetic_user_1272@example.com,synthetic-uid-1272,1,1,0,0,1,0,0,0.03965418888515946,0
synthetic,43,launched,email,,5,Urgencia + Autoridad,Aviso urgente institucional,Plantilla combinada,1,1,0,0,7,18-24,M,Universitaria,1273,synthetic_user_1273@example.com,synthetic-uid-1273,1,0,0,0,0,0,0,0.03965418888515946,0
synthetic,43,launched,email,,5,Urgencia + Autoridad,Aviso urgente institucional,Plantilla combinada,1,1,0,0,7,18-24,M,Universitaria,1274,synthetic_user_1274@example.com,synthetic-uid-1274,1,0,0,0,0,0,0,0.03965418888515946,0
synthetic,43,launched,email,,5,Urgencia + Autoridad,Aviso urgente institucional,Plantilla combinada,1,1,0,0,7,18-24,M,Universitaria,1275,synthetic_user_1275@example.com,synthetic-uid-1275,1,1,0,0,1,0,0,0.03965418888515946,0
synthetic,43,launched,email,,5,Urgencia + Autoridad,Aviso urgente institucional,Plantilla combinada,1,1,0,0,7,18-24,M,Universitaria,1276,synthetic_user_1276@example.com,synthetic-uid-1276,1,0,0,0,0,0,0,0.03965418888515946,0
synthetic,43,launched,email,,5,Urgencia + Autoridad,Aviso urgente institucional,Plantilla combinada,1,1,0,0,7,18-24,M,Universitaria,1277,synthetic_user_1277@example.com,synthetic-uid-1277,1,1,0,0,1,0,0,0.03965418888515946,0
synthetic,43,launched,email,,5,Urgencia + Autoridad,Aviso urgente institucional,Plantilla combinada,1,1,0,0,7,18-24,M,Universitaria,1278,synthetic_user_1278@example.com,synthetic-uid-1278,1,0,0,0,0,0,0,0.03965418888515946,0
synthetic,43,launched,email,,5,Urgencia + Autoridad,Aviso urgente institucional,Plantilla combinada,1,1,0,0,7,18-24,M,Universitaria,1279,synthetic_user_1279@example.com,synthetic-uid-1279,1,1,1,0,1,1,0,0.03965418888515946,0
synthetic,43,launched,email,,5,Urgencia + Autoridad,Aviso urgente institucional,Plantilla combinada,1,1,0,0,7,18-24,M,Universitaria,1280,synthetic_user_1280@example.com,synthetic-uid-1280,1,1,0,0,1,0,0,0.03965418888515946,0
synthetic,43,launched,email,,5,Urgencia + Autoridad,Aviso urgente institucional,Plantilla combinada,1,1,0,0,7,18-24,M,Universitaria,1281,synthetic_user_1281@example.com,synthetic-uid-1281,1,0,0,0,0,0,0,0.03965418888515946,0
synthetic,43,launched,email,,5,Urgencia + Autoridad,Aviso urgente institucional,Plantilla combinada,1,1,0,0,7,18-24,M,Universitaria,1282,synthetic_user_1282@example.com,synthetic-uid-1282,1,0,0,0,0,0,0,0.03965418888515946,0
synthetic,43,launched,email,,5,Urgencia + Autoridad,Aviso urgente institucional,Plantilla combinada,1,1,0,0,7,18-24,M,Universitaria,1283,synthetic_user_1283@example.com,synthetic-uid-1283,1,0,0,0,0,0,0,0.03965418888515946,0
synthetic,43,launched,email,,5,Urgencia + Autoridad,Aviso urgente institucional,Plantilla combinada,1,1,0,0,7,18-24,M,Universitaria,1284,synthetic_user_1284@example.com,synthetic-uid-1284,1,1,0,0,1,0,0,0.03965418888515946,0
synthetic,43,launched,email,,5,Urgencia + Autoridad,Aviso urgente institucional,Plantilla combinada,1,1,0,0,7,18-24,M,Universitaria,1285,synthetic_user_1285@example.com,synthetic-uid-1285,1,1,0,0,1,0,0,0.03965418888515946,0
synthetic,43,launched,email,,5,Urgencia + Autoridad,Aviso urgente institucional,Plantilla combinada,1,1,0,0,7,18-24,M,Universitaria,1286,synthetic_user_1286@example.com,synthetic-uid-1286,1,0,0,0,0,0,0,0.03965418888515946,0
synthetic,43,launched,email,,5,Urgencia + Autoridad,Aviso urgente institucional,Plantilla combinada,1,1,0,0,7,18-24,M,Universitaria,1287,synthetic_user_1287@example.com,synthetic-uid-1287,1,1,0,0,1,0,0,0.03965418888515946,0
synthetic,43,launched,email,,5,Urgencia + Autoridad,Aviso urgente institucional,Plantilla combinada,1,1,0,0,7,18-24,M,Universitaria,1288,synthetic_user_1288@example.com,synthetic-uid-1288,1,0,0,0,0,0,0,0.03965418888515946,0
synthetic,43,launched,email,,5,Urgencia + Autoridad,Aviso urgente institucional,Plantilla combinada,1,1,0,0,7,18-24,M,Universitaria,1289,synthetic_user_1289@example.com,synthetic-uid-1289,1,0,0,0,0,0,0,0.03965418888515946,0
synthetic,43,launched,email,,5,Urgencia + Autoridad,Aviso urgente institucional,Plantilla combinada,1,1,0,0,7,18-24,M,Universitaria,1290,synthetic_user_1290@example.com,synthetic-uid-1290,1,0,0,0,0,0,0,0.03965418888515946,0
synthetic,44,launched,email,,5,Urgencia + Autoridad,Aviso urgente institucional,Plantilla combinada,1,1,0,0,20,35-44,F,Posgrado,1291,synthetic_user_1291@example.com,synthetic-uid-1291,1,0,0,0,0,0,0,0.045004486825278876,0
synthetic,44,launched,email,,5,Urgencia + Autoridad,Aviso urgente institucional,Plantilla combinada,1,1,0,0,20,35-44,F,Posgrado,1292,synthetic_user_1292@example.com,synthetic-uid-1292,1,1,0,0,1,0,0,0.045004486825278876,0
synthetic,44,launched,email,,5,Urgencia + Autoridad,Aviso urgente institucional,Plantilla combinada,1,1,0,0,20,35-44,F,Posgrado,1293,synthetic_user_1293@example.com,synthetic-uid-1293,1,1,0,0,1,0,0,0.045004486825278876,0
synthetic,44,launched,email,,5,Urgencia + Autoridad,Aviso urgente institucional,Plantilla combinada,1,1,0,0,20,35-44,F,Posgrado,1294,synthetic_user_1294@example.com,synthetic-uid-1294,1,1,0,0,1,0,0,0.045004486825278876,0
synthetic,44,launched,email,,5,Urgencia + Autoridad,Aviso urgente institucional,Plantilla combinada,1,1,0,0,20,35-44,F,Posgrado,1295,synthetic_user_1295@example.com,synthetic-uid-1295,1,0,0,0,0,0,0,0.045004486825278876,0
synthetic,44,launched,email,,5,Urgencia + Autoridad,Aviso urgente institucional,Plantilla combinada,1,1,0,0,20,35-44,F,Posgrado,1296,synthetic_user_1296@example.com,synthetic-uid-1296,1,0,0,0,0,0,0,0.045004486825278876,0
synthetic,44,launched,email,,5,Urgencia + Autoridad,Aviso urgente institucional,Plantilla combinada,1,1,0,0,20,35-44,F,Posgrado,1297,synthetic_user_1297@example.com,synthetic-uid-1297,1,0,0,0,0,0,0,0.045004486825278876,0
synthetic,44,launched,email,,5,Urgencia + Autoridad,Aviso urgente institucional,Plantilla combinada,1,1,0,0,20,35-44,F,Posgrado,1298,synthetic_user_1298@example.com,synthetic-uid-1298,1,1,0,0,1,0,0,0.045004486825278876,0
synthetic,44,launched,email,,5,Urgencia + Autoridad,Aviso urgente institucional,Plantilla combinada,1,1,0,0,20,35-44,F,Posgrado,1299,synthetic_user_1299@example.com,synthetic-uid-1299,1,0,0,0,0,0,0,0.045004486825278876,0
synthetic,44,launched,email,,5,Urgencia + Autoridad,Aviso urgente institucional,Plantilla combinada,1,1,0,0,20,35-44,F,Posgrado,1300,synthetic_user_1300@example.com,synthetic-uid-1300,1,0,0,0,0,0,0,0.045004486825278876,0
synthetic,44,launched,email,,5,Urgencia + Autoridad,Aviso urgente institucional,Plantilla combinada,1,1,0,0,20,35-44,F,Posgrado,1301,synthetic_user_1301@example.com,synthetic-uid-1301,1,1,1,0,1,1,0,0.045004486825278876,0
synthetic,44,launched,email,,5,Urgencia + Autoridad,Aviso urgente institucional,Plantilla combinada,1,1,0,0,20,35-44,F,Posgrado,1302,synthetic_user_1302@example.com,synthetic-uid-1302,1,0,0,0,0,0,0,0.045004486825278876,0
synthetic,44,launched,email,,5,Urgencia + Autoridad,Aviso urgente institucional,Plantilla combinada,1,1,0,0,20,35-44,F,Posgrado,1303,synthetic_user_1303@example.com,synthetic-uid-1303,1,0,0,0,0,0,0,0.045004486825278876,0
synthetic,44,launched,email,,5,Urgencia + Autoridad,Aviso urgente institucional,Plantilla combinada,1,1,0,0,20,35-44,F,Posgrado,1304,synthetic_user_1304@example.com,synthetic-uid-1304,1,0,0,0,0,0,0,0.045004486825278876,0
synthetic,44,launched,email,,5,Urgencia + Autoridad,Aviso urgente institucional,Plantilla combinada,1,1,0,0,20,35-44,F,Posgrado,1305,synthetic_user_1305@example.com,synthetic-uid-1305,1,0,0,0,0,0,0,0.045004486825278876,0
synthetic,44,launched,email,,5,Urgencia + Autoridad,Aviso urgente institucional,Plantilla combinada,1,1,0,0,20,35-44,F,Posgrado,1306,synthetic_user_1306@example.com,synthetic-uid-1306,1,0,0,0,0,0,0,0.045004486825278876,0
synthetic,44,launched,email,,5,Urgencia + Autoridad,Aviso urgente institucional,Plantilla combinada,1,1,0,0,20,35-44,F,Posgrado,1307,synthetic_user_1307@example.com,synthetic-uid-1307,1,0,0,0,0,0,0,0.045004486825278876,0
synthetic,44,launched,email,,5,Urgencia + Autoridad,Aviso urgente institucional,Plantilla combinada,1,1,0,0,20,35-44,F,Posgrado,1308,synthetic_user_1308@example.com,synthetic-uid-1308,1,1,0,0,1,0,0,0.045004486825278876,0
synthetic,44,launched,email,,5,Urgencia + Autoridad,Aviso urgente institucional,Plantilla combinada,1,1,0,0,20,35-44,F,Posgrado,1309,synthetic_user_1309@example.com,synthetic-uid-1309,1,0,0,0,0,0,0,0.045004486825278876,0
synthetic,44,launched,email,,5,Urgencia + Autoridad,Aviso urgente institucional,Plantilla combinada,1,1,0,0,20,35-44,F,Posgrado,1310,synthetic_user_1310@example.com,synthetic-uid-1310,1,1,0,0,1,0,0,0.045004486825278876,0
synthetic,44,launched,email,,5,Urgencia + Autoridad,Aviso urgente institucional,Plantilla combinada,1,1,0,0,20,35-44,F,Posgrado,1311,synthetic_user_1311@example.com,synthetic-uid-1311,1,0,0,0,0,0,0,0.045004486825278876,0
synthetic,44,launched,email,,5,Urgencia + Autoridad,Aviso urgente institucional,Plantilla combinada,1,1,0,0,20,35-44,F,Posgrado,1312,synthetic_user_1312@example.com,synthetic-uid-1312,1,0,0,0,0,0,0,0.045004486825278876,0
synthetic,44,launched,email,,5,Urgencia + Autoridad,Aviso urgente institucional,Plantilla combinada,1,1,0,0,20,35-44,F,Posgrado,1313,synthetic_user_1313@example.com,synthetic-uid-1313,1,1,0,0,1,0,0,0.045004486825278876,0
synthetic,44,launched,email,,5,Urgencia + Autoridad,Aviso urgente institucional,Plantilla combinada,1,1,0,0,20,35-44,F,Posgrado,1314,synthetic_user_1314@example.com,synthetic-uid-1314,1,0,0,0,0,0,0,0.045004486825278876,0
synthetic,44,launched,email,,5,Urgencia + Autoridad,Aviso urgente institucional,Plantilla combinada,1,1,0,0,20,35-44,F,Posgrado,1315,synthetic_user_1315@example.com,synthetic-uid-1315,1,0,0,0,0,0,0,0.045004486825278876,0
synthetic,44,launched,email,,5,Urgencia + Autoridad,Aviso urgente institucional,Plantilla combinada,1,1,0,0,20,35-44,F,Posgrado,1316,synthetic_user_1316@example.com,synthetic-uid-1316,1,0,0,0,0,0,0,0.045004486825278876,0
synthetic,44,launched,email,,5,Urgencia + Autoridad,Aviso urgente institucional,Plantilla combinada,1,1,0,0,20,35-44,F,Posgrado,1317,synthetic_user_1317@example.com,synthetic-uid-1317,1,0,0,0,0,0,0,0.045004486825278876,0
synthetic,44,launched,email,,5,Urgencia + Autoridad,Aviso urgente institucional,Plantilla combinada,1,1,0,0,20,35-44,F,Posgrado,1318,synthetic_user_1318@example.com,synthetic-uid-1318,1,0,0,0,0,0,0,0.045004486825278876,0
synthetic,44,launched,email,,5,Urgencia + Autoridad,Aviso urgente institucional,Plantilla combinada,1,1,0,0,20,35-44,F,Posgrado,1319,synthetic_user_1319@example.com,synthetic-uid-1319,1,0,0,0,0,0,0,0.045004486825278876,0
synthetic,44,launched,email,,5,Urgencia + Autoridad,Aviso urgente institucional,Plantilla combinada,1,1,0,0,20,35-44,F,Posgrado,1320,synthetic_user_1320@example.com,synthetic-uid-1320,1,0,0,0,0,0,0,0.045004486825278876,0
synthetic,45,launched,email,,5,Urgencia + Autoridad,Aviso urgente institucional,Plantilla combinada,1,1,0,0,31,45-54,M,Universitaria,1321,synthetic_user_1321@example.com,synthetic-uid-1321,1,0,0,0,0,0,0,0.06886869438292337,0
synthetic,45,launched,email,,5,Urgencia + Autoridad,Aviso urgente institucional,Plantilla combinada,1,1,0,0,31,45-54,M,Universitaria,1322,synthetic_user_1322@example.com,synthetic-uid-1322,1,0,0,0,0,0,0,0.06886869438292337,0
synthetic,45,launched,email,,5,Urgencia + Autoridad,Aviso urgente institucional,Plantilla combinada,1,1,0,0,31,45-54,M,Universitaria,1323,synthetic_user_1323@example.com,synthetic-uid-1323,1,1,0,0,1,0,0,0.06886869438292337,0
synthetic,45,launched,email,,5,Urgencia + Autoridad,Aviso urgente institucional,Plantilla combinada,1,1,0,0,31,45-54,M,Universitaria,1324,synthetic_user_1324@example.com,synthetic-uid-1324,1,0,0,0,0,0,0,0.06886869438292337,0
synthetic,45,launched,email,,5,Urgencia + Autoridad,Aviso urgente institucional,Plantilla combinada,1,1,0,0,31,45-54,M,Universitaria,1325,synthetic_user_1325@example.com,synthetic-uid-1325,1,0,0,0,0,0,0,0.06886869438292337,0
synthetic,45,launched,email,,5,Urgencia + Autoridad,Aviso urgente institucional,Plantilla combinada,1,1,0,0,31,45-54,M,Universitaria,1326,synthetic_user_1326@example.com,synthetic-uid-1326,1,0,0,0,0,0,0,0.06886869438292337,0
synthetic,45,launched,email,,5,Urgencia + Autoridad,Aviso urgente institucional,Plantilla combinada,1,1,0,0,31,45-54,M,Universitaria,1327,synthetic_user_1327@example.com,synthetic-uid-1327,1,0,0,0,0,0,0,0.06886869438292337,0
synthetic,45,launched,email,,5,Urgencia + Autoridad,Aviso urgente institucional,Plantilla combinada,1,1,0,0,31,45-54,M,Universitaria,1328,synthetic_user_1328@example.com,synthetic-uid-1328,1,0,0,0,0,0,0,0.06886869438292337,0
synthetic,45,launched,email,,5,Urgencia + Autoridad,Aviso urgente institucional,Plantilla combinada,1,1,0,0,31,45-54,M,Universitaria,1329,synthetic_user_1329@example.com,synthetic-uid-1329,1,0,0,0,0,0,0,0.06886869438292337,0
synthetic,45,launched,email,,5,Urgencia + Autoridad,Aviso urgente institucional,Plantilla combinada,1,1,0,0,31,45-54,M,Universitaria,1330,synthetic_user_1330@example.com,synthetic-uid-1330,1,0,0,0,0,0,0,0.06886869438292337,0
synthetic,45,launched,email,,5,Urgencia + Autoridad,Aviso urgente institucional,Plantilla combinada,1,1,0,0,31,45-54,M,Universitaria,1331,synthetic_user_1331@example.com,synthetic-uid-1331,1,1,0,0,1,0,0,0.06886869438292337,0
synthetic,45,launched,email,,5,Urgencia + Autoridad,Aviso urgente institucional,Plantilla combinada,1,1,0,0,31,45-54,M,Universitaria,1332,synthetic_user_1332@example.com,synthetic-uid-1332,1,0,0,0,0,0,0,0.06886869438292337,0
synthetic,45,launched,email,,5,Urgencia + Autoridad,Aviso urgente institucional,Plantilla combinada,1,1,0,0,31,45-54,M,Universitaria,1333,synthetic_user_1333@example.com,synthetic-uid-1333,1,1,0,0,1,0,0,0.06886869438292337,0
synthetic,45,launched,email,,5,Urgencia + Autoridad,Aviso urgente institucional,Plantilla combinada,1,1,0,0,31,45-54,M,Universitaria,1334,synthetic_user_1334@example.com,synthetic-uid-1334,1,0,0,0,0,0,0,0.06886869438292337,0
synthetic,45,launched,email,,5,Urgencia + Autoridad,Aviso urgente institucional,Plantilla combinada,1,1,0,0,31,45-54,M,Universitaria,1335,synthetic_user_1335@example.com,synthetic-uid-1335,1,1,1,0,1,1,0,0.06886869438292337,0
synthetic,45,launched,email,,5,Urgencia + Autoridad,Aviso urgente institucional,Plantilla combinada,1,1,0,0,31,45-54,M,Universitaria,1336,synthetic_user_1336@example.com,synthetic-uid-1336,1,0,0,0,0,0,0,0.06886869438292337,0
synthetic,45,launched,email,,5,Urgencia + Autoridad,Aviso urgente institucional,Plantilla combinada,1,1,0,0,31,45-54,M,Universitaria,1337,synthetic_user_1337@example.com,synthetic-uid-1337,1,0,0,0,0,0,0,0.06886869438292337,0
synthetic,45,launched,email,,5,Urgencia + Autoridad,Aviso urgente institucional,Plantilla combinada,1,1,0,0,31,45-54,M,Universitaria,1338,synthetic_user_1338@example.com,synthetic-uid-1338,1,0,0,0,0,0,0,0.06886869438292337,0
synthetic,45,launched,email,,5,Urgencia + Autoridad,Aviso urgente institucional,Plantilla combinada,1,1,0,0,31,45-54,M,Universitaria,1339,synthetic_user_1339@example.com,synthetic-uid-1339,1,0,0,0,0,0,0,0.06886869438292337,0
synthetic,45,launched,email,,5,Urgencia + Autoridad,Aviso urgente institucional,Plantilla combinada,1,1,0,0,31,45-54,M,Universitaria,1340,synthetic_user_1340@example.com,synthetic-uid-1340,1,0,0,0,0,0,0,0.06886869438292337,0
synthetic,45,launched,email,,5,Urgencia + Autoridad,Aviso urgente institucional,Plantilla combinada,1,1,0,0,31,45-54,M,Universitaria,1341,synthetic_user_1341@example.com,synthetic-uid-1341,1,1,1,0,1,1,0,0.06886869438292337,0
synthetic,45,launched,email,,5,Urgencia + Autoridad,Aviso urgente institucional,Plantilla combinada,1,1,0,0,31,45-54,M,Universitaria,1342,synthetic_user_1342@example.com,synthetic-uid-1342,1,0,0,0,0,0,0,0.06886869438292337,0
synthetic,45,launched,email,,5,Urgencia + Autoridad,Aviso urgente institucional,Plantilla combinada,1,1,0,0,31,45-54,M,Universitaria,1343,synthetic_user_1343@example.com,synthetic-uid-1343,1,0,0,0,0,0,0,0.06886869438292337,0
synthetic,45,launched,email,,5,Urgencia + Autoridad,Aviso urgente institucional,Plantilla combinada,1,1,0,0,31,45-54,M,Universitaria,1344,synthetic_user_1344@example.com,synthetic-uid-1344,1,0,0,0,0,0,0,0.06886869438292337,0
synthetic,45,launched,email,,5,Urgencia + Autoridad,Aviso urgente institucional,Plantilla combinada,1,1,0,0,31,45-54,M,Universitaria,1345,synthetic_user_1345@example.com,synthetic-uid-1345,1,0,0,0,0,0,0,0.06886869438292337,0
synthetic,45,launched,email,,5,Urgencia + Autoridad,Aviso urgente institucional,Plantilla combinada,1,1,0,0,31,45-54,M,Universitaria,1346,synthetic_user_1346@example.com,synthetic-uid-1346,1,0,0,0,0,0,0,0.06886869438292337,0
synthetic,45,launched,email,,5,Urgencia + Autoridad,Aviso urgente institucional,Plantilla combinada,1,1,0,0,31,45-54,M,Universitaria,1347,synthetic_user_1347@example.com,synthetic-uid-1347,1,0,0,0,0,0,0,0.06886869438292337,0
synthetic,45,launched,email,,5,Urgencia + Autoridad,Aviso urgente institucional,Plantilla combinada,1,1,0,0,31,45-54,M,Universitaria,1348,synthetic_user_1348@example.com,synthetic-uid-1348,1,1,0,0,1,0,0,0.06886869438292337,0
synthetic,45,launched,email,,5,Urgencia + Autoridad,Aviso urgente institucional,Plantilla combinada,1,1,0,0,31,45-54,M,Universitaria,1349,synthetic_user_1349@example.com,synthetic-uid-1349,1,0,0,0,0,0,0,0.06886869438292337,0
synthetic,45,launched,email,,5,Urgencia + Autoridad,Aviso urgente institucional,Plantilla combinada,1,1,0,0,31,45-54,M,Universitaria,1350,synthetic_user_1350@example.com,synthetic-uid-1350,1,0,0,0,0,0,0,0.06886869438292337,0
synthetic,46,launched,email,,5,Urgencia + Autoridad,Aviso urgente institucional,Plantilla combinada,1,1,0,0,29,45-54,M,Secundaria,1351,synthetic_user_1351@example.com,synthetic-uid-1351,1,0,0,0,0,0,0,0.08977532057567401,0
synthetic,46,launched,email,,5,Urgencia + Autoridad,Aviso urgente institucional,Plantilla combinada,1,1,0,0,29,45-54,M,Secundaria,1352,synthetic_user_1352@example.com,synthetic-uid-1352,1,0,0,0,0,0,0,0.08977532057567401,0
synthetic,46,launched,email,,5,Urgencia + Autoridad,Aviso urgente institucional,Plantilla combinada,1,1,0,0,29,45-54,M,Secundaria,1353,synthetic_user_1353@example.com,synthetic-uid-1353,1,1,0,0,1,0,0,0.08977532057567401,0
synthetic,46,launched,email,,5,Urgencia + Autoridad,Aviso urgente institucional,Plantilla combinada,1,1,0,0,29,45-54,M,Secundaria,1354,synthetic_user_1354@example.com,synthetic-uid-1354,1,1,0,0,1,0,0,0.08977532057567401,0
synthetic,46,launched,email,,5,Urgencia + Autoridad,Aviso urgente institucional,Plantilla combinada,1,1,0,0,29,45-54,M,Secundaria,1355,synthetic_user_1355@example.com,synthetic-uid-1355,1,1,1,0,1,1,0,0.08977532057567401,0
synthetic,46,launched,email,,5,Urgencia + Autoridad,Aviso urgente institucional,Plantilla combinada,1,1,0,0,29,45-54,M,Secundaria,1356,synthetic_user_1356@example.com,synthetic-uid-1356,1,0,0,0,0,0,0,0.08977532057567401,0
synthetic,46,launched,email,,5,Urgencia + Autoridad,Aviso urgente institucional,Plantilla combinada,1,1,0,0,29,45-54,M,Secundaria,1357,synthetic_user_1357@example.com,synthetic-uid-1357,1,1,1,0,1,1,0,0.08977532057567401,0
synthetic,46,launched,email,,5,Urgencia + Autoridad,Aviso urgente institucional,Plantilla combinada,1,1,0,0,29,45-54,M,Secundaria,1358,synthetic_user_1358@example.com,synthetic-uid-1358,1,0,0,0,0,0,0,0.08977532057567401,0
synthetic,46,launched,email,,5,Urgencia + Autoridad,Aviso urgente institucional,Plantilla combinada,1,1,0,0,29,45-54,M,Secundaria,1359,synthetic_user_1359@example.com,synthetic-uid-1359,1,1,1,0,1,1,0,0.08977532057567401,0
synthetic,46,launched,email,,5,Urgencia + Autoridad,Aviso urgente institucional,Plantilla combinada,1,1,0,0,29,45-54,M,Secundaria,1360,synthetic_user_1360@example.com,synthetic-uid-1360,1,1,0,0,1,0,0,0.08977532057567401,0
synthetic,46,launched,email,,5,Urgencia + Autoridad,Aviso urgente institucional,Plantilla combinada,1,1,0,0,29,45-54,M,Secundaria,1361,synthetic_user_1361@example.com,synthetic-uid-1361,1,0,0,0,0,0,0,0.08977532057567401,0
synthetic,46,launched,email,,5,Urgencia + Autoridad,Aviso urgente institucional,Plantilla combinada,1,1,0,0,29,45-54,M,Secundaria,1362,synthetic_user_1362@example.com,synthetic-uid-1362,1,0,0,0,0,0,0,0.08977532057567401,0
synthetic,46,launched,email,,5,Urgencia + Autoridad,Aviso urgente institucional,Plantilla combinada,1,1,0,0,29,45-54,M,Secundaria,1363,synthetic_user_1363@example.com,synthetic-uid-1363,1,1,0,0,1,0,0,0.08977532057567401,0
synthetic,46,launched,email,,5,Urgencia + Autoridad,Aviso urgente institucional,Plantilla combinada,1,1,0,0,29,45-54,M,Secundaria,1364,synthetic_user_1364@example.com,synthetic-uid-1364,1,0,0,0,0,0,0,0.08977532057567401,0
synthetic,46,launched,email,,5,Urgencia + Autoridad,Aviso urgente institucional,Plantilla combinada,1,1,0,0,29,45-54,M,Secundaria,1365,synthetic_user_1365@example.com,synthetic-uid-1365,1,1,0,0,1,0,0,0.08977532057567401,0
synthetic,46,launched,email,,5,Urgencia + Autoridad,Aviso urgente institucional,Plantilla combinada,1,1,0,0,29,45-54,M,Secundaria,1366,synthetic_user_1366@example.com,synthetic-uid-1366,1,0,0,0,0,0,0,0.08977532057567401,0
synthetic,46,launched,email,,5,Urgencia + Autoridad,Aviso urgente institucional,Plantilla combinada,1,1,0,0,29,45-54,M,Secundaria,1367,synthetic_user_1367@example.com,synthetic-uid-1367,1,0,0,0,0,0,0,0.08977532057567401,0
synthetic,46,launched,email,,5,Urgencia + Autoridad,Aviso urgente institucional,Plantilla combinada,1,1,0,0,29,45-54,M,Secundaria,1368,synthetic_user_1368@example.com,synthetic-uid-1368,1,0,0,0,0,0,0,0.08977532057567401,0
synthetic,46,launched,email,,5,Urgencia + Autoridad,Aviso urgente institucional,Plantilla combinada,1,1,0,0,29,45-54,M,Secundaria,1369,synthetic_user_1369@example.com,synthetic-uid-1369,1,0,0,0,0,0,0,0.08977532057567401,0
synthetic,46,launched,email,,5,Urgencia + Autoridad,Aviso urgente institucional,Plantilla combinada,1,1,0,0,29,45-54,M,Secundaria,1370,synthetic_user_1370@example.com,synthetic-uid-1370,1,1,0,0,1,0,0,0.08977532057567401,0
synthetic,46,launched,email,,5,Urgencia + Autoridad,Aviso urgente institucional,Plantilla combinada,1,1,0,0,29,45-54,M,Secundaria,1371,synthetic_user_1371@example.com,synthetic-uid-1371,1,1,0,0,1,0,0,0.08977532057567401,0
synthetic,46,launched,email,,5,Urgencia + Autoridad,Aviso urgente institucional,Plantilla combinada,1,1,0,0,29,45-54,M,Secundaria,1372,synthetic_user_1372@example.com,synthetic-uid-1372,1,0,0,0,0,0,0,0.08977532057567401,0
synthetic,46,launched,email,,5,Urgencia + Autoridad,Aviso urgente institucional,Plantilla combinada,1,1,0,0,29,45-54,M,Secundaria,1373,synthetic_user_1373@example.com,synthetic-uid-1373,1,1,0,0,1,0,0,0.08977532057567401,0
synthetic,46,launched,email,,5,Urgencia + Autoridad,Aviso urgente institucional,Plantilla combinada,1,1,0,0,29,45-54,M,Secundaria,1374,synthetic_user_1374@example.com,synthetic-uid-1374,1,0,0,0,0,0,0,0.08977532057567401,0
synthetic,46,launched,email,,5,Urgencia + Autoridad,Aviso urgente institucional,Plantilla combinada,1,1,0,0,29,45-54,M,Secundaria,1375,synthetic_user_1375@example.com,synthetic-uid-1375,1,1,0,0,1,0,0,0.08977532057567401,0
synthetic,46,launched,email,,5,Urgencia + Autoridad,Aviso urgente institucional,Plantilla combinada,1,1,0,0,29,45-54,M,Secundaria,1376,synthetic_user_1376@example.com,synthetic-uid-1376,1,0,0,0,0,0,0,0.08977532057567401,0
synthetic,46,launched,email,,5,Urgencia + Autoridad,Aviso urgente institucional,Plantilla combinada,1,1,0,0,29,45-54,M,Secundaria,1377,synthetic_user_1377@example.com,synthetic-uid-1377,1,0,0,0,0,0,0,0.08977532057567401,0
synthetic,46,launched,email,,5,Urgencia + Autoridad,Aviso urgente institucional,Plantilla combinada,1,1,0,0,29,45-54,M,Secundaria,1378,synthetic_user_1378@example.com,synthetic-uid-1378,1,0,0,0,0,0,0,0.08977532057567401,0
synthetic,46,launched,email,,5,Urgencia + Autoridad,Aviso urgente institucional,Plantilla combinada,1,1,0,0,29,45-54,M,Secundaria,1379,synthetic_user_1379@example.com,synthetic-uid-1379,1,1,0,0,1,0,0,0.08977532057567401,0
synthetic,46,launched,email,,5,Urgencia + Autoridad,Aviso urgente institucional,Plantilla combinada,1,1,0,0,29,45-54,M,Secundaria,1380,synthetic_user_1380@example.com,synthetic-uid-1380,1,0,0,0,0,0,0,0.08977532057567401,0
synthetic,47,launched,email,,5,Urgencia + Autoridad,Aviso urgente institucional,Plantilla combinada,1,1,0,0,12,25-34,F,Posgrado,1381,synthetic_user_1381@example.com,synthetic-uid-1381,1,0,0,0,0,0,0,0.09269004486405535,0
synthetic,47,launched,email,,5,Urgencia + Autoridad,Aviso urgente institucional,Plantilla combinada,1,1,0,0,12,25-34,F,Posgrado,1382,synthetic_user_1382@example.com,synthetic-uid-1382,1,0,0,0,0,0,0,0.09269004486405535,0
synthetic,47,launched,email,,5,Urgencia + Autoridad,Aviso urgente institucional,Plantilla combinada,1,1,0,0,12,25-34,F,Posgrado,1383,synthetic_user_1383@example.com,synthetic-uid-1383,1,0,0,0,0,0,0,0.09269004486405535,0
synthetic,47,launched,email,,5,Urgencia + Autoridad,Aviso urgente institucional,Plantilla combinada,1,1,0,0,12,25-34,F,Posgrado,1384,synthetic_user_1384@example.com,synthetic-uid-1384,1,0,0,0,0,0,0,0.09269004486405535,0
synthetic,47,launched,email,,5,Urgencia + Autoridad,Aviso urgente institucional,Plantilla combinada,1,1,0,0,12,25-34,F,Posgrado,1385,synthetic_user_1385@example.com,synthetic-uid-1385,1,1,0,0,1,0,0,0.09269004486405535,0
synthetic,47,launched,email,,5,Urgencia + Autoridad,Aviso urgente institucional,Plantilla combinada,1,1,0,0,12,25-34,F,Posgrado,1386,synthetic_user_1386@example.com,synthetic-uid-1386,1,1,0,0,1,0,0,0.09269004486405535,0
synthetic,47,launched,email,,5,Urgencia + Autoridad,Aviso urgente institucional,Plantilla combinada,1,1,0,0,12,25-34,F,Posgrado,1387,synthetic_user_1387@example.com,synthetic-uid-1387,1,1,0,0,1,0,0,0.09269004486405535,0
synthetic,47,launched,email,,5,Urgencia + Autoridad,Aviso urgente institucional,Plantilla combinada,1,1,0,0,12,25-34,F,Posgrado,1388,synthetic_user_1388@example.com,synthetic-uid-1388,1,0,0,0,0,0,0,0.09269004486405535,0
synthetic,47,launched,email,,5,Urgencia + Autoridad,Aviso urgente institucional,Plantilla combinada,1,1,0,0,12,25-34,F,Posgrado,1389,synthetic_user_1389@example.com,synthetic-uid-1389,1,0,0,0,0,0,0,0.09269004486405535,0
synthetic,47,launched,email,,5,Urgencia + Autoridad,Aviso urgente institucional,Plantilla combinada,1,1,0,0,12,25-34,F,Posgrado,1390,synthetic_user_1390@example.com,synthetic-uid-1390,1,0,0,0,0,0,0,0.09269004486405535,0
synthetic,47,launched,email,,5,Urgencia + Autoridad,Aviso urgente institucional,Plantilla combinada,1,1,0,0,12,25-34,F,Posgrado,1391,synthetic_user_1391@example.com,synthetic-uid-1391,1,0,0,0,0,0,0,0.09269004486405535,0
synthetic,47,launched,email,,5,Urgencia + Autoridad,Aviso urgente institucional,Plantilla combinada,1,1,0,0,12,25-34,F,Posgrado,1392,synthetic_user_1392@example.com,synthetic-uid-1392,1,0,0,0,0,0,0,0.09269004486405535,0
synthetic,47,launched,email,,5,Urgencia + Autoridad,Aviso urgente institucional,Plantilla combinada,1,1,0,0,12,25-34,F,Posgrado,1393,synthetic_user_1393@example.com,synthetic-uid-1393,1,1,1,0,1,1,0,0.09269004486405535,0
synthetic,47,launched,email,,5,Urgencia + Autoridad,Aviso urgente institucional,Plantilla combinada,1,1,0,0,12,25-34,F,Posgrado,1394,synthetic_user_1394@example.com,synthetic-uid-1394,1,1,0,0,1,0,0,0.09269004486405535,0
synthetic,47,launched,email,,5,Urgencia + Autoridad,Aviso urgente institucional,Plantilla combinada,1,1,0,0,12,25-34,F,Posgrado,1395,synthetic_user_1395@example.com,synthetic-uid-1395,1,1,1,0,1,1,0,0.09269004486405535,0
synthetic,47,launched,email,,5,Urgencia + Autoridad,Aviso urgente institucional,Plantilla combinada,1,1,0,0,12,25-34,F,Posgrado,1396,synthetic_user_1396@example.com,synthetic-uid-1396,1,0,0,0,0,0,0,0.09269004486405535,0
synthetic,47,launched,email,,5,Urgencia + Autoridad,Aviso urgente institucional,Plantilla combinada,1,1,0,0,12,25-34,F,Posgrado,1397,synthetic_user_1397@example.com,synthetic-uid-1397,1,0,0,0,0,0,0,0.09269004486405535,0
synthetic,47,launched,email,,5,Urgencia + Autoridad,Aviso urgente institucional,Plantilla combinada,1,1,0,0,12,25-34,F,Posgrado,1398,synthetic_user_1398@example.com,synthetic-uid-1398,1,0,0,0,0,0,0,0.09269004486405535,0
synthetic,47,launched,email,,5,Urgencia + Autoridad,Aviso urgente institucional,Plantilla combinada,1,1,0,0,12,25-34,F,Posgrado,1399,synthetic_user_1399@example.com,synthetic-uid-1399,1,0,0,0,0,0,0,0.09269004486405535,0
synthetic,47,launched,email,,5,Urgencia + Autoridad,Aviso urgente institucional,Plantilla combinada,1,1,0,0,12,25-34,F,Posgrado,1400,synthetic_user_1400@example.com,synthetic-uid-1400,1,1,0,0,1,0,0,0.09269004486405535,0
synthetic,47,launched,email,,5,Urgencia + Autoridad,Aviso urgente institucional,Plantilla combinada,1,1,0,0,12,25-34,F,Posgrado,1401,synthetic_user_1401@example.com,synthetic-uid-1401,1,0,0,0,0,0,0,0.09269004486405535,0
synthetic,47,launched,email,,5,Urgencia + Autoridad,Aviso urgente institucional,Plantilla combinada,1,1,0,0,12,25-34,F,Posgrado,1402,synthetic_user_1402@example.com,synthetic-uid-1402,1,0,0,0,0,0,0,0.09269004486405535,0
synthetic,47,launched,email,,5,Urgencia + Autoridad,Aviso urgente institucional,Plantilla combinada,1,1,0,0,12,25-34,F,Posgrado,1403,synthetic_user_1403@example.com,synthetic-uid-1403,1,0,0,0,0,0,0,0.09269004486405535,0
synthetic,47,launched,email,,5,Urgencia + Autoridad,Aviso urgente institucional,Plantilla combinada,1,1,0,0,12,25-34,F,Posgrado,1404,synthetic_user_1404@example.com,synthetic-uid-1404,1,1,0,0,1,0,0,0.09269004486405535,0
synthetic,47,launched,email,,5,Urgencia + Autoridad,Aviso urgente institucional,Plantilla combinada,1,1,0,0,12,25-34,F,Posgrado,1405,synthetic_user_1405@example.com,synthetic-uid-1405,1,1,1,0,1,1,0,0.09269004486405535,0
synthetic,47,launched,email,,5,Urgencia + Autoridad,Aviso urgente institucional,Plantilla combinada,1,1,0,0,12,25-34,F,Posgrado,1406,synthetic_user_1406@example.com,synthetic-uid-1406,1,1,0,0,1,0,0,0.09269004486405535,0
synthetic,47,launched,email,,5,Urgencia + Autoridad,Aviso urgente institucional,Plantilla combinada,1,1,0,0,12,25-34,F,Posgrado,1407,synthetic_user_1407@example.com,synthetic-uid-1407,1,1,1,0,1,1,0,0.09269004486405535,0
synthetic,47,launched,email,,5,Urgencia + Autoridad,Aviso urgente institucional,Plantilla combinada,1,1,0,0,12,25-34,F,Posgrado,1408,synthetic_user_1408@example.com,synthetic-uid-1408,1,0,0,0,0,0,0,0.09269004486405535,0
synthetic,47,launched,email,,5,Urgencia + Autoridad,Aviso urgente institucional,Plantilla combinada,1,1,0,0,12,25-34,F,Posgrado,1409,synthetic_user_1409@example.com,synthetic-uid-1409,1,0,0,0,0,0,0,0.09269004486405535,0
synthetic,47,launched,email,,5,Urgencia + Autoridad,Aviso urgente institucional,Plantilla combinada,1,1,0,0,12,25-34,F,Posgrado,1410,synthetic_user_1410@example.com,synthetic-uid-1410,1,1,0,0,1,0,0,0.09269004486405535,0
synthetic,48,launched,email,,5,Urgencia + Autoridad,Aviso urgente institucional,Plantilla combinada,1,1,0,0,1,18-24,F,Secundaria,1411,synthetic_user_1411@example.com,synthetic-uid-1411,1,1,0,0,1,0,0,0.06674978120677062,0
synthetic,48,launched,email,,5,Urgencia + Autoridad,Aviso urgente institucional,Plantilla combinada,1,1,0,0,1,18-24,F,Secundaria,1412,synthetic_user_1412@example.com,synthetic-uid-1412,1,1,0,0,1,0,0,0.06674978120677062,0
synthetic,48,launched,email,,5,Urgencia + Autoridad,Aviso urgente institucional,Plantilla combinada,1,1,0,0,1,18-24,F,Secundaria,1413,synthetic_user_1413@example.com,synthetic-uid-1413,1,0,0,0,0,0,0,0.06674978120677062,0
synthetic,48,launched,email,,5,Urgencia + Autoridad,Aviso urgente institucional,Plantilla combinada,1,1,0,0,1,18-24,F,Secundaria,1414,synthetic_user_1414@example.com,synthetic-uid-1414,1,1,0,0,1,0,0,0.06674978120677062,0
synthetic,48,launched,email,,5,Urgencia + Autoridad,Aviso urgente institucional,Plantilla combinada,1,1,0,0,1,18-24,F,Secundaria,1415,synthetic_user_1415@example.com,synthetic-uid-1415,1,0,0,0,0,0,0,0.06674978120677062,0
synthetic,48,launched,email,,5,Urgencia + Autoridad,Aviso urgente institucional,Plantilla combinada,1,1,0,0,1,18-24,F,Secundaria,1416,synthetic_user_1416@example.com,synthetic-uid-1416,1,0,0,0,0,0,0,0.06674978120677062,0
synthetic,48,launched,email,,5,Urgencia + Autoridad,Aviso urgente institucional,Plantilla combinada,1,1,0,0,1,18-24,F,Secundaria,1417,synthetic_user_1417@example.com,synthetic-uid-1417,1,0,0,0,0,0,0,0.06674978120677062,0
synthetic,48,launched,email,,5,Urgencia + Autoridad,Aviso urgente institucional,Plantilla combinada,1,1,0,0,1,18-24,F,Secundaria,1418,synthetic_user_1418@example.com,synthetic-uid-1418,1,0,0,0,0,0,0,0.06674978120677062,0
synthetic,48,launched,email,,5,Urgencia + Autoridad,Aviso urgente institucional,Plantilla combinada,1,1,0,0,1,18-24,F,Secundaria,1419,synthetic_user_1419@example.com,synthetic-uid-1419,1,0,0,0,0,0,0,0.06674978120677062,0
synthetic,48,launched,email,,5,Urgencia + Autoridad,Aviso urgente institucional,Plantilla combinada,1,1,0,0,1,18-24,F,Secundaria,1420,synthetic_user_1420@example.com,synthetic-uid-1420,1,0,0,0,0,0,0,0.06674978120677062,0
synthetic,48,launched,email,,5,Urgencia + Autoridad,Aviso urgente institucional,Plantilla combinada,1,1,0,0,1,18-24,F,Secundaria,1421,synthetic_user_1421@example.com,synthetic-uid-1421,1,1,1,0,1,1,0,0.06674978120677062,0
synthetic,48,launched,email,,5,Urgencia + Autoridad,Aviso urgente institucional,Plantilla combinada,1,1,0,0,1,18-24,F,Secundaria,1422,synthetic_user_1422@example.com,synthetic-uid-1422,1,0,0,0,0,0,0,0.06674978120677062,0
synthetic,48,launched,email,,5,Urgencia + Autoridad,Aviso urgente institucional,Plantilla combinada,1,1,0,0,1,18-24,F,Secundaria,1423,synthetic_user_1423@example.com,synthetic-uid-1423,1,0,0,0,0,0,0,0.06674978120677062,0
synthetic,48,launched,email,,5,Urgencia + Autoridad,Aviso urgente institucional,Plantilla combinada,1,1,0,0,1,18-24,F,Secundaria,1424,synthetic_user_1424@example.com,synthetic-uid-1424,1,0,0,0,0,0,0,0.06674978120677062,0
synthetic,48,launched,email,,5,Urgencia + Autoridad,Aviso urgente institucional,Plantilla combinada,1,1,0,0,1,18-24,F,Secundaria,1425,synthetic_user_1425@example.com,synthetic-uid-1425,1,0,0,0,0,0,0,0.06674978120677062,0
synthetic,48,launched,email,,5,Urgencia + Autoridad,Aviso urgente institucional,Plantilla combinada,1,1,0,0,1,18-24,F,Secundaria,1426,synthetic_user_1426@example.com,synthetic-uid-1426,1,1,0,0,1,0,0,0.06674978120677062,0
synthetic,48,launched,email,,5,Urgencia + Autoridad,Aviso urgente institucional,Plantilla combinada,1,1,0,0,1,18-24,F,Secundaria,1427,synthetic_user_1427@example.com,synthetic-uid-1427,1,0,0,0,0,0,0,0.06674978120677062,0
synthetic,48,launched,email,,5,Urgencia + Autoridad,Aviso urgente institucional,Plantilla combinada,1,1,0,0,1,18-24,F,Secundaria,1428,synthetic_user_1428@example.com,synthetic-uid-1428,1,0,0,0,0,0,0,0.06674978120677062,0
synthetic,48,launched,email,,5,Urgencia + Autoridad,Aviso urgente institucional,Plantilla combinada,1,1,0,0,1,18-24,F,Secundaria,1429,synthetic_user_1429@example.com,synthetic-uid-1429,1,0,0,0,0,0,0,0.06674978120677062,0
synthetic,48,launched,email,,5,Urgencia + Autoridad,Aviso urgente institucional,Plantilla combinada,1,1,0,0,1,18-24,F,Secundaria,1430,synthetic_user_1430@example.com,synthetic-uid-1430,1,0,0,0,0,0,0,0.06674978120677062,0
synthetic,48,launched,email,,5,Urgencia + Autoridad,Aviso urgente institucional,Plantilla combinada,1,1,0,0,1,18-24,F,Secundaria,1431,synthetic_user_1431@example.com,synthetic-uid-1431,1,0,0,0,0,0,0,0.06674978120677062,0
synthetic,48,launched,email,,5,Urgencia + Autoridad,Aviso urgente institucional,Plantilla combinada,1,1,0,0,1,18-24,F,Secundaria,1432,synthetic_user_1432@example.com,synthetic-uid-1432,1,0,0,0,0,0,0,0.06674978120677062,0
synthetic,48,launched,email,,5,Urgencia + Autoridad,Aviso urgente institucional,Plantilla combinada,1,1,0,0,1,18-24,F,Secundaria,1433,synthetic_user_1433@example.com,synthetic-uid-1433,1,0,0,0,0,0,0,0.06674978120677062,0
synthetic,48,launched,email,,5,Urgencia + Autoridad,Aviso urgente institucional,Plantilla combinada,1,1,0,0,1,18-24,F,Secundaria,1434,synthetic_user_1434@example.com,synthetic-uid-1434,1,0,0,0,0,0,0,0.06674978120677062,0
synthetic,48,launched,email,,5,Urgencia + Autoridad,Aviso urgente institucional,Plantilla combinada,1,1,0,0,1,18-24,F,Secundaria,1435,synthetic_user_1435@example.com,synthetic-uid-1435,1,0,0,0,0,0,0,0.06674978120677062,0
synthetic,48,launched,email,,5,Urgencia + Autoridad,Aviso urgente institucional,Plantilla combinada,1,1,0,0,1,18-24,F,Secundaria,1436,synthetic_user_1436@example.com,synthetic-uid-1436,1,0,0,0,0,0,0,0.06674978120677062,0
synthetic,48,launched,email,,5,Urgencia + Autoridad,Aviso urgente institucional,Plantilla combinada,1,1,0,0,1,18-24,F,Secundaria,1437,synthetic_user_1437@example.com,synthetic-uid-1437,1,1,0,0,1,0,0,0.06674978120677062,0
synthetic,48,launched,email,,5,Urgencia + Autoridad,Aviso urgente institucional,Plantilla combinada,1,1,0,0,1,18-24,F,Secundaria,1438,synthetic_user_1438@example.com,synthetic-uid-1438,1,1,0,0,1,0,0,0.06674978120677062,0
synthetic,48,launched,email,,5,Urgencia + Autoridad,Aviso urgente institucional,Plantilla combinada,1,1,0,0,1,18-24,F,Secundaria,1439,synthetic_user_1439@example.com,synthetic-uid-1439,1,0,0,0,0,0,0,0.06674978120677062,0
synthetic,48,launched,email,,5,Urgencia + Autoridad,Aviso urgente institucional,Plantilla combinada,1,1,0,0,1,18-24,F,Secundaria,1440,synthetic_user_1440@example.com,synthetic-uid-1440,1,1,0,0,1,0,0,0.06674978120677062,0
synthetic,49,launched,email,,5,Urgencia + Autoridad,Aviso urgente institucional,Plantilla combinada,1,1,0,0,11,25-34,F,Universitaria,1441,synthetic_user_1441@example.com,synthetic-uid-1441,1,1,0,0,1,0,0,0.07062310273233868,0
synthetic,49,launched,email,,5,Urgencia + Autoridad,Aviso urgente institucional,Plantilla combinada,1,1,0,0,11,25-34,F,Universitaria,1442,synthetic_user_1442@example.com,synthetic-uid-1442,1,1,1,0,1,1,0,0.07062310273233868,0
synthetic,49,launched,email,,5,Urgencia + Autoridad,Aviso urgente institucional,Plantilla combinada,1,1,0,0,11,25-34,F,Universitaria,1443,synthetic_user_1443@example.com,synthetic-uid-1443,1,0,0,0,0,0,0,0.07062310273233868,0
synthetic,49,launched,email,,5,Urgencia + Autoridad,Aviso urgente institucional,Plantilla combinada,1,1,0,0,11,25-34,F,Universitaria,1444,synthetic_user_1444@example.com,synthetic-uid-1444,1,1,0,0,1,0,0,0.07062310273233868,0
synthetic,49,launched,email,,5,Urgencia + Autoridad,Aviso urgente institucional,Plantilla combinada,1,1,0,0,11,25-34,F,Universitaria,1445,synthetic_user_1445@example.com,synthetic-uid-1445,1,0,0,0,0,0,0,0.07062310273233868,0
synthetic,49,launched,email,,5,Urgencia + Autoridad,Aviso urgente institucional,Plantilla combinada,1,1,0,0,11,25-34,F,Universitaria,1446,synthetic_user_1446@example.com,synthetic-uid-1446,1,0,0,0,0,0,0,0.07062310273233868,0
synthetic,49,launched,email,,5,Urgencia + Autoridad,Aviso urgente institucional,Plantilla combinada,1,1,0,0,11,25-34,F,Universitaria,1447,synthetic_user_1447@example.com,synthetic-uid-1447,1,0,0,0,0,0,0,0.07062310273233868,0
synthetic,49,launched,email,,5,Urgencia + Autoridad,Aviso urgente institucional,Plantilla combinada,1,1,0,0,11,25-34,F,Universitaria,1448,synthetic_user_1448@example.com,synthetic-uid-1448,1,0,0,0,0,0,0,0.07062310273233868,0
synthetic,49,launched,email,,5,Urgencia + Autoridad,Aviso urgente institucional,Plantilla combinada,1,1,0,0,11,25-34,F,Universitaria,1449,synthetic_user_1449@example.com,synthetic-uid-1449,1,1,0,0,1,0,0,0.07062310273233868,0
synthetic,49,launched,email,,5,Urgencia + Autoridad,Aviso urgente institucional,Plantilla combinada,1,1,0,0,11,25-34,F,Universitaria,1450,synthetic_user_1450@example.com,synthetic-uid-1450,1,0,0,0,0,0,0,0.07062310273233868,0
synthetic,49,launched,email,,5,Urgencia + Autoridad,Aviso urgente institucional,Plantilla combinada,1,1,0,0,11,25-34,F,Universitaria,1451,synthetic_user_1451@example.com,synthetic-uid-1451,1,0,0,0,0,0,0,0.07062310273233868,0
synthetic,49,launched,email,,5,Urgencia + Autoridad,Aviso urgente institucional,Plantilla combinada,1,1,0,0,11,25-34,F,Universitaria,1452,synthetic_user_1452@example.com,synthetic-uid-1452,1,0,0,0,0,0,0,0.07062310273233868,0
synthetic,49,launched,email,,5,Urgencia + Autoridad,Aviso urgente institucional,Plantilla combinada,1,1,0,0,11,25-34,F,Universitaria,1453,synthetic_user_1453@example.com,synthetic-uid-1453,1,0,0,0,0,0,0,0.07062310273233868,0
synthetic,49,launched,email,,5,Urgencia + Autoridad,Aviso urgente institucional,Plantilla combinada,1,1,0,0,11,25-34,F,Universitaria,1454,synthetic_user_1454@example.com,synthetic-uid-1454,1,0,0,0,0,0,0,0.07062310273233868,0
synthetic,49,launched,email,,5,Urgencia + Autoridad,Aviso urgente institucional,Plantilla combinada,1,1,0,0,11,25-34,F,Universitaria,1455,synthetic_user_1455@example.com,synthetic-uid-1455,1,0,0,0,0,0,0,0.07062310273233868,0
synthetic,49,launched,email,,5,Urgencia + Autoridad,Aviso urgente institucional,Plantilla combinada,1,1,0,0,11,25-34,F,Universitaria,1456,synthetic_user_1456@example.com,synthetic-uid-1456,1,1,0,0,1,0,0,0.07062310273233868,0
synthetic,49,launched,email,,5,Urgencia + Autoridad,Aviso urgente institucional,Plantilla combinada,1,1,0,0,11,25-34,F,Universitaria,1457,synthetic_user_1457@example.com,synthetic-uid-1457,1,1,0,0,1,0,0,0.07062310273233868,0
synthetic,49,launched,email,,5,Urgencia + Autoridad,Aviso urgente institucional,Plantilla combinada,1,1,0,0,11,25-34,F,Universitaria,1458,synthetic_user_1458@example.com,synthetic-uid-1458,1,0,0,0,0,0,0,0.07062310273233868,0
synthetic,49,launched,email,,5,Urgencia + Autoridad,Aviso urgente institucional,Plantilla combinada,1,1,0,0,11,25-34,F,Universitaria,1459,synthetic_user_1459@example.com,synthetic-uid-1459,1,1,0,0,1,0,0,0.07062310273233868,0
synthetic,49,launched,email,,5,Urgencia + Autoridad,Aviso urgente institucional,Plantilla combinada,1,1,0,0,11,25-34,F,Universitaria,1460,synthetic_user_1460@example.com,synthetic-uid-1460,1,1,0,0,1,0,0,0.07062310273233868,0
synthetic,49,launched,email,,5,Urgencia + Autoridad,Aviso urgente institucional,Plantilla combinada,1,1,0,0,11,25-34,F,Universitaria,1461,synthetic_user_1461@example.com,synthetic-uid-1461,1,0,0,0,0,0,0,0.07062310273233868,0
synthetic,49,launched,email,,5,Urgencia + Autoridad,Aviso urgente institucional,Plantilla combinada,1,1,0,0,11,25-34,F,Universitaria,1462,synthetic_user_1462@example.com,synthetic-uid-1462,1,0,0,0,0,0,0,0.07062310273233868,0
synthetic,49,launched,email,,5,Urgencia + Autoridad,Aviso urgente institucional,Plantilla combinada,1,1,0,0,11,25-34,F,Universitaria,1463,synthetic_user_1463@example.com,synthetic-uid-1463,1,0,0,0,0,0,0,0.07062310273233868,0
synthetic,49,launched,email,,5,Urgencia + Autoridad,Aviso urgente institucional,Plantilla combinada,1,1,0,0,11,25-34,F,Universitaria,1464,synthetic_user_1464@example.com,synthetic-uid-1464,1,0,0,0,0,0,0,0.07062310273233868,0
synthetic,49,launched,email,,5,Urgencia + Autoridad,Aviso urgente institucional,Plantilla combinada,1,1,0,0,11,25-34,F,Universitaria,1465,synthetic_user_1465@example.com,synthetic-uid-1465,1,0,0,0,0,0,0,0.07062310273233868,0
synthetic,49,launched,email,,5,Urgencia + Autoridad,Aviso urgente institucional,Plantilla combinada,1,1,0,0,11,25-34,F,Universitaria,1466,synthetic_user_1466@example.com,synthetic-uid-1466,1,0,0,0,0,0,0,0.07062310273233868,0
synthetic,49,launched,email,,5,Urgencia + Autoridad,Aviso urgente institucional,Plantilla combinada,1,1,0,0,11,25-34,F,Universitaria,1467,synthetic_user_1467@example.com,synthetic-uid-1467,1,0,0,0,0,0,0,0.07062310273233868,0
synthetic,49,launched,email,,5,Urgencia + Autoridad,Aviso urgente institucional,Plantilla combinada,1,1,0,0,11,25-34,F,Universitaria,1468,synthetic_user_1468@example.com,synthetic-uid-1468,1,0,0,0,0,0,0,0.07062310273233868,0
synthetic,49,launched,email,,5,Urgencia + Autoridad,Aviso urgente institucional,Plantilla combinada,1,1,0,0,11,25-34,F,Universitaria,1469,synthetic_user_1469@example.com,synthetic-uid-1469,1,0,0,0,0,0,0,0.07062310273233868,0
synthetic,49,launched,email,,5,Urgencia + Autoridad,Aviso urgente institucional,Plantilla combinada,1,1,0,0,11,25-34,F,Universitaria,1470,synthetic_user_1470@example.com,synthetic-uid-1470,1,0,0,0,0,0,0,0.07062310273233868,0
synthetic,50,launched,email,,5,Urgencia + Autoridad,Aviso urgente institucional,Plantilla combinada,1,1,0,0,35,55+,F,Universitaria,1471,synthetic_user_1471@example.com,synthetic-uid-1471,1,1,0,0,1,0,0,0.0356454476663366,0
synthetic,50,launched,email,,5,Urgencia + Autoridad,Aviso urgente institucional,Plantilla combinada,1,1,0,0,35,55+,F,Universitaria,1472,synthetic_user_1472@example.com,synthetic-uid-1472,1,1,0,0,1,0,0,0.0356454476663366,0
synthetic,50,launched,email,,5,Urgencia + Autoridad,Aviso urgente institucional,Plantilla combinada,1,1,0,0,35,55+,F,Universitaria,1473,synthetic_user_1473@example.com,synthetic-uid-1473,1,0,0,0,0,0,0,0.0356454476663366,0
synthetic,50,launched,email,,5,Urgencia + Autoridad,Aviso urgente institucional,Plantilla combinada,1,1,0,0,35,55+,F,Universitaria,1474,synthetic_user_1474@example.com,synthetic-uid-1474,1,1,0,0,1,0,0,0.0356454476663366,0
synthetic,50,launched,email,,5,Urgencia + Autoridad,Aviso urgente institucional,Plantilla combinada,1,1,0,0,35,55+,F,Universitaria,1475,synthetic_user_1475@example.com,synthetic-uid-1475,1,0,0,0,0,0,0,0.0356454476663366,0
synthetic,50,launched,email,,5,Urgencia + Autoridad,Aviso urgente institucional,Plantilla combinada,1,1,0,0,35,55+,F,Universitaria,1476,synthetic_user_1476@example.com,synthetic-uid-1476,1,0,0,0,0,0,0,0.0356454476663366,0
synthetic,50,launched,email,,5,Urgencia + Autoridad,Aviso urgente institucional,Plantilla combinada,1,1,0,0,35,55+,F,Universitaria,1477,synthetic_user_1477@example.com,synthetic-uid-1477,1,0,0,0,0,0,0,0.0356454476663366,0
synthetic,50,launched,email,,5,Urgencia + Autoridad,Aviso urgente institucional,Plantilla combinada,1,1,0,0,35,55+,F,Universitaria,1478,synthetic_user_1478@example.com,synthetic-uid-1478,1,0,0,0,0,0,0,0.0356454476663366,0
synthetic,50,launched,email,,5,Urgencia + Autoridad,Aviso urgente institucional,Plantilla combinada,1,1,0,0,35,55+,F,Universitaria,1479,synthetic_user_1479@example.com,synthetic-uid-1479,1,0,0,0,0,0,0,0.0356454476663366,0
synthetic,50,launched,email,,5,Urgencia + Autoridad,Aviso urgente institucional,Plantilla combinada,1,1,0,0,35,55+,F,Universitaria,1480,synthetic_user_1480@example.com,synthetic-uid-1480,1,0,0,0,0,0,0,0.0356454476663366,0
synthetic,50,launched,email,,5,Urgencia + Autoridad,Aviso urgente institucional,Plantilla combinada,1,1,0,0,35,55+,F,Universitaria,1481,synthetic_user_1481@example.com,synthetic-uid-1481,1,0,0,0,0,0,0,0.0356454476663366,0
synthetic,50,launched,email,,5,Urgencia + Autoridad,Aviso urgente institucional,Plantilla combinada,1,1,0,0,35,55+,F,Universitaria,1482,synthetic_user_1482@example.com,synthetic-uid-1482,1,1,0,0,1,0,0,0.0356454476663366,0
synthetic,50,launched,email,,5,Urgencia + Autoridad,Aviso urgente institucional,Plantilla combinada,1,1,0,0,35,55+,F,Universitaria,1483,synthetic_user_1483@example.com,synthetic-uid-1483,1,1,1,0,1,1,0,0.0356454476663366,0
synthetic,50,launched,email,,5,Urgencia + Autoridad,Aviso urgente institucional,Plantilla combinada,1,1,0,0,35,55+,F,Universitaria,1484,synthetic_user_1484@example.com,synthetic-uid-1484,1,0,0,0,0,0,0,0.0356454476663366,0
synthetic,50,launched,email,,5,Urgencia + Autoridad,Aviso urgente institucional,Plantilla combinada,1,1,0,0,35,55+,F,Universitaria,1485,synthetic_user_1485@example.com,synthetic-uid-1485,1,0,0,0,0,0,0,0.0356454476663366,0
synthetic,50,launched,email,,5,Urgencia + Autoridad,Aviso urgente institucional,Plantilla combinada,1,1,0,0,35,55+,F,Universitaria,1486,synthetic_user_1486@example.com,synthetic-uid-1486,1,1,0,0,1,0,0,0.0356454476663366,0
synthetic,50,launched,email,,5,Urgencia + Autoridad,Aviso urgente institucional,Plantilla combinada,1,1,0,0,35,55+,F,Universitaria,1487,synthetic_user_1487@example.com,synthetic-uid-1487,1,0,0,0,0,0,0,0.0356454476663366,0
synthetic,50,launched,email,,5,Urgencia + Autoridad,Aviso urgente institucional,Plantilla combinada,1,1,0,0,35,55+,F,Universitaria,1488,synthetic_user_1488@example.com,synthetic-uid-1488,1,0,0,0,0,0,0,0.0356454476663366,0
synthetic,50,launched,email,,5,Urgencia + Autoridad,Aviso urgente institucional,Plantilla combinada,1,1,0,0,35,55+,F,Universitaria,1489,synthetic_user_1489@example.com,synthetic-uid-1489,1,0,0,0,0,0,0,0.0356454476663366,0
synthetic,50,launched,email,,5,Urgencia + Autoridad,Aviso urgente institucional,Plantilla combinada,1,1,0,0,35,55+,F,Universitaria,1490,synthetic_user_1490@example.com,synthetic-uid-1490,1,1,1,0,1,1,0,0.0356454476663366,0
synthetic,50,launched,email,,5,Urgencia + Autoridad,Aviso urgente institucional,Plantilla combinada,1,1,0,0,35,55+,F,Universitaria,1491,synthetic_user_1491@example.com,synthetic-uid-1491,1,0,0,0,0,0,0,0.0356454476663366,0
synthetic,50,launched,email,,5,Urgencia + Autoridad,Aviso urgente institucional,Plantilla combinada,1,1,0,0,35,55+,F,Universitaria,1492,synthetic_user_1492@example.com,synthetic-uid-1492,1,0,0,0,0,0,0,0.0356454476663366,0
synthetic,50,launched,email,,5,Urgencia + Autoridad,Aviso urgente institucional,Plantilla combinada,1,1,0,0,35,55+,F,Universitaria,1493,synthetic_user_1493@example.com,synthetic-uid-1493,1,0,0,0,0,0,0,0.0356454476663366,0
synthetic,50,launched,email,,5,Urgencia + Autoridad,Aviso urgente institucional,Plantilla combinada,1,1,0,0,35,55+,F,Universitaria,1494,synthetic_user_1494@example.com,synthetic-uid-1494,1,0,0,0,0,0,0,0.0356454476663366,0
synthetic,50,launched,email,,5,Urgencia + Autoridad,Aviso urgente institucional,Plantilla combinada,1,1,0,0,35,55+,F,Universitaria,1495,synthetic_user_1495@example.com,synthetic-uid-1495,1,1,1,0,1,1,0,0.0356454476663366,0
synthetic,50,launched,email,,5,Urgencia + Autoridad,Aviso urgente institucional,Plantilla combinada,1,1,0,0,35,55+,F,Universitaria,1496,synthetic_user_1496@example.com,synthetic-uid-1496,1,0,0,0,0,0,0,0.0356454476663366,0
synthetic,50,launched,email,,5,Urgencia + Autoridad,Aviso urgente institucional,Plantilla combinada,1,1,0,0,35,55+,F,Universitaria,1497,synthetic_user_1497@example.com,synthetic-uid-1497,1,0,0,0,0,0,0,0.0356454476663366,0
synthetic,50,launched,email,,5,Urgencia + Autoridad,Aviso urgente institucional,Plantilla combinada,1,1,0,0,35,55+,F,Universitaria,1498,synthetic_user_1498@example.com,synthetic-uid-1498,1,0,0,0,0,0,0,0.0356454476663366,0
synthetic,50,launched,email,,5,Urgencia + Autoridad,Aviso urgente institucional,Plantilla combinada,1,1,0,0,35,55+,F,Universitaria,1499,synthetic_user_1499@example.com,synthetic-uid-1499,1,0,0,0,0,0,0,0.0356454476663366,0
synthetic,50,launched,email,,5,Urgencia + Autoridad,Aviso urgente institucional,Plantilla combinada,1,1,0,0,35,55+,F,Universitaria,1500,synthetic_user_1500@example.com,synthetic-uid-1500,1,1,0,0,1,0,0,0.0356454476663366,0
synthetic,51,launched,email,,6,Autoridad + Personalización,Notificación importante para usted,Plantilla combinada,0,1,0,1,15,25-34,M,Universitaria,1501,synthetic_user_1501@example.com,synthetic-uid-1501,1,0,0,0,0,0,0,0.036238324777255956,0
synthetic,51,launched,email,,6,Autoridad + Personalización,Notificación importante para usted,Plantilla combinada,0,1,0,1,15,25-34,M,Universitaria,1502,synthetic_user_1502@example.com,synthetic-uid-1502,1,0,0,0,0,0,0,0.036238324777255956,0
synthetic,51,launched,email,,6,Autoridad + Personalización,Notificación importante para usted,Plantilla combinada,0,1,0,1,15,25-34,M,Universitaria,1503,synthetic_user_1503@example.com,synthetic-uid-1503,1,1,0,0,1,0,0,0.036238324777255956,0
synthetic,51,launched,email,,6,Autoridad + Personalización,Notificación importante para usted,Plantilla combinada,0,1,0,1,15,25-34,M,Universitaria,1504,synthetic_user_1504@example.com,synthetic-uid-1504,1,0,0,0,0,0,0,0.036238324777255956,0
synthetic,51,launched,email,,6,Autoridad + Personalización,Notificación importante para usted,Plantilla combinada,0,1,0,1,15,25-34,M,Universitaria,1505,synthetic_user_1505@example.com,synthetic-uid-1505,1,1,0,0,1,0,0,0.036238324777255956,0
synthetic,51,launched,email,,6,Autoridad + Personalización,Notificación importante para usted,Plantilla combinada,0,1,0,1,15,25-34,M,Universitaria,1506,synthetic_user_1506@example.com,synthetic-uid-1506,1,1,0,0,1,0,0,0.036238324777255956,0
synthetic,51,launched,email,,6,Autoridad + Personalización,Notificación importante para usted,Plantilla combinada,0,1,0,1,15,25-34,M,Universitaria,1507,synthetic_user_1507@example.com,synthetic-uid-1507,1,1,0,0,1,0,0,0.036238324777255956,0
synthetic,51,launched,email,,6,Autoridad + Personalización,Notificación importante para usted,Plantilla combinada,0,1,0,1,15,25-34,M,Universitaria,1508,synthetic_user_1508@example.com,synthetic-uid-1508,1,1,0,0,1,0,0,0.036238324777255956,0
synthetic,51,launched,email,,6,Autoridad + Personalización,Notificación importante para usted,Plantilla combinada,0,1,0,1,15,25-34,M,Universitaria,1509,synthetic_user_1509@example.com,synthetic-uid-1509,1,0,0,0,0,0,0,0.036238324777255956,0
synthetic,51,launched,email,,6,Autoridad + Personalización,Notificación importante para usted,Plantilla combinada,0,1,0,1,15,25-34,M,Universitaria,1510,synthetic_user_1510@example.com,synthetic-uid-1510,1,0,0,0,0,0,0,0.036238324777255956,0
synthetic,51,launched,email,,6,Autoridad + Personalización,Notificación importante para usted,Plantilla combinada,0,1,0,1,15,25-34,M,Universitaria,1511,synthetic_user_1511@example.com,synthetic-uid-1511,1,0,0,0,0,0,0,0.036238324777255956,0
synthetic,51,launched,email,,6,Autoridad + Personalización,Notificación importante para usted,Plantilla combinada,0,1,0,1,15,25-34,M,Universitaria,1512,synthetic_user_1512@example.com,synthetic-uid-1512,1,0,0,0,0,0,0,0.036238324777255956,0
synthetic,51,launched,email,,6,Autoridad + Personalización,Notificación importante para usted,Plantilla combinada,0,1,0,1,15,25-34,M,Universitaria,1513,synthetic_user_1513@example.com,synthetic-uid-1513,1,0,0,0,0,0,0,0.036238324777255956,0
synthetic,51,launched,email,,6,Autoridad + Personalización,Notificación importante para usted,Plantilla combinada,0,1,0,1,15,25-34,M,Universitaria,1514,synthetic_user_1514@example.com,synthetic-uid-1514,1,0,0,0,0,0,0,0.036238324777255956,0
synthetic,51,launched,email,,6,Autoridad + Personalización,Notificación importante para usted,Plantilla combinada,0,1,0,1,15,25-34,M,Universitaria,1515,synthetic_user_1515@example.com,synthetic-uid-1515,1,0,0,0,0,0,0,0.036238324777255956,0
synthetic,51,launched,email,,6,Autoridad + Personalización,Notificación importante para usted,Plantilla combinada,0,1,0,1,15,25-34,M,Universitaria,1516,synthetic_user_1516@example.com,synthetic-uid-1516,1,0,0,0,0,0,0,0.036238324777255956,0
synthetic,51,launched,email,,6,Autoridad + Personalización,Notificación importante para usted,Plantilla combinada,0,1,0,1,15,25-34,M,Universitaria,1517,synthetic_user_1517@example.com,synthetic-uid-1517,1,0,0,0,0,0,0,0.036238324777255956,0
synthetic,51,launched,email,,6,Autoridad + Personalización,Notificación importante para usted,Plantilla combinada,0,1,0,1,15,25-34,M,Universitaria,1518,synthetic_user_1518@example.com,synthetic-uid-1518,1,1,0,0,1,0,0,0.036238324777255956,0
synthetic,51,launched,email,,6,Autoridad + Personalización,Notificación importante para usted,Plantilla combinada,0,1,0,1,15,25-34,M,Universitaria,1519,synthetic_user_1519@example.com,synthetic-uid-1519,1,1,0,0,1,0,0,0.036238324777255956,0
synthetic,51,launched,email,,6,Autoridad + Personalización,Notificación importante para usted,Plantilla combinada,0,1,0,1,15,25-34,M,Universitaria,1520,synthetic_user_1520@example.com,synthetic-uid-1520,1,0,0,0,0,0,0,0.036238324777255956,0
synthetic,51,launched,email,,6,Autoridad + Personalización,Notificación importante para usted,Plantilla combinada,0,1,0,1,15,25-34,M,Universitaria,1521,synthetic_user_1521@example.com,synthetic-uid-1521,1,0,0,0,0,0,0,0.036238324777255956,0
synthetic,51,launched,email,,6,Autoridad + Personalización,Notificación importante para usted,Plantilla combinada,0,1,0,1,15,25-34,M,Universitaria,1522,synthetic_user_1522@example.com,synthetic-uid-1522,1,0,0,0,0,0,0,0.036238324777255956,0
synthetic,51,launched,email,,6,Autoridad + Personalización,Notificación importante para usted,Plantilla combinada,0,1,0,1,15,25-34,M,Universitaria,1523,synthetic_user_1523@example.com,synthetic-uid-1523,1,1,0,0,1,0,0,0.036238324777255956,0
synthetic,51,launched,email,,6,Autoridad + Personalización,Notificación importante para usted,Plantilla combinada,0,1,0,1,15,25-34,M,Universitaria,1524,synthetic_user_1524@example.com,synthetic-uid-1524,1,0,0,0,0,0,0,0.036238324777255956,0
synthetic,51,launched,email,,6,Autoridad + Personalización,Notificación importante para usted,Plantilla combinada,0,1,0,1,15,25-34,M,Universitaria,1525,synthetic_user_1525@example.com,synthetic-uid-1525,1,0,0,0,0,0,0,0.036238324777255956,0
synthetic,51,launched,email,,6,Autoridad + Personalización,Notificación importante para usted,Plantilla combinada,0,1,0,1,15,25-34,M,Universitaria,1526,synthetic_user_1526@example.com,synthetic-uid-1526,1,0,0,0,0,0,0,0.036238324777255956,0
synthetic,51,launched,email,,6,Autoridad + Personalización,Notificación importante para usted,Plantilla combinada,0,1,0,1,15,25-34,M,Universitaria,1527,synthetic_user_1527@example.com,synthetic-uid-1527,1,0,0,0,0,0,0,0.036238324777255956,0
synthetic,51,launched,email,,6,Autoridad + Personalización,Notificación importante para usted,Plantilla combinada,0,1,0,1,15,25-34,M,Universitaria,1528,synthetic_user_1528@example.com,synthetic-uid-1528,1,0,0,0,0,0,0,0.036238324777255956,0
synthetic,51,launched,email,,6,Autoridad + Personalización,Notificación importante para usted,Plantilla combinada,0,1,0,1,15,25-34,M,Universitaria,1529,synthetic_user_1529@example.com,synthetic-uid-1529,1,1,0,0,1,0,0,0.036238324777255956,0
synthetic,51,launched,email,,6,Autoridad + Personalización,Notificación importante para usted,Plantilla combinada,0,1,0,1,15,25-34,M,Universitaria,1530,synthetic_user_1530@example.com,synthetic-uid-1530,1,1,0,0,1,0,0,0.036238324777255956,0
synthetic,52,launched,email,,6,Autoridad + Personalización,Notificación importante para usted,Plantilla combinada,0,1,0,1,29,45-54,M,Secundaria,1531,synthetic_user_1531@example.com,synthetic-uid-1531,1,0,0,0,0,0,0,0.05961434516248712,0
synthetic,52,launched,email,,6,Autoridad + Personalización,Notificación importante para usted,Plantilla combinada,0,1,0,1,29,45-54,M,Secundaria,1532,synthetic_user_1532@example.com,synthetic-uid-1532,1,1,0,0,1,0,0,0.05961434516248712,0
synthetic,52,launched,email,,6,Autoridad + Personalización,Notificación importante para usted,Plantilla combinada,0,1,0,1,29,45-54,M,Secundaria,1533,synthetic_user_1533@example.com,synthetic-uid-1533,1,1,0,0,1,0,0,0.05961434516248712,0
synthetic,52,launched,email,,6,Autoridad + Personalización,Notificación importante para usted,Plantilla combinada,0,1,0,1,29,45-54,M,Secundaria,1534,synthetic_user_1534@example.com,synthetic-uid-1534,1,0,0,0,0,0,0,0.05961434516248712,0
synthetic,52,launched,email,,6,Autoridad + Personalización,Notificación importante para usted,Plantilla combinada,0,1,0,1,29,45-54,M,Secundaria,1535,synthetic_user_1535@example.com,synthetic-uid-1535,1,0,0,0,0,0,0,0.05961434516248712,0
synthetic,52,launched,email,,6,Autoridad + Personalización,Notificación importante para usted,Plantilla combinada,0,1,0,1,29,45-54,M,Secundaria,1536,synthetic_user_1536@example.com,synthetic-uid-1536,1,0,0,0,0,0,0,0.05961434516248712,0
synthetic,52,launched,email,,6,Autoridad + Personalización,Notificación importante para usted,Plantilla combinada,0,1,0,1,29,45-54,M,Secundaria,1537,synthetic_user_1537@example.com,synthetic-uid-1537,1,1,0,0,1,0,0,0.05961434516248712,0
synthetic,52,launched,email,,6,Autoridad + Personalización,Notificación importante para usted,Plantilla combinada,0,1,0,1,29,45-54,M,Secundaria,1538,synthetic_user_1538@example.com,synthetic-uid-1538,1,0,0,0,0,0,0,0.05961434516248712,0
synthetic,52,launched,email,,6,Autoridad + Personalización,Notificación importante para usted,Plantilla combinada,0,1,0,1,29,45-54,M,Secundaria,1539,synthetic_user_1539@example.com,synthetic-uid-1539,1,0,0,0,0,0,0,0.05961434516248712,0
synthetic,52,launched,email,,6,Autoridad + Personalización,Notificación importante para usted,Plantilla combinada,0,1,0,1,29,45-54,M,Secundaria,1540,synthetic_user_1540@example.com,synthetic-uid-1540,1,0,0,0,0,0,0,0.05961434516248712,0
synthetic,52,launched,email,,6,Autoridad + Personalización,Notificación importante para usted,Plantilla combinada,0,1,0,1,29,45-54,M,Secundaria,1541,synthetic_user_1541@example.com,synthetic-uid-1541,1,0,0,0,0,0,0,0.05961434516248712,0
synthetic,52,launched,email,,6,Autoridad + Personalización,Notificación importante para usted,Plantilla combinada,0,1,0,1,29,45-54,M,Secundaria,1542,synthetic_user_1542@example.com,synthetic-uid-1542,1,1,0,0,1,0,0,0.05961434516248712,0
synthetic,52,launched,email,,6,Autoridad + Personalización,Notificación importante para usted,Plantilla combinada,0,1,0,1,29,45-54,M,Secundaria,1543,synthetic_user_1543@example.com,synthetic-uid-1543,1,1,0,0,1,0,0,0.05961434516248712,0
synthetic,52,launched,email,,6,Autoridad + Personalización,Notificación importante para usted,Plantilla combinada,0,1,0,1,29,45-54,M,Secundaria,1544,synthetic_user_1544@example.com,synthetic-uid-1544,1,0,0,0,0,0,0,0.05961434516248712,0
synthetic,52,launched,email,,6,Autoridad + Personalización,Notificación importante para usted,Plantilla combinada,0,1,0,1,29,45-54,M,Secundaria,1545,synthetic_user_1545@example.com,synthetic-uid-1545,1,1,0,0,1,0,0,0.05961434516248712,0
synthetic,52,launched,email,,6,Autoridad + Personalización,Notificación importante para usted,Plantilla combinada,0,1,0,1,29,45-54,M,Secundaria,1546,synthetic_user_1546@example.com,synthetic-uid-1546,1,0,0,0,0,0,0,0.05961434516248712,0
synthetic,52,launched,email,,6,Autoridad + Personalización,Notificación importante para usted,Plantilla combinada,0,1,0,1,29,45-54,M,Secundaria,1547,synthetic_user_1547@example.com,synthetic-uid-1547,1,1,0,0,1,0,0,0.05961434516248712,0
synthetic,52,launched,email,,6,Autoridad + Personalización,Notificación importante para usted,Plantilla combinada,0,1,0,1,29,45-54,M,Secundaria,1548,synthetic_user_1548@example.com,synthetic-uid-1548,1,1,0,0,1,0,0,0.05961434516248712,0
synthetic,52,launched,email,,6,Autoridad + Personalización,Notificación importante para usted,Plantilla combinada,0,1,0,1,29,45-54,M,Secundaria,1549,synthetic_user_1549@example.com,synthetic-uid-1549,1,0,0,0,0,0,0,0.05961434516248712,0
synthetic,52,launched,email,,6,Autoridad + Personalización,Notificación importante para usted,Plantilla combinada,0,1,0,1,29,45-54,M,Secundaria,1550,synthetic_user_1550@example.com,synthetic-uid-1550,1,0,0,0,0,0,0,0.05961434516248712,0
synthetic,52,launched,email,,6,Autoridad + Personalización,Notificación importante para usted,Plantilla combinada,0,1,0,1,29,45-54,M,Secundaria,1551,synthetic_user_1551@example.com,synthetic-uid-1551,1,0,0,0,0,0,0,0.05961434516248712,0
synthetic,52,launched,email,,6,Autoridad + Personalización,Notificación importante para usted,Plantilla combinada,0,1,0,1,29,45-54,M,Secundaria,1552,synthetic_user_1552@example.com,synthetic-uid-1552,1,0,0,0,0,0,0,0.05961434516248712,0
synthetic,52,launched,email,,6,Autoridad + Personalización,Notificación importante para usted,Plantilla combinada,0,1,0,1,29,45-54,M,Secundaria,1553,synthetic_user_1553@example.com,synthetic-uid-1553,1,0,0,0,0,0,0,0.05961434516248712,0
synthetic,52,launched,email,,6,Autoridad + Personalización,Notificación importante para usted,Plantilla combinada,0,1,0,1,29,45-54,M,Secundaria,1554,synthetic_user_1554@example.com,synthetic-uid-1554,1,1,0,0,1,0,0,0.05961434516248712,0
synthetic,52,launched,email,,6,Autoridad + Personalización,Notificación importante para usted,Plantilla combinada,0,1,0,1,29,45-54,M,Secundaria,1555,synthetic_user_1555@example.com,synthetic-uid-1555,1,0,0,0,0,0,0,0.05961434516248712,0
synthetic,52,launched,email,,6,Autoridad + Personalización,Notificación importante para usted,Plantilla combinada,0,1,0,1,29,45-54,M,Secundaria,1556,synthetic_user_1556@example.com,synthetic-uid-1556,1,1,0,0,1,0,0,0.05961434516248712,0
synthetic,52,launched,email,,6,Autoridad + Personalización,Notificación importante para usted,Plantilla combinada,0,1,0,1,29,45-54,M,Secundaria,1557,synthetic_user_1557@example.com,synthetic-uid-1557,1,0,0,0,0,0,0,0.05961434516248712,0
synthetic,52,launched,email,,6,Autoridad + Personalización,Notificación importante para usted,Plantilla combinada,0,1,0,1,29,45-54,M,Secundaria,1558,synthetic_user_1558@example.com,synthetic-uid-1558,1,0,0,0,0,0,0,0.05961434516248712,0
synthetic,52,launched,email,,6,Autoridad + Personalización,Notificación importante para usted,Plantilla combinada,0,1,0,1,29,45-54,M,Secundaria,1559,synthetic_user_1559@example.com,synthetic-uid-1559,1,0,0,0,0,0,0,0.05961434516248712,0
synthetic,52,launched,email,,6,Autoridad + Personalización,Notificación importante para usted,Plantilla combinada,0,1,0,1,29,45-54,M,Secundaria,1560,synthetic_user_1560@example.com,synthetic-uid-1560,1,0,0,0,0,0,0,0.05961434516248712,0
synthetic,53,launched,email,,6,Autoridad + Personalización,Notificación importante para usted,Plantilla combinada,0,1,0,1,27,45-54,F,Universitaria,1561,synthetic_user_1561@example.com,synthetic-uid-1561,1,1,0,0,1,0,0,0.05815911250986243,0
synthetic,53,launched,email,,6,Autoridad + Personalización,Notificación importante para usted,Plantilla combinada,0,1,0,1,27,45-54,F,Universitaria,1562,synthetic_user_1562@example.com,synthetic-uid-1562,1,0,0,0,0,0,0,0.05815911250986243,0
synthetic,53,launched,email,,6,Autoridad + Personalización,Notificación importante para usted,Plantilla combinada,0,1,0,1,27,45-54,F,Universitaria,1563,synthetic_user_1563@example.com,synthetic-uid-1563,1,1,0,0,1,0,0,0.05815911250986243,0
synthetic,53,launched,email,,6,Autoridad + Personalización,Notificación importante para usted,Plantilla combinada,0,1,0,1,27,45-54,F,Universitaria,1564,synthetic_user_1564@example.com,synthetic-uid-1564,1,0,0,0,0,0,0,0.05815911250986243,0
synthetic,53,launched,email,,6,Autoridad + Personalización,Notificación importante para usted,Plantilla combinada,0,1,0,1,27,45-54,F,Universitaria,1565,synthetic_user_1565@example.com,synthetic-uid-1565,1,0,0,0,0,0,0,0.05815911250986243,0
synthetic,53,launched,email,,6,Autoridad + Personalización,Notificación importante para usted,Plantilla combinada,0,1,0,1,27,45-54,F,Universitaria,1566,synthetic_user_1566@example.com,synthetic-uid-1566,1,1,0,0,1,0,0,0.05815911250986243,0
synthetic,53,launched,email,,6,Autoridad + Personalización,Notificación importante para usted,Plantilla combinada,0,1,0,1,27,45-54,F,Universitaria,1567,synthetic_user_1567@example.com,synthetic-uid-1567,1,1,0,0,1,0,0,0.05815911250986243,0
synthetic,53,launched,email,,6,Autoridad + Personalización,Notificación importante para usted,Plantilla combinada,0,1,0,1,27,45-54,F,Universitaria,1568,synthetic_user_1568@example.com,synthetic-uid-1568,1,1,0,0,1,0,0,0.05815911250986243,0
synthetic,53,launched,email,,6,Autoridad + Personalización,Notificación importante para usted,Plantilla combinada,0,1,0,1,27,45-54,F,Universitaria,1569,synthetic_user_1569@example.com,synthetic-uid-1569,1,0,0,0,0,0,0,0.05815911250986243,0
synthetic,53,launched,email,,6,Autoridad + Personalización,Notificación importante para usted,Plantilla combinada,0,1,0,1,27,45-54,F,Universitaria,1570,synthetic_user_1570@example.com,synthetic-uid-1570,1,0,0,0,0,0,0,0.05815911250986243,0
synthetic,53,launched,email,,6,Autoridad + Personalización,Notificación importante para usted,Plantilla combinada,0,1,0,1,27,45-54,F,Universitaria,1571,synthetic_user_1571@example.com,synthetic-uid-1571,1,0,0,0,0,0,0,0.05815911250986243,0
synthetic,53,launched,email,,6,Autoridad + Personalización,Notificación importante para usted,Plantilla combinada,0,1,0,1,27,45-54,F,Universitaria,1572,synthetic_user_1572@example.com,synthetic-uid-1572,1,0,0,0,0,0,0,0.05815911250986243,0
synthetic,53,launched,email,,6,Autoridad + Personalización,Notificación importante para usted,Plantilla combinada,0,1,0,1,27,45-54,F,Universitaria,1573,synthetic_user_1573@example.com,synthetic-uid-1573,1,0,0,0,0,0,0,0.05815911250986243,0
synthetic,53,launched,email,,6,Autoridad + Personalización,Notificación importante para usted,Plantilla combinada,0,1,0,1,27,45-54,F,Universitaria,1574,synthetic_user_1574@example.com,synthetic-uid-1574,1,0,0,0,0,0,0,0.05815911250986243,0
synthetic,53,launched,email,,6,Autoridad + Personalización,Notificación importante para usted,Plantilla combinada,0,1,0,1,27,45-54,F,Universitaria,1575,synthetic_user_1575@example.com,synthetic-uid-1575,1,0,0,0,0,0,0,0.05815911250986243,0
synthetic,53,launched,email,,6,Autoridad + Personalización,Notificación importante para usted,Plantilla combinada,0,1,0,1,27,45-54,F,Universitaria,1576,synthetic_user_1576@example.com,synthetic-uid-1576,1,0,0,0,0,0,0,0.05815911250986243,0
synthetic,53,launched,email,,6,Autoridad + Personalización,Notificación importante para usted,Plantilla combinada,0,1,0,1,27,45-54,F,Universitaria,1577,synthetic_user_1577@example.com,synthetic-uid-1577,1,0,0,0,0,0,0,0.05815911250986243,0
synthetic,53,launched,email,,6,Autoridad + Personalización,Notificación importante para usted,Plantilla combinada,0,1,0,1,27,45-54,F,Universitaria,1578,synthetic_user_1578@example.com,synthetic-uid-1578,1,1,0,0,1,0,0,0.05815911250986243,0
synthetic,53,launched,email,,6,Autoridad + Personalización,Notificación importante para usted,Plantilla combinada,0,1,0,1,27,45-54,F,Universitaria,1579,synthetic_user_1579@example.com,synthetic-uid-1579,1,1,0,0,1,0,0,0.05815911250986243,0
synthetic,53,launched,email,,6,Autoridad + Personalización,Notificación importante para usted,Plantilla combinada,0,1,0,1,27,45-54,F,Universitaria,1580,synthetic_user_1580@example.com,synthetic-uid-1580,1,0,0,0,0,0,0,0.05815911250986243,0
synthetic,53,launched,email,,6,Autoridad + Personalización,Notificación importante para usted,Plantilla combinada,0,1,0,1,27,45-54,F,Universitaria,1581,synthetic_user_1581@example.com,synthetic-uid-1581,1,0,0,0,0,0,0,0.05815911250986243,0
synthetic,53,launched,email,,6,Autoridad + Personalización,Notificación importante para usted,Plantilla combinada,0,1,0,1,27,45-54,F,Universitaria,1582,synthetic_user_1582@example.com,synthetic-uid-1582,1,0,0,0,0,0,0,0.05815911250986243,0
synthetic,53,launched,email,,6,Autoridad + Personalización,Notificación importante para usted,Plantilla combinada,0,1,0,1,27,45-54,F,Universitaria,1583,synthetic_user_1583@example.com,synthetic-uid-1583,1,0,0,0,0,0,0,0.05815911250986243,0
synthetic,53,launched,email,,6,Autoridad + Personalización,Notificación importante para usted,Plantilla combinada,0,1,0,1,27,45-54,F,Universitaria,1584,synthetic_user_1584@example.com,synthetic-uid-1584,1,1,0,0,1,0,0,0.05815911250986243,0
synthetic,53,launched,email,,6,Autoridad + Personalización,Notificación importante para usted,Plantilla combinada,0,1,0,1,27,45-54,F,Universitaria,1585,synthetic_user_1585@example.com,synthetic-uid-1585,1,1,1,0,1,1,0,0.05815911250986243,0
synthetic,53,launched,email,,6,Autoridad + Personalización,Notificación importante para usted,Plantilla combinada,0,1,0,1,27,45-54,F,Universitaria,1586,synthetic_user_1586@example.com,synthetic-uid-1586,1,1,0,0,1,0,0,0.05815911250986243,0
synthetic,53,launched,email,,6,Autoridad + Personalización,Notificación importante para usted,Plantilla combinada,0,1,0,1,27,45-54,F,Universitaria,1587,synthetic_user_1587@example.com,synthetic-uid-1587,1,1,1,0,1,1,0,0.05815911250986243,0
synthetic,53,launched,email,,6,Autoridad + Personalización,Notificación importante para usted,Plantilla combinada,0,1,0,1,27,45-54,F,Universitaria,1588,synthetic_user_1588@example.com,synthetic-uid-1588,1,1,0,0,1,0,0,0.05815911250986243,0
synthetic,53,launched,email,,6,Autoridad + Personalización,Notificación importante para usted,Plantilla combinada,0,1,0,1,27,45-54,F,Universitaria,1589,synthetic_user_1589@example.com,synthetic-uid-1589,1,1,0,0,1,0,0,0.05815911250986243,0
synthetic,53,launched,email,,6,Autoridad + Personalización,Notificación importante para usted,Plantilla combinada,0,1,0,1,27,45-54,F,Universitaria,1590,synthetic_user_1590@example.com,synthetic-uid-1590,1,0,0,0,0,0,0,0.05815911250986243,0
synthetic,54,launched,email,,6,Autoridad + Personalización,Notificación importante para usted,Plantilla combinada,0,1,0,1,31,45-54,M,Universitaria,1591,synthetic_user_1591@example.com,synthetic-uid-1591,1,0,0,0,0,0,0,0.04538133496141686,0
synthetic,54,launched,email,,6,Autoridad + Personalización,Notificación importante para usted,Plantilla combinada,0,1,0,1,31,45-54,M,Universitaria,1592,synthetic_user_1592@example.com,synthetic-uid-1592,1,1,0,0,1,0,0,0.04538133496141686,0
synthetic,54,launched,email,,6,Autoridad + Personalización,Notificación importante para usted,Plantilla combinada,0,1,0,1,31,45-54,M,Universitaria,1593,synthetic_user_1593@example.com,synthetic-uid-1593,1,0,0,0,0,0,0,0.04538133496141686,0
synthetic,54,launched,email,,6,Autoridad + Personalización,Notificación importante para usted,Plantilla combinada,0,1,0,1,31,45-54,M,Universitaria,1594,synthetic_user_1594@example.com,synthetic-uid-1594,1,1,0,0,1,0,0,0.04538133496141686,0
synthetic,54,launched,email,,6,Autoridad + Personalización,Notificación importante para usted,Plantilla combinada,0,1,0,1,31,45-54,M,Universitaria,1595,synthetic_user_1595@example.com,synthetic-uid-1595,1,0,0,0,0,0,0,0.04538133496141686,0
synthetic,54,launched,email,,6,Autoridad + Personalización,Notificación importante para usted,Plantilla combinada,0,1,0,1,31,45-54,M,Universitaria,1596,synthetic_user_1596@example.com,synthetic-uid-1596,1,1,0,0,1,0,0,0.04538133496141686,0
synthetic,54,launched,email,,6,Autoridad + Personalización,Notificación importante para usted,Plantilla combinada,0,1,0,1,31,45-54,M,Universitaria,1597,synthetic_user_1597@example.com,synthetic-uid-1597,1,0,0,0,0,0,0,0.04538133496141686,0
synthetic,54,launched,email,,6,Autoridad + Personalización,Notificación importante para usted,Plantilla combinada,0,1,0,1,31,45-54,M,Universitaria,1598,synthetic_user_1598@example.com,synthetic-uid-1598,1,0,0,0,0,0,0,0.04538133496141686,0
synthetic,54,launched,email,,6,Autoridad + Personalización,Notificación importante para usted,Plantilla combinada,0,1,0,1,31,45-54,M,Universitaria,1599,synthetic_user_1599@example.com,synthetic-uid-1599,1,0,0,0,0,0,0,0.04538133496141686,0
synthetic,54,launched,email,,6,Autoridad + Personalización,Notificación importante para usted,Plantilla combinada,0,1,0,1,31,45-54,M,Universitaria,1600,synthetic_user_1600@example.com,synthetic-uid-1600,1,1,0,0,1,0,0,0.04538133496141686,0
synthetic,54,launched,email,,6,Autoridad + Personalización,Notificación importante para usted,Plantilla combinada,0,1,0,1,31,45-54,M,Universitaria,1601,synthetic_user_1601@example.com,synthetic-uid-1601,1,0,0,0,0,0,0,0.04538133496141686,0
synthetic,54,launched,email,,6,Autoridad + Personalización,Notificación importante para usted,Plantilla combinada,0,1,0,1,31,45-54,M,Universitaria,1602,synthetic_user_1602@example.com,synthetic-uid-1602,1,1,0,0,1,0,0,0.04538133496141686,0
synthetic,54,launched,email,,6,Autoridad + Personalización,Notificación importante para usted,Plantilla combinada,0,1,0,1,31,45-54,M,Universitaria,1603,synthetic_user_1603@example.com,synthetic-uid-1603,1,1,0,0,1,0,0,0.04538133496141686,0
synthetic,54,launched,email,,6,Autoridad + Personalización,Notificación importante para usted,Plantilla combinada,0,1,0,1,31,45-54,M,Universitaria,1604,synthetic_user_1604@example.com,synthetic-uid-1604,1,0,0,0,0,0,0,0.04538133496141686,0
synthetic,54,launched,email,,6,Autoridad + Personalización,Notificación importante para usted,Plantilla combinada,0,1,0,1,31,45-54,M,Universitaria,1605,synthetic_user_1605@example.com,synthetic-uid-1605,1,1,0,0,1,0,0,0.04538133496141686,0
synthetic,54,launched,email,,6,Autoridad + Personalización,Notificación importante para usted,Plantilla combinada,0,1,0,1,31,45-54,M,Universitaria,1606,synthetic_user_1606@example.com,synthetic-uid-1606,1,0,0,0,0,0,0,0.04538133496141686,0
synthetic,54,launched,email,,6,Autoridad + Personalización,Notificación importante para usted,Plantilla combinada,0,1,0,1,31,45-54,M,Universitaria,1607,synthetic_user_1607@example.com,synthetic-uid-1607,1,1,0,0,1,0,0,0.04538133496141686,0
synthetic,54,launched,email,,6,Autoridad + Personalización,Notificación importante para usted,Plantilla combinada,0,1,0,1,31,45-54,M,Universitaria,1608,synthetic_user_1608@example.com,synthetic-uid-1608,1,1,0,0,1,0,0,0.04538133496141686,0
synthetic,54,launched,email,,6,Autoridad + Personalización,Notificación importante para usted,Plantilla combinada,0,1,0,1,31,45-54,M,Universitaria,1609,synthetic_user_1609@example.com,synthetic-uid-1609,1,1,0,0,1,0,0,0.04538133496141686,0
synthetic,54,launched,email,,6,Autoridad + Personalización,Notificación importante para usted,Plantilla combinada,0,1,0,1,31,45-54,M,Universitaria,1610,synthetic_user_1610@example.com,synthetic-uid-1610,1,0,0,0,0,0,0,0.04538133496141686,0
synthetic,54,launched,email,,6,Autoridad + Personalización,Notificación importante para usted,Plantilla combinada,0,1,0,1,31,45-54,M,Universitaria,1611,synthetic_user_1611@example.com,synthetic-uid-1611,1,1,0,0,1,0,0,0.04538133496141686,0
synthetic,54,launched,email,,6,Autoridad + Personalización,Notificación importante para usted,Plantilla combinada,0,1,0,1,31,45-54,M,Universitaria,1612,synthetic_user_1612@example.com,synthetic-uid-1612,1,0,0,0,0,0,0,0.04538133496141686,0
synthetic,54,launched,email,,6,Autoridad + Personalización,Notificación importante para usted,Plantilla combinada,0,1,0,1,31,45-54,M,Universitaria,1613,synthetic_user_1613@example.com,synthetic-uid-1613,1,0,0,0,0,0,0,0.04538133496141686,0
synthetic,54,launched,email,,6,Autoridad + Personalización,Notificación importante para usted,Plantilla combinada,0,1,0,1,31,45-54,M,Universitaria,1614,synthetic_user_1614@example.com,synthetic-uid-1614,1,0,0,0,0,0,0,0.04538133496141686,0
synthetic,54,launched,email,,6,Autoridad + Personalización,Notificación importante para usted,Plantilla combinada,0,1,0,1,31,45-54,M,Universitaria,1615,synthetic_user_1615@example.com,synthetic-uid-1615,1,0,0,0,0,0,0,0.04538133496141686,0
synthetic,54,launched,email,,6,Autoridad + Personalización,Notificación importante para usted,Plantilla combinada,0,1,0,1,31,45-54,M,Universitaria,1616,synthetic_user_1616@example.com,synthetic-uid-1616,1,1,0,0,1,0,0,0.04538133496141686,0
synthetic,54,launched,email,,6,Autoridad + Personalización,Notificación importante para usted,Plantilla combinada,0,1,0,1,31,45-54,M,Universitaria,1617,synthetic_user_1617@example.com,synthetic-uid-1617,1,0,0,0,0,0,0,0.04538133496141686,0
synthetic,54,launched,email,,6,Autoridad + Personalización,Notificación importante para usted,Plantilla combinada,0,1,0,1,31,45-54,M,Universitaria,1618,synthetic_user_1618@example.com,synthetic-uid-1618,1,0,0,0,0,0,0,0.04538133496141686,0
synthetic,54,launched,email,,6,Autoridad + Personalización,Notificación importante para usted,Plantilla combinada,0,1,0,1,31,45-54,M,Universitaria,1619,synthetic_user_1619@example.com,synthetic-uid-1619,1,0,0,0,0,0,0,0.04538133496141686,0
synthetic,54,launched,email,,6,Autoridad + Personalización,Notificación importante para usted,Plantilla combinada,0,1,0,1,31,45-54,M,Universitaria,1620,synthetic_user_1620@example.com,synthetic-uid-1620,1,0,0,0,0,0,0,0.04538133496141686,0
synthetic,55,launched,email,,6,Autoridad + Personalización,Notificación importante para usted,Plantilla combinada,0,1,0,1,34,55+,F,Tecnica,1621,synthetic_user_1621@example.com,synthetic-uid-1621,1,0,0,0,0,0,0,0.044645040674910194,0
synthetic,55,launched,email,,6,Autoridad + Personalización,Notificación importante para usted,Plantilla combinada,0,1,0,1,34,55+,F,Tecnica,1622,synthetic_user_1622@example.com,synthetic-uid-1622,1,1,0,0,1,0,0,0.044645040674910194,0
synthetic,55,launched,email,,6,Autoridad + Personalización,Notificación importante para usted,Plantilla combinada,0,1,0,1,34,55+,F,Tecnica,1623,synthetic_user_1623@example.com,synthetic-uid-1623,1,0,0,0,0,0,0,0.044645040674910194,0
synthetic,55,launched,email,,6,Autoridad + Personalización,Notificación importante para usted,Plantilla combinada,0,1,0,1,34,55+,F,Tecnica,1624,synthetic_user_1624@example.com,synthetic-uid-1624,1,0,0,0,0,0,0,0.044645040674910194,0
synthetic,55,launched,email,,6,Autoridad + Personalización,Notificación importante para usted,Plantilla combinada,0,1,0,1,34,55+,F,Tecnica,1625,synthetic_user_1625@example.com,synthetic-uid-1625,1,1,0,0,1,0,0,0.044645040674910194,0
synthetic,55,launched,email,,6,Autoridad + Personalización,Notificación importante para usted,Plantilla combinada,0,1,0,1,34,55+,F,Tecnica,1626,synthetic_user_1626@example.com,synthetic-uid-1626,1,0,0,0,0,0,0,0.044645040674910194,0
synthetic,55,launched,email,,6,Autoridad + Personalización,Notificación importante para usted,Plantilla combinada,0,1,0,1,34,55+,F,Tecnica,1627,synthetic_user_1627@example.com,synthetic-uid-1627,1,1,0,0,1,0,0,0.044645040674910194,0
synthetic,55,launched,email,,6,Autoridad + Personalización,Notificación importante para usted,Plantilla combinada,0,1,0,1,34,55+,F,Tecnica,1628,synthetic_user_1628@example.com,synthetic-uid-1628,1,0,0,0,0,0,0,0.044645040674910194,0
synthetic,55,launched,email,,6,Autoridad + Personalización,Notificación importante para usted,Plantilla combinada,0,1,0,1,34,55+,F,Tecnica,1629,synthetic_user_1629@example.com,synthetic-uid-1629,1,1,0,0,1,0,0,0.044645040674910194,0
synthetic,55,launched,email,,6,Autoridad + Personalización,Notificación importante para usted,Plantilla combinada,0,1,0,1,34,55+,F,Tecnica,1630,synthetic_user_1630@example.com,synthetic-uid-1630,1,1,0,0,1,0,0,0.044645040674910194,0
synthetic,55,launched,email,,6,Autoridad + Personalización,Notificación importante para usted,Plantilla combinada,0,1,0,1,34,55+,F,Tecnica,1631,synthetic_user_1631@example.com,synthetic-uid-1631,1,1,0,0,1,0,0,0.044645040674910194,0
synthetic,55,launched,email,,6,Autoridad + Personalización,Notificación importante para usted,Plantilla combinada,0,1,0,1,34,55+,F,Tecnica,1632,synthetic_user_1632@example.com,synthetic-uid-1632,1,0,0,0,0,0,0,0.044645040674910194,0
synthetic,55,launched,email,,6,Autoridad + Personalización,Notificación importante para usted,Plantilla combinada,0,1,0,1,34,55+,F,Tecnica,1633,synthetic_user_1633@example.com,synthetic-uid-1633,1,0,0,0,0,0,0,0.044645040674910194,0
synthetic,55,launched,email,,6,Autoridad + Personalización,Notificación importante para usted,Plantilla combinada,0,1,0,1,34,55+,F,Tecnica,1634,synthetic_user_1634@example.com,synthetic-uid-1634,1,1,0,0,1,0,0,0.044645040674910194,0
synthetic,55,launched,email,,6,Autoridad + Personalización,Notificación importante para usted,Plantilla combinada,0,1,0,1,34,55+,F,Tecnica,1635,synthetic_user_1635@example.com,synthetic-uid-1635,1,0,0,0,0,0,0,0.044645040674910194,0
synthetic,55,launched,email,,6,Autoridad + Personalización,Notificación importante para usted,Plantilla combinada,0,1,0,1,34,55+,F,Tecnica,1636,synthetic_user_1636@example.com,synthetic-uid-1636,1,0,0,0,0,0,0,0.044645040674910194,0
synthetic,55,launched,email,,6,Autoridad + Personalización,Notificación importante para usted,Plantilla combinada,0,1,0,1,34,55+,F,Tecnica,1637,synthetic_user_1637@example.com,synthetic-uid-1637,1,0,0,0,0,0,0,0.044645040674910194,0
synthetic,55,launched,email,,6,Autoridad + Personalización,Notificación importante para usted,Plantilla combinada,0,1,0,1,34,55+,F,Tecnica,1638,synthetic_user_1638@example.com,synthetic-uid-1638,1,0,0,0,0,0,0,0.044645040674910194,0
synthetic,55,launched,email,,6,Autoridad + Personalización,Notificación importante para usted,Plantilla combinada,0,1,0,1,34,55+,F,Tecnica,1639,synthetic_user_1639@example.com,synthetic-uid-1639,1,0,0,0,0,0,0,0.044645040674910194,0
synthetic,55,launched,email,,6,Autoridad + Personalización,Notificación importante para usted,Plantilla combinada,0,1,0,1,34,55+,F,Tecnica,1640,synthetic_user_1640@example.com,synthetic-uid-1640,1,0,0,0,0,0,0,0.044645040674910194,0
synthetic,55,launched,email,,6,Autoridad + Personalización,Notificación importante para usted,Plantilla combinada,0,1,0,1,34,55+,F,Tecnica,1641,synthetic_user_1641@example.com,synthetic-uid-1641,1,0,0,0,0,0,0,0.044645040674910194,0
synthetic,55,launched,email,,6,Autoridad + Personalización,Notificación importante para usted,Plantilla combinada,0,1,0,1,34,55+,F,Tecnica,1642,synthetic_user_1642@example.com,synthetic-uid-1642,1,0,0,0,0,0,0,0.044645040674910194,0
synthetic,55,launched,email,,6,Autoridad + Personalización,Notificación importante para usted,Plantilla combinada,0,1,0,1,34,55+,F,Tecnica,1643,synthetic_user_1643@example.com,synthetic-uid-1643,1,1,0,0,1,0,0,0.044645040674910194,0
synthetic,55,launched,email,,6,Autoridad + Personalización,Notificación importante para usted,Plantilla combinada,0,1,0,1,34,55+,F,Tecnica,1644,synthetic_user_1644@example.com,synthetic-uid-1644,1,0,0,0,0,0,0,0.044645040674910194,0
synthetic,55,launched,email,,6,Autoridad + Personalización,Notificación importante para usted,Plantilla combinada,0,1,0,1,34,55+,F,Tecnica,1645,synthetic_user_1645@example.com,synthetic-uid-1645,1,1,0,0,1,0,0,0.044645040674910194,0
synthetic,55,launched,email,,6,Autoridad + Personalización,Notificación importante para usted,Plantilla combinada,0,1,0,1,34,55+,F,Tecnica,1646,synthetic_user_1646@example.com,synthetic-uid-1646,1,1,0,0,1,0,0,0.044645040674910194,0
synthetic,55,launched,email,,6,Autoridad + Personalización,Notificación importante para usted,Plantilla combinada,0,1,0,1,34,55+,F,Tecnica,1647,synthetic_user_1647@example.com,synthetic-uid-1647,1,0,0,0,0,0,0,0.044645040674910194,0
synthetic,55,launched,email,,6,Autoridad + Personalización,Notificación importante para usted,Plantilla combinada,0,1,0,1,34,55+,F,Tecnica,1648,synthetic_user_1648@example.com,synthetic-uid-1648,1,0,0,0,0,0,0,0.044645040674910194,0
synthetic,55,launched,email,,6,Autoridad + Personalización,Notificación importante para usted,Plantilla combinada,0,1,0,1,34,55+,F,Tecnica,1649,synthetic_user_1649@example.com,synthetic-uid-1649,1,0,0,0,0,0,0,0.044645040674910194,0
synthetic,55,launched,email,,6,Autoridad + Personalización,Notificación importante para usted,Plantilla combinada,0,1,0,1,34,55+,F,Tecnica,1650,synthetic_user_1650@example.com,synthetic-uid-1650,1,1,0,0,1,0,0,0.044645040674910194,0
synthetic,56,launched,email,,6,Autoridad + Personalización,Notificación importante para usted,Plantilla combinada,0,1,0,1,29,45-54,M,Secundaria,1651,synthetic_user_1651@example.com,synthetic-uid-1651,1,0,0,0,0,0,0,0.05961434516248712,0
synthetic,56,launched,email,,6,Autoridad + Personalización,Notificación importante para usted,Plantilla combinada,0,1,0,1,29,45-54,M,Secundaria,1652,synthetic_user_1652@example.com,synthetic-uid-1652,1,1,0,0,1,0,0,0.05961434516248712,0
synthetic,56,launched,email,,6,Autoridad + Personalización,Notificación importante para usted,Plantilla combinada,0,1,0,1,29,45-54,M,Secundaria,1653,synthetic_user_1653@example.com,synthetic-uid-1653,1,0,0,0,0,0,0,0.05961434516248712,0
synthetic,56,launched,email,,6,Autoridad + Personalización,Notificación importante para usted,Plantilla combinada,0,1,0,1,29,45-54,M,Secundaria,1654,synthetic_user_1654@example.com,synthetic-uid-1654,1,0,0,0,0,0,0,0.05961434516248712,0
synthetic,56,launched,email,,6,Autoridad + Personalización,Notificación importante para usted,Plantilla combinada,0,1,0,1,29,45-54,M,Secundaria,1655,synthetic_user_1655@example.com,synthetic-uid-1655,1,0,0,0,0,0,0,0.05961434516248712,0
synthetic,56,launched,email,,6,Autoridad + Personalización,Notificación importante para usted,Plantilla combinada,0,1,0,1,29,45-54,M,Secundaria,1656,synthetic_user_1656@example.com,synthetic-uid-1656,1,1,0,0,1,0,0,0.05961434516248712,0
synthetic,56,launched,email,,6,Autoridad + Personalización,Notificación importante para usted,Plantilla combinada,0,1,0,1,29,45-54,M,Secundaria,1657,synthetic_user_1657@example.com,synthetic-uid-1657,1,0,0,0,0,0,0,0.05961434516248712,0
synthetic,56,launched,email,,6,Autoridad + Personalización,Notificación importante para usted,Plantilla combinada,0,1,0,1,29,45-54,M,Secundaria,1658,synthetic_user_1658@example.com,synthetic-uid-1658,1,0,0,0,0,0,0,0.05961434516248712,0
synthetic,56,launched,email,,6,Autoridad + Personalización,Notificación importante para usted,Plantilla combinada,0,1,0,1,29,45-54,M,Secundaria,1659,synthetic_user_1659@example.com,synthetic-uid-1659,1,1,1,0,1,1,0,0.05961434516248712,0
synthetic,56,launched,email,,6,Autoridad + Personalización,Notificación importante para usted,Plantilla combinada,0,1,0,1,29,45-54,M,Secundaria,1660,synthetic_user_1660@example.com,synthetic-uid-1660,1,0,0,0,0,0,0,0.05961434516248712,0
synthetic,56,launched,email,,6,Autoridad + Personalización,Notificación importante para usted,Plantilla combinada,0,1,0,1,29,45-54,M,Secundaria,1661,synthetic_user_1661@example.com,synthetic-uid-1661,1,0,0,0,0,0,0,0.05961434516248712,0
synthetic,56,launched,email,,6,Autoridad + Personalización,Notificación importante para usted,Plantilla combinada,0,1,0,1,29,45-54,M,Secundaria,1662,synthetic_user_1662@example.com,synthetic-uid-1662,1,0,0,0,0,0,0,0.05961434516248712,0
synthetic,56,launched,email,,6,Autoridad + Personalización,Notificación importante para usted,Plantilla combinada,0,1,0,1,29,45-54,M,Secundaria,1663,synthetic_user_1663@example.com,synthetic-uid-1663,1,1,1,0,1,1,0,0.05961434516248712,0
synthetic,56,launched,email,,6,Autoridad + Personalización,Notificación importante para usted,Plantilla combinada,0,1,0,1,29,45-54,M,Secundaria,1664,synthetic_user_1664@example.com,synthetic-uid-1664,1,1,0,0,1,0,0,0.05961434516248712,0
synthetic,56,launched,email,,6,Autoridad + Personalización,Notificación importante para usted,Plantilla combinada,0,1,0,1,29,45-54,M,Secundaria,1665,synthetic_user_1665@example.com,synthetic-uid-1665,1,0,0,0,0,0,0,0.05961434516248712,0
synthetic,56,launched,email,,6,Autoridad + Personalización,Notificación importante para usted,Plantilla combinada,0,1,0,1,29,45-54,M,Secundaria,1666,synthetic_user_1666@example.com,synthetic-uid-1666,1,1,1,0,1,1,0,0.05961434516248712,0
synthetic,56,launched,email,,6,Autoridad + Personalización,Notificación importante para usted,Plantilla combinada,0,1,0,1,29,45-54,M,Secundaria,1667,synthetic_user_1667@example.com,synthetic-uid-1667,1,1,0,0,1,0,0,0.05961434516248712,0
synthetic,56,launched,email,,6,Autoridad + Personalización,Notificación importante para usted,Plantilla combinada,0,1,0,1,29,45-54,M,Secundaria,1668,synthetic_user_1668@example.com,synthetic-uid-1668,1,0,0,0,0,0,0,0.05961434516248712,0
synthetic,56,launched,email,,6,Autoridad + Personalización,Notificación importante para usted,Plantilla combinada,0,1,0,1,29,45-54,M,Secundaria,1669,synthetic_user_1669@example.com,synthetic-uid-1669,1,0,0,0,0,0,0,0.05961434516248712,0
synthetic,56,launched,email,,6,Autoridad + Personalización,Notificación importante para usted,Plantilla combinada,0,1,0,1,29,45-54,M,Secundaria,1670,synthetic_user_1670@example.com,synthetic-uid-1670,1,1,0,0,1,0,0,0.05961434516248712,0
synthetic,56,launched,email,,6,Autoridad + Personalización,Notificación importante para usted,Plantilla combinada,0,1,0,1,29,45-54,M,Secundaria,1671,synthetic_user_1671@example.com,synthetic-uid-1671,1,1,0,0,1,0,0,0.05961434516248712,0
synthetic,56,launched,email,,6,Autoridad + Personalización,Notificación importante para usted,Plantilla combinada,0,1,0,1,29,45-54,M,Secundaria,1672,synthetic_user_1672@example.com,synthetic-uid-1672,1,1,0,0,1,0,0,0.05961434516248712,0
synthetic,56,launched,email,,6,Autoridad + Personalización,Notificación importante para usted,Plantilla combinada,0,1,0,1,29,45-54,M,Secundaria,1673,synthetic_user_1673@example.com,synthetic-uid-1673,1,1,0,0,1,0,0,0.05961434516248712,0
synthetic,56,launched,email,,6,Autoridad + Personalización,Notificación importante para usted,Plantilla combinada,0,1,0,1,29,45-54,M,Secundaria,1674,synthetic_user_1674@example.com,synthetic-uid-1674,1,1,0,0,1,0,0,0.05961434516248712,0
synthetic,56,launched,email,,6,Autoridad + Personalización,Notificación importante para usted,Plantilla combinada,0,1,0,1,29,45-54,M,Secundaria,1675,synthetic_user_1675@example.com,synthetic-uid-1675,1,0,0,0,0,0,0,0.05961434516248712,0
synthetic,56,launched,email,,6,Autoridad + Personalización,Notificación importante para usted,Plantilla combinada,0,1,0,1,29,45-54,M,Secundaria,1676,synthetic_user_1676@example.com,synthetic-uid-1676,1,0,0,0,0,0,0,0.05961434516248712,0
synthetic,56,launched,email,,6,Autoridad + Personalización,Notificación importante para usted,Plantilla combinada,0,1,0,1,29,45-54,M,Secundaria,1677,synthetic_user_1677@example.com,synthetic-uid-1677,1,0,0,0,0,0,0,0.05961434516248712,0
synthetic,56,launched,email,,6,Autoridad + Personalización,Notificación importante para usted,Plantilla combinada,0,1,0,1,29,45-54,M,Secundaria,1678,synthetic_user_1678@example.com,synthetic-uid-1678,1,1,0,0,1,0,0,0.05961434516248712,0
synthetic,56,launched,email,,6,Autoridad + Personalización,Notificación importante para usted,Plantilla combinada,0,1,0,1,29,45-54,M,Secundaria,1679,synthetic_user_1679@example.com,synthetic-uid-1679,1,1,0,0,1,0,0,0.05961434516248712,0
synthetic,56,launched,email,,6,Autoridad + Personalización,Notificación importante para usted,Plantilla combinada,0,1,0,1,29,45-54,M,Secundaria,1680,synthetic_user_1680@example.com,synthetic-uid-1680,1,0,0,0,0,0,0,0.05961434516248712,0
synthetic,57,launched,email,,6,Autoridad + Personalización,Notificación importante para usted,Plantilla combinada,0,1,0,1,5,18-24,M,Secundaria,1681,synthetic_user_1681@example.com,synthetic-uid-1681,1,1,1,0,1,1,0,0.034181476303795644,0
synthetic,57,launched,email,,6,Autoridad + Personalización,Notificación importante para usted,Plantilla combinada,0,1,0,1,5,18-24,M,Secundaria,1682,synthetic_user_1682@example.com,synthetic-uid-1682,1,1,0,0,1,0,0,0.034181476303795644,0
synthetic,57,launched,email,,6,Autoridad + Personalización,Notificación importante para usted,Plantilla combinada,0,1,0,1,5,18-24,M,Secundaria,1683,synthetic_user_1683@example.com,synthetic-uid-1683,1,1,0,0,1,0,0,0.034181476303795644,0
synthetic,57,launched,email,,6,Autoridad + Personalización,Notificación importante para usted,Plantilla combinada,0,1,0,1,5,18-24,M,Secundaria,1684,synthetic_user_1684@example.com,synthetic-uid-1684,1,0,0,0,0,0,0,0.034181476303795644,0
synthetic,57,launched,email,,6,Autoridad + Personalización,Notificación importante para usted,Plantilla combinada,0,1,0,1,5,18-24,M,Secundaria,1685,synthetic_user_1685@example.com,synthetic-uid-1685,1,0,0,0,0,0,0,0.034181476303795644,0
synthetic,57,launched,email,,6,Autoridad + Personalización,Notificación importante para usted,Plantilla combinada,0,1,0,1,5,18-24,M,Secundaria,1686,synthetic_user_1686@example.com,synthetic-uid-1686,1,0,0,0,0,0,0,0.034181476303795644,0
synthetic,57,launched,email,,6,Autoridad + Personalización,Notificación importante para usted,Plantilla combinada,0,1,0,1,5,18-24,M,Secundaria,1687,synthetic_user_1687@example.com,synthetic-uid-1687,1,0,0,0,0,0,0,0.034181476303795644,0
synthetic,57,launched,email,,6,Autoridad + Personalización,Notificación importante para usted,Plantilla combinada,0,1,0,1,5,18-24,M,Secundaria,1688,synthetic_user_1688@example.com,synthetic-uid-1688,1,1,1,0,1,1,0,0.034181476303795644,0
synthetic,57,launched,email,,6,Autoridad + Personalización,Notificación importante para usted,Plantilla combinada,0,1,0,1,5,18-24,M,Secundaria,1689,synthetic_user_1689@example.com,synthetic-uid-1689,1,1,0,0,1,0,0,0.034181476303795644,0
synthetic,57,launched,email,,6,Autoridad + Personalización,Notificación importante para usted,Plantilla combinada,0,1,0,1,5,18-24,M,Secundaria,1690,synthetic_user_1690@example.com,synthetic-uid-1690,1,1,0,0,1,0,0,0.034181476303795644,0
synthetic,57,launched,email,,6,Autoridad + Personalización,Notificación importante para usted,Plantilla combinada,0,1,0,1,5,18-24,M,Secundaria,1691,synthetic_user_1691@example.com,synthetic-uid-1691,1,1,0,0,1,0,0,0.034181476303795644,0
synthetic,57,launched,email,,6,Autoridad + Personalización,Notificación importante para usted,Plantilla combinada,0,1,0,1,5,18-24,M,Secundaria,1692,synthetic_user_1692@example.com,synthetic-uid-1692,1,0,0,0,0,0,0,0.034181476303795644,0
synthetic,57,launched,email,,6,Autoridad + Personalización,Notificación importante para usted,Plantilla combinada,0,1,0,1,5,18-24,M,Secundaria,1693,synthetic_user_1693@example.com,synthetic-uid-1693,1,0,0,0,0,0,0,0.034181476303795644,0
synthetic,57,launched,email,,6,Autoridad + Personalización,Notificación importante para usted,Plantilla combinada,0,1,0,1,5,18-24,M,Secundaria,1694,synthetic_user_1694@example.com,synthetic-uid-1694,1,0,0,0,0,0,0,0.034181476303795644,0
synthetic,57,launched,email,,6,Autoridad + Personalización,Notificación importante para usted,Plantilla combinada,0,1,0,1,5,18-24,M,Secundaria,1695,synthetic_user_1695@example.com,synthetic-uid-1695,1,1,0,0,1,0,0,0.034181476303795644,0
synthetic,57,launched,email,,6,Autoridad + Personalización,Notificación importante para usted,Plantilla combinada,0,1,0,1,5,18-24,M,Secundaria,1696,synthetic_user_1696@example.com,synthetic-uid-1696,1,0,0,0,0,0,0,0.034181476303795644,0
synthetic,57,launched,email,,6,Autoridad + Personalización,Notificación importante para usted,Plantilla combinada,0,1,0,1,5,18-24,M,Secundaria,1697,synthetic_user_1697@example.com,synthetic-uid-1697,1,0,0,0,0,0,0,0.034181476303795644,0
synthetic,57,launched,email,,6,Autoridad + Personalización,Notificación importante para usted,Plantilla combinada,0,1,0,1,5,18-24,M,Secundaria,1698,synthetic_user_1698@example.com,synthetic-uid-1698,1,1,0,0,1,0,0,0.034181476303795644,0
synthetic,57,launched,email,,6,Autoridad + Personalización,Notificación importante para usted,Plantilla combinada,0,1,0,1,5,18-24,M,Secundaria,1699,synthetic_user_1699@example.com,synthetic-uid-1699,1,1,0,0,1,0,0,0.034181476303795644,0
synthetic,57,launched,email,,6,Autoridad + Personalización,Notificación importante para usted,Plantilla combinada,0,1,0,1,5,18-24,M,Secundaria,1700,synthetic_user_1700@example.com,synthetic-uid-1700,1,0,0,0,0,0,0,0.034181476303795644,0
synthetic,57,launched,email,,6,Autoridad + Personalización,Notificación importante para usted,Plantilla combinada,0,1,0,1,5,18-24,M,Secundaria,1701,synthetic_user_1701@example.com,synthetic-uid-1701,1,0,0,0,0,0,0,0.034181476303795644,0
synthetic,57,launched,email,,6,Autoridad + Personalización,Notificación importante para usted,Plantilla combinada,0,1,0,1,5,18-24,M,Secundaria,1702,synthetic_user_1702@example.com,synthetic-uid-1702,1,0,0,0,0,0,0,0.034181476303795644,0
synthetic,57,launched,email,,6,Autoridad + Personalización,Notificación importante para usted,Plantilla combinada,0,1,0,1,5,18-24,M,Secundaria,1703,synthetic_user_1703@example.com,synthetic-uid-1703,1,1,1,0,1,1,0,0.034181476303795644,0
synthetic,57,launched,email,,6,Autoridad + Personalización,Notificación importante para usted,Plantilla combinada,0,1,0,1,5,18-24,M,Secundaria,1704,synthetic_user_1704@example.com,synthetic-uid-1704,1,0,0,0,0,0,0,0.034181476303795644,0
synthetic,57,launched,email,,6,Autoridad + Personalización,Notificación importante para usted,Plantilla combinada,0,1,0,1,5,18-24,M,Secundaria,1705,synthetic_user_1705@example.com,synthetic-uid-1705,1,1,0,0,1,0,0,0.034181476303795644,0
synthetic,57,launched,email,,6,Autoridad + Personalización,Notificación importante para usted,Plantilla combinada,0,1,0,1,5,18-24,M,Secundaria,1706,synthetic_user_1706@example.com,synthetic-uid-1706,1,1,0,0,1,0,0,0.034181476303795644,0
synthetic,57,launched,email,,6,Autoridad + Personalización,Notificación importante para usted,Plantilla combinada,0,1,0,1,5,18-24,M,Secundaria,1707,synthetic_user_1707@example.com,synthetic-uid-1707,1,1,0,0,1,0,0,0.034181476303795644,0
synthetic,57,launched,email,,6,Autoridad + Personalización,Notificación importante para usted,Plantilla combinada,0,1,0,1,5,18-24,M,Secundaria,1708,synthetic_user_1708@example.com,synthetic-uid-1708,1,1,0,0,1,0,0,0.034181476303795644,0
synthetic,57,launched,email,,6,Autoridad + Personalización,Notificación importante para usted,Plantilla combinada,0,1,0,1,5,18-24,M,Secundaria,1709,synthetic_user_1709@example.com,synthetic-uid-1709,1,0,0,0,0,0,0,0.034181476303795644,0
synthetic,57,launched,email,,6,Autoridad + Personalización,Notificación importante para usted,Plantilla combinada,0,1,0,1,5,18-24,M,Secundaria,1710,synthetic_user_1710@example.com,synthetic-uid-1710,1,1,0,0,1,0,0,0.034181476303795644,0
synthetic,58,launched,email,,6,Autoridad + Personalización,Notificación importante para usted,Plantilla combinada,0,1,0,1,5,18-24,M,Secundaria,1711,synthetic_user_1711@example.com,synthetic-uid-1711,1,0,0,0,0,0,0,0.034181476303795644,0
synthetic,58,launched,email,,6,Autoridad + Personalización,Notificación importante para usted,Plantilla combinada,0,1,0,1,5,18-24,M,Secundaria,1712,synthetic_user_1712@example.com,synthetic-uid-1712,1,0,0,0,0,0,0,0.034181476303795644,0
synthetic,58,launched,email,,6,Autoridad + Personalización,Notificación importante para usted,Plantilla combinada,0,1,0,1,5,18-24,M,Secundaria,1713,synthetic_user_1713@example.com,synthetic-uid-1713,1,1,0,0,1,0,0,0.034181476303795644,0
synthetic,58,launched,email,,6,Autoridad + Personalización,Notificación importante para usted,Plantilla combinada,0,1,0,1,5,18-24,M,Secundaria,1714,synthetic_user_1714@example.com,synthetic-uid-1714,1,0,0,0,0,0,0,0.034181476303795644,0
synthetic,58,launched,email,,6,Autoridad + Personalización,Notificación importante para usted,Plantilla combinada,0,1,0,1,5,18-24,M,Secundaria,1715,synthetic_user_1715@example.com,synthetic-uid-1715,1,1,0,0,1,0,0,0.034181476303795644,0
synthetic,58,launched,email,,6,Autoridad + Personalización,Notificación importante para usted,Plantilla combinada,0,1,0,1,5,18-24,M,Secundaria,1716,synthetic_user_1716@example.com,synthetic-uid-1716,1,0,0,0,0,0,0,0.034181476303795644,0
synthetic,58,launched,email,,6,Autoridad + Personalización,Notificación importante para usted,Plantilla combinada,0,1,0,1,5,18-24,M,Secundaria,1717,synthetic_user_1717@example.com,synthetic-uid-1717,1,0,0,0,0,0,0,0.034181476303795644,0
synthetic,58,launched,email,,6,Autoridad + Personalización,Notificación importante para usted,Plantilla combinada,0,1,0,1,5,18-24,M,Secundaria,1718,synthetic_user_1718@example.com,synthetic-uid-1718,1,1,0,0,1,0,0,0.034181476303795644,0
synthetic,58,launched,email,,6,Autoridad + Personalización,Notificación importante para usted,Plantilla combinada,0,1,0,1,5,18-24,M,Secundaria,1719,synthetic_user_1719@example.com,synthetic-uid-1719,1,0,0,0,0,0,0,0.034181476303795644,0
synthetic,58,launched,email,,6,Autoridad + Personalización,Notificación importante para usted,Plantilla combinada,0,1,0,1,5,18-24,M,Secundaria,1720,synthetic_user_1720@example.com,synthetic-uid-1720,1,1,0,0,1,0,0,0.034181476303795644,0
synthetic,58,launched,email,,6,Autoridad + Personalización,Notificación importante para usted,Plantilla combinada,0,1,0,1,5,18-24,M,Secundaria,1721,synthetic_user_1721@example.com,synthetic-uid-1721,1,0,0,0,0,0,0,0.034181476303795644,0
synthetic,58,launched,email,,6,Autoridad + Personalización,Notificación importante para usted,Plantilla combinada,0,1,0,1,5,18-24,M,Secundaria,1722,synthetic_user_1722@example.com,synthetic-uid-1722,1,0,0,0,0,0,0,0.034181476303795644,0
synthetic,58,launched,email,,6,Autoridad + Personalización,Notificación importante para usted,Plantilla combinada,0,1,0,1,5,18-24,M,Secundaria,1723,synthetic_user_1723@example.com,synthetic-uid-1723,1,0,0,0,0,0,0,0.034181476303795644,0
synthetic,58,launched,email,,6,Autoridad + Personalización,Notificación importante para usted,Plantilla combinada,0,1,0,1,5,18-24,M,Secundaria,1724,synthetic_user_1724@example.com,synthetic-uid-1724,1,0,0,0,0,0,0,0.034181476303795644,0
synthetic,58,launched,email,,6,Autoridad + Personalización,Notificación importante para usted,Plantilla combinada,0,1,0,1,5,18-24,M,Secundaria,1725,synthetic_user_1725@example.com,synthetic-uid-1725,1,1,0,0,1,0,0,0.034181476303795644,0
synthetic,58,launched,email,,6,Autoridad + Personalización,Notificación importante para usted,Plantilla combinada,0,1,0,1,5,18-24,M,Secundaria,1726,synthetic_user_1726@example.com,synthetic-uid-1726,1,0,0,0,0,0,0,0.034181476303795644,0
synthetic,58,launched,email,,6,Autoridad + Personalización,Notificación importante para usted,Plantilla combinada,0,1,0,1,5,18-24,M,Secundaria,1727,synthetic_user_1727@example.com,synthetic-uid-1727,1,0,0,0,0,0,0,0.034181476303795644,0
synthetic,58,launched,email,,6,Autoridad + Personalización,Notificación importante para usted,Plantilla combinada,0,1,0,1,5,18-24,M,Secundaria,1728,synthetic_user_1728@example.com,synthetic-uid-1728,1,1,0,0,1,0,0,0.034181476303795644,0
synthetic,58,launched,email,,6,Autoridad + Personalización,Notificación importante para usted,Plantilla combinada,0,1,0,1,5,18-24,M,Secundaria,1729,synthetic_user_1729@example.com,synthetic-uid-1729,1,0,0,0,0,0,0,0.034181476303795644,0
synthetic,58,launched,email,,6,Autoridad + Personalización,Notificación importante para usted,Plantilla combinada,0,1,0,1,5,18-24,M,Secundaria,1730,synthetic_user_1730@example.com,synthetic-uid-1730,1,1,0,0,1,0,0,0.034181476303795644,0
synthetic,58,launched,email,,6,Autoridad + Personalización,Notificación importante para usted,Plantilla combinada,0,1,0,1,5,18-24,M,Secundaria,1731,synthetic_user_1731@example.com,synthetic-uid-1731,1,1,0,0,1,0,0,0.034181476303795644,0
synthetic,58,launched,email,,6,Autoridad + Personalización,Notificación importante para usted,Plantilla combinada,0,1,0,1,5,18-24,M,Secundaria,1732,synthetic_user_1732@example.com,synthetic-uid-1732,1,0,0,0,0,0,0,0.034181476303795644,0
synthetic,58,launched,email,,6,Autoridad + Personalización,Notificación importante para usted,Plantilla combinada,0,1,0,1,5,18-24,M,Secundaria,1733,synthetic_user_1733@example.com,synthetic-uid-1733,1,1,0,0,1,0,0,0.034181476303795644,0
synthetic,58,launched,email,,6,Autoridad + Personalización,Notificación importante para usted,Plantilla combinada,0,1,0,1,5,18-24,M,Secundaria,1734,synthetic_user_1734@example.com,synthetic-uid-1734,1,0,0,0,0,0,0,0.034181476303795644,0
synthetic,58,launched,email,,6,Autoridad + Personalización,Notificación importante para usted,Plantilla combinada,0,1,0,1,5,18-24,M,Secundaria,1735,synthetic_user_1735@example.com,synthetic-uid-1735,1,1,1,0,1,1,0,0.034181476303795644,0
synthetic,58,launched,email,,6,Autoridad + Personalización,Notificación importante para usted,Plantilla combinada,0,1,0,1,5,18-24,M,Secundaria,1736,synthetic_user_1736@example.com,synthetic-uid-1736,1,1,0,0,1,0,0,0.034181476303795644,0
synthetic,58,launched,email,,6,Autoridad + Personalización,Notificación importante para usted,Plantilla combinada,0,1,0,1,5,18-24,M,Secundaria,1737,synthetic_user_1737@example.com,synthetic-uid-1737,1,0,0,0,0,0,0,0.034181476303795644,0
synthetic,58,launched,email,,6,Autoridad + Personalización,Notificación importante para usted,Plantilla combinada,0,1,0,1,5,18-24,M,Secundaria,1738,synthetic_user_1738@example.com,synthetic-uid-1738,1,0,0,0,0,0,0,0.034181476303795644,0
synthetic,58,launched,email,,6,Autoridad + Personalización,Notificación importante para usted,Plantilla combinada,0,1,0,1,5,18-24,M,Secundaria,1739,synthetic_user_1739@example.com,synthetic-uid-1739,1,0,0,0,0,0,0,0.034181476303795644,0
synthetic,58,launched,email,,6,Autoridad + Personalización,Notificación importante para usted,Plantilla combinada,0,1,0,1,5,18-24,M,Secundaria,1740,synthetic_user_1740@example.com,synthetic-uid-1740,1,1,0,0,1,0,0,0.034181476303795644,0
synthetic,59,launched,email,,6,Autoridad + Personalización,Notificación importante para usted,Plantilla combinada,0,1,0,1,38,55+,M,Tecnica,1741,synthetic_user_1741@example.com,synthetic-uid-1741,1,0,0,0,0,0,0,0.03472688169065229,0
synthetic,59,launched,email,,6,Autoridad + Personalización,Notificación importante para usted,Plantilla combinada,0,1,0,1,38,55+,M,Tecnica,1742,synthetic_user_1742@example.com,synthetic-uid-1742,1,1,0,0,1,0,0,0.03472688169065229,0
synthetic,59,launched,email,,6,Autoridad + Personalización,Notificación importante para usted,Plantilla combinada,0,1,0,1,38,55+,M,Tecnica,1743,synthetic_user_1743@example.com,synthetic-uid-1743,1,0,0,0,0,0,0,0.03472688169065229,0
synthetic,59,launched,email,,6,Autoridad + Personalización,Notificación importante para usted,Plantilla combinada,0,1,0,1,38,55+,M,Tecnica,1744,synthetic_user_1744@example.com,synthetic-uid-1744,1,1,0,0,1,0,0,0.03472688169065229,0
synthetic,59,launched,email,,6,Autoridad + Personalización,Notificación importante para usted,Plantilla combinada,0,1,0,1,38,55+,M,Tecnica,1745,synthetic_user_1745@example.com,synthetic-uid-1745,1,1,0,0,1,0,0,0.03472688169065229,0
synthetic,59,launched,email,,6,Autoridad + Personalización,Notificación importante para usted,Plantilla combinada,0,1,0,1,38,55+,M,Tecnica,1746,synthetic_user_1746@example.com,synthetic-uid-1746,1,0,0,0,0,0,0,0.03472688169065229,0
synthetic,59,launched,email,,6,Autoridad + Personalización,Notificación importante para usted,Plantilla combinada,0,1,0,1,38,55+,M,Tecnica,1747,synthetic_user_1747@example.com,synthetic-uid-1747,1,0,0,0,0,0,0,0.03472688169065229,0
synthetic,59,launched,email,,6,Autoridad + Personalización,Notificación importante para usted,Plantilla combinada,0,1,0,1,38,55+,M,Tecnica,1748,synthetic_user_1748@example.com,synthetic-uid-1748,1,0,0,0,0,0,0,0.03472688169065229,0
synthetic,59,launched,email,,6,Autoridad + Personalización,Notificación importante para usted,Plantilla combinada,0,1,0,1,38,55+,M,Tecnica,1749,synthetic_user_1749@example.com,synthetic-uid-1749,1,0,0,0,0,0,0,0.03472688169065229,0
synthetic,59,launched,email,,6,Autoridad + Personalización,Notificación importante para usted,Plantilla combinada,0,1,0,1,38,55+,M,Tecnica,1750,synthetic_user_1750@example.com,synthetic-uid-1750,1,0,0,0,0,0,0,0.03472688169065229,0
synthetic,59,launched,email,,6,Autoridad + Personalización,Notificación importante para usted,Plantilla combinada,0,1,0,1,38,55+,M,Tecnica,1751,synthetic_user_1751@example.com,synthetic-uid-1751,1,0,0,0,0,0,0,0.03472688169065229,0
synthetic,59,launched,email,,6,Autoridad + Personalización,Notificación importante para usted,Plantilla combinada,0,1,0,1,38,55+,M,Tecnica,1752,synthetic_user_1752@example.com,synthetic-uid-1752,1,1,0,0,1,0,0,0.03472688169065229,0
synthetic,59,launched,email,,6,Autoridad + Personalización,Notificación importante para usted,Plantilla combinada,0,1,0,1,38,55+,M,Tecnica,1753,synthetic_user_1753@example.com,synthetic-uid-1753,1,0,0,0,0,0,0,0.03472688169065229,0
synthetic,59,launched,email,,6,Autoridad + Personalización,Notificación importante para usted,Plantilla combinada,0,1,0,1,38,55+,M,Tecnica,1754,synthetic_user_1754@example.com,synthetic-uid-1754,1,1,1,0,1,1,0,0.03472688169065229,0
synthetic,59,launched,email,,6,Autoridad + Personalización,Notificación importante para usted,Plantilla combinada,0,1,0,1,38,55+,M,Tecnica,1755,synthetic_user_1755@example.com,synthetic-uid-1755,1,0,0,0,0,0,0,0.03472688169065229,0
synthetic,59,launched,email,,6,Autoridad + Personalización,Notificación importante para usted,Plantilla combinada,0,1,0,1,38,55+,M,Tecnica,1756,synthetic_user_1756@example.com,synthetic-uid-1756,1,1,0,0,1,0,0,0.03472688169065229,0
synthetic,59,launched,email,,6,Autoridad + Personalización,Notificación importante para usted,Plantilla combinada,0,1,0,1,38,55+,M,Tecnica,1757,synthetic_user_1757@example.com,synthetic-uid-1757,1,1,0,0,1,0,0,0.03472688169065229,0
synthetic,59,launched,email,,6,Autoridad + Personalización,Notificación importante para usted,Plantilla combinada,0,1,0,1,38,55+,M,Tecnica,1758,synthetic_user_1758@example.com,synthetic-uid-1758,1,0,0,0,0,0,0,0.03472688169065229,0
synthetic,59,launched,email,,6,Autoridad + Personalización,Notificación importante para usted,Plantilla combinada,0,1,0,1,38,55+,M,Tecnica,1759,synthetic_user_1759@example.com,synthetic-uid-1759,1,0,0,0,0,0,0,0.03472688169065229,0
synthetic,59,launched,email,,6,Autoridad + Personalización,Notificación importante para usted,Plantilla combinada,0,1,0,1,38,55+,M,Tecnica,1760,synthetic_user_1760@example.com,synthetic-uid-1760,1,0,0,0,0,0,0,0.03472688169065229,0
synthetic,59,launched,email,,6,Autoridad + Personalización,Notificación importante para usted,Plantilla combinada,0,1,0,1,38,55+,M,Tecnica,1761,synthetic_user_1761@example.com,synthetic-uid-1761,1,0,0,0,0,0,0,0.03472688169065229,0
synthetic,59,launched,email,,6,Autoridad + Personalización,Notificación importante para usted,Plantilla combinada,0,1,0,1,38,55+,M,Tecnica,1762,synthetic_user_1762@example.com,synthetic-uid-1762,1,0,0,0,0,0,0,0.03472688169065229,0
synthetic,59,launched,email,,6,Autoridad + Personalización,Notificación importante para usted,Plantilla combinada,0,1,0,1,38,55+,M,Tecnica,1763,synthetic_user_1763@example.com,synthetic-uid-1763,1,0,0,0,0,0,0,0.03472688169065229,0
synthetic,59,launched,email,,6,Autoridad + Personalización,Notificación importante para usted,Plantilla combinada,0,1,0,1,38,55+,M,Tecnica,1764,synthetic_user_1764@example.com,synthetic-uid-1764,1,0,0,0,0,0,0,0.03472688169065229,0
synthetic,59,launched,email,,6,Autoridad + Personalización,Notificación importante para usted,Plantilla combinada,0,1,0,1,38,55+,M,Tecnica,1765,synthetic_user_1765@example.com,synthetic-uid-1765,1,0,0,0,0,0,0,0.03472688169065229,0
synthetic,59,launched,email,,6,Autoridad + Personalización,Notificación importante para usted,Plantilla combinada,0,1,0,1,38,55+,M,Tecnica,1766,synthetic_user_1766@example.com,synthetic-uid-1766,1,0,0,0,0,0,0,0.03472688169065229,0
synthetic,59,launched,email,,6,Autoridad + Personalización,Notificación importante para usted,Plantilla combinada,0,1,0,1,38,55+,M,Tecnica,1767,synthetic_user_1767@example.com,synthetic-uid-1767,1,1,0,0,1,0,0,0.03472688169065229,0
synthetic,59,launched,email,,6,Autoridad + Personalización,Notificación importante para usted,Plantilla combinada,0,1,0,1,38,55+,M,Tecnica,1768,synthetic_user_1768@example.com,synthetic-uid-1768,1,0,0,0,0,0,0,0.03472688169065229,0
synthetic,59,launched,email,,6,Autoridad + Personalización,Notificación importante para usted,Plantilla combinada,0,1,0,1,38,55+,M,Tecnica,1769,synthetic_user_1769@example.com,synthetic-uid-1769,1,0,0,0,0,0,0,0.03472688169065229,0
synthetic,59,launched,email,,6,Autoridad + Personalización,Notificación importante para usted,Plantilla combinada,0,1,0,1,38,55+,M,Tecnica,1770,synthetic_user_1770@example.com,synthetic-uid-1770,1,0,0,0,0,0,0,0.03472688169065229,0
synthetic,60,launched,email,,6,Autoridad + Personalización,Notificación importante para usted,Plantilla combinada,0,1,0,1,29,45-54,M,Secundaria,1771,synthetic_user_1771@example.com,synthetic-uid-1771,1,0,0,0,0,0,0,0.05961434516248712,0
synthetic,60,launched,email,,6,Autoridad + Personalización,Notificación importante para usted,Plantilla combinada,0,1,0,1,29,45-54,M,Secundaria,1772,synthetic_user_1772@example.com,synthetic-uid-1772,1,0,0,0,0,0,0,0.05961434516248712,0
synthetic,60,launched,email,,6,Autoridad + Personalización,Notificación importante para usted,Plantilla combinada,0,1,0,1,29,45-54,M,Secundaria,1773,synthetic_user_1773@example.com,synthetic-uid-1773,1,0,0,0,0,0,0,0.05961434516248712,0
synthetic,60,launched,email,,6,Autoridad + Personalización,Notificación importante para usted,Plantilla combinada,0,1,0,1,29,45-54,M,Secundaria,1774,synthetic_user_1774@example.com,synthetic-uid-1774,1,1,0,0,1,0,0,0.05961434516248712,0
synthetic,60,launched,email,,6,Autoridad + Personalización,Notificación importante para usted,Plantilla combinada,0,1,0,1,29,45-54,M,Secundaria,1775,synthetic_user_1775@example.com,synthetic-uid-1775,1,0,0,0,0,0,0,0.05961434516248712,0
synthetic,60,launched,email,,6,Autoridad + Personalización,Notificación importante para usted,Plantilla combinada,0,1,0,1,29,45-54,M,Secundaria,1776,synthetic_user_1776@example.com,synthetic-uid-1776,1,1,1,0,1,1,0,0.05961434516248712,0
synthetic,60,launched,email,,6,Autoridad + Personalización,Notificación importante para usted,Plantilla combinada,0,1,0,1,29,45-54,M,Secundaria,1777,synthetic_user_1777@example.com,synthetic-uid-1777,1,0,0,0,0,0,0,0.05961434516248712,0
synthetic,60,launched,email,,6,Autoridad + Personalización,Notificación importante para usted,Plantilla combinada,0,1,0,1,29,45-54,M,Secundaria,1778,synthetic_user_1778@example.com,synthetic-uid-1778,1,1,0,0,1,0,0,0.05961434516248712,0
synthetic,60,launched,email,,6,Autoridad + Personalización,Notificación importante para usted,Plantilla combinada,0,1,0,1,29,45-54,M,Secundaria,1779,synthetic_user_1779@example.com,synthetic-uid-1779,1,0,0,0,0,0,0,0.05961434516248712,0
synthetic,60,launched,email,,6,Autoridad + Personalización,Notificación importante para usted,Plantilla combinada,0,1,0,1,29,45-54,M,Secundaria,1780,synthetic_user_1780@example.com,synthetic-uid-1780,1,1,0,0,1,0,0,0.05961434516248712,0
synthetic,60,launched,email,,6,Autoridad + Personalización,Notificación importante para usted,Plantilla combinada,0,1,0,1,29,45-54,M,Secundaria,1781,synthetic_user_1781@example.com,synthetic-uid-1781,1,0,0,0,0,0,0,0.05961434516248712,0
synthetic,60,launched,email,,6,Autoridad + Personalización,Notificación importante para usted,Plantilla combinada,0,1,0,1,29,45-54,M,Secundaria,1782,synthetic_user_1782@example.com,synthetic-uid-1782,1,0,0,0,0,0,0,0.05961434516248712,0
synthetic,60,launched,email,,6,Autoridad + Personalización,Notificación importante para usted,Plantilla combinada,0,1,0,1,29,45-54,M,Secundaria,1783,synthetic_user_1783@example.com,synthetic-uid-1783,1,0,0,0,0,0,0,0.05961434516248712,0
synthetic,60,launched,email,,6,Autoridad + Personalización,Notificación importante para usted,Plantilla combinada,0,1,0,1,29,45-54,M,Secundaria,1784,synthetic_user_1784@example.com,synthetic-uid-1784,1,0,0,0,0,0,0,0.05961434516248712,0
synthetic,60,launched,email,,6,Autoridad + Personalización,Notificación importante para usted,Plantilla combinada,0,1,0,1,29,45-54,M,Secundaria,1785,synthetic_user_1785@example.com,synthetic-uid-1785,1,0,0,0,0,0,0,0.05961434516248712,0
synthetic,60,launched,email,,6,Autoridad + Personalización,Notificación importante para usted,Plantilla combinada,0,1,0,1,29,45-54,M,Secundaria,1786,synthetic_user_1786@example.com,synthetic-uid-1786,1,1,0,0,1,0,0,0.05961434516248712,0
synthetic,60,launched,email,,6,Autoridad + Personalización,Notificación importante para usted,Plantilla combinada,0,1,0,1,29,45-54,M,Secundaria,1787,synthetic_user_1787@example.com,synthetic-uid-1787,1,0,0,0,0,0,0,0.05961434516248712,0
synthetic,60,launched,email,,6,Autoridad + Personalización,Notificación importante para usted,Plantilla combinada,0,1,0,1,29,45-54,M,Secundaria,1788,synthetic_user_1788@example.com,synthetic-uid-1788,1,0,0,0,0,0,0,0.05961434516248712,0
synthetic,60,launched,email,,6,Autoridad + Personalización,Notificación importante para usted,Plantilla combinada,0,1,0,1,29,45-54,M,Secundaria,1789,synthetic_user_1789@example.com,synthetic-uid-1789,1,0,0,0,0,0,0,0.05961434516248712,0
synthetic,60,launched,email,,6,Autoridad + Personalización,Notificación importante para usted,Plantilla combinada,0,1,0,1,29,45-54,M,Secundaria,1790,synthetic_user_1790@example.com,synthetic-uid-1790,1,1,0,0,1,0,0,0.05961434516248712,0
synthetic,60,launched,email,,6,Autoridad + Personalización,Notificación importante para usted,Plantilla combinada,0,1,0,1,29,45-54,M,Secundaria,1791,synthetic_user_1791@example.com,synthetic-uid-1791,1,1,1,0,1,1,0,0.05961434516248712,0
synthetic,60,launched,email,,6,Autoridad + Personalización,Notificación importante para usted,Plantilla combinada,0,1,0,1,29,45-54,M,Secundaria,1792,synthetic_user_1792@example.com,synthetic-uid-1792,1,1,0,0,1,0,0,0.05961434516248712,0
synthetic,60,launched,email,,6,Autoridad + Personalización,Notificación importante para usted,Plantilla combinada,0,1,0,1,29,45-54,M,Secundaria,1793,synthetic_user_1793@example.com,synthetic-uid-1793,1,1,0,0,1,0,0,0.05961434516248712,0
synthetic,60,launched,email,,6,Autoridad + Personalización,Notificación importante para usted,Plantilla combinada,0,1,0,1,29,45-54,M,Secundaria,1794,synthetic_user_1794@example.com,synthetic-uid-1794,1,0,0,0,0,0,0,0.05961434516248712,0
synthetic,60,launched,email,,6,Autoridad + Personalización,Notificación importante para usted,Plantilla combinada,0,1,0,1,29,45-54,M,Secundaria,1795,synthetic_user_1795@example.com,synthetic-uid-1795,1,0,0,0,0,0,0,0.05961434516248712,0
synthetic,60,launched,email,,6,Autoridad + Personalización,Notificación importante para usted,Plantilla combinada,0,1,0,1,29,45-54,M,Secundaria,1796,synthetic_user_1796@example.com,synthetic-uid-1796,1,1,0,0,1,0,0,0.05961434516248712,0
synthetic,60,launched,email,,6,Autoridad + Personalización,Notificación importante para usted,Plantilla combinada,0,1,0,1,29,45-54,M,Secundaria,1797,synthetic_user_1797@example.com,synthetic-uid-1797,1,1,0,0,1,0,0,0.05961434516248712,0
synthetic,60,launched,email,,6,Autoridad + Personalización,Notificación importante para usted,Plantilla combinada,0,1,0,1,29,45-54,M,Secundaria,1798,synthetic_user_1798@example.com,synthetic-uid-1798,1,0,0,0,0,0,0,0.05961434516248712,0
synthetic,60,launched,email,,6,Autoridad + Personalización,Notificación importante para usted,Plantilla combinada,0,1,0,1,29,45-54,M,Secundaria,1799,synthetic_user_1799@example.com,synthetic-uid-1799,1,0,0,0,0,0,0,0.05961434516248712,0
synthetic,60,launched,email,,6,Autoridad + Personalización,Notificación importante para usted,Plantilla combinada,0,1,0,1,29,45-54,M,Secundaria,1800,synthetic_user_1800@example.com,synthetic-uid-1800,1,0,0,0,0,0,0,0.05961434516248712,0
synthetic,61,launched,email,,7,Recompensa + Personalización,Beneficio exclusivo para usted,Plantilla combinada,0,0,1,1,36,55+,F,Posgrado,1801,synthetic_user_1801@example.com,synthetic-uid-1801,1,1,0,0,1,0,0,0.0321777127723187,0
synthetic,61,launched,email,,7,Recompensa + Personalización,Beneficio exclusivo para usted,Plantilla combinada,0,0,1,1,36,55+,F,Posgrado,1802,synthetic_user_1802@example.com,synthetic-uid-1802,1,1,0,0,1,0,0,0.0321777127723187,0
synthetic,61,launched,email,,7,Recompensa + Personalización,Beneficio exclusivo para usted,Plantilla combinada,0,0,1,1,36,55+,F,Posgrado,1803,synthetic_user_1803@example.com,synthetic-uid-1803,1,0,0,0,0,0,0,0.0321777127723187,0
synthetic,61,launched,email,,7,Recompensa + Personalización,Beneficio exclusivo para usted,Plantilla combinada,0,0,1,1,36,55+,F,Posgrado,1804,synthetic_user_1804@example.com,synthetic-uid-1804,1,0,0,0,0,0,0,0.0321777127723187,0
synthetic,61,launched,email,,7,Recompensa + Personalización,Beneficio exclusivo para usted,Plantilla combinada,0,0,1,1,36,55+,F,Posgrado,1805,synthetic_user_1805@example.com,synthetic-uid-1805,1,0,0,0,0,0,0,0.0321777127723187,0
synthetic,61,launched,email,,7,Recompensa + Personalización,Beneficio exclusivo para usted,Plantilla combinada,0,0,1,1,36,55+,F,Posgrado,1806,synthetic_user_1806@example.com,synthetic-uid-1806,1,0,0,0,0,0,0,0.0321777127723187,0
synthetic,61,launched,email,,7,Recompensa + Personalización,Beneficio exclusivo para usted,Plantilla combinada,0,0,1,1,36,55+,F,Posgrado,1807,synthetic_user_1807@example.com,synthetic-uid-1807,1,1,0,0,1,0,0,0.0321777127723187,0
synthetic,61,launched,email,,7,Recompensa + Personalización,Beneficio exclusivo para usted,Plantilla combinada,0,0,1,1,36,55+,F,Posgrado,1808,synthetic_user_1808@example.com,synthetic-uid-1808,1,0,0,0,0,0,0,0.0321777127723187,0
synthetic,61,launched,email,,7,Recompensa + Personalización,Beneficio exclusivo para usted,Plantilla combinada,0,0,1,1,36,55+,F,Posgrado,1809,synthetic_user_1809@example.com,synthetic-uid-1809,1,0,0,0,0,0,0,0.0321777127723187,0
synthetic,61,launched,email,,7,Recompensa + Personalización,Beneficio exclusivo para usted,Plantilla combinada,0,0,1,1,36,55+,F,Posgrado,1810,synthetic_user_1810@example.com,synthetic-uid-1810,1,0,0,0,0,0,0,0.0321777127723187,0
synthetic,61,launched,email,,7,Recompensa + Personalización,Beneficio exclusivo para usted,Plantilla combinada,0,0,1,1,36,55+,F,Posgrado,1811,synthetic_user_1811@example.com,synthetic-uid-1811,1,0,0,0,0,0,0,0.0321777127723187,0
synthetic,61,launched,email,,7,Recompensa + Personalización,Beneficio exclusivo para usted,Plantilla combinada,0,0,1,1,36,55+,F,Posgrado,1812,synthetic_user_1812@example.com,synthetic-uid-1812,1,0,0,0,0,0,0,0.0321777127723187,0
synthetic,61,launched,email,,7,Recompensa + Personalización,Beneficio exclusivo para usted,Plantilla combinada,0,0,1,1,36,55+,F,Posgrado,1813,synthetic_user_1813@example.com,synthetic-uid-1813,1,0,0,0,0,0,0,0.0321777127723187,0
synthetic,61,launched,email,,7,Recompensa + Personalización,Beneficio exclusivo para usted,Plantilla combinada,0,0,1,1,36,55+,F,Posgrado,1814,synthetic_user_1814@example.com,synthetic-uid-1814,1,1,0,0,1,0,0,0.0321777127723187,0
synthetic,61,launched,email,,7,Recompensa + Personalización,Beneficio exclusivo para usted,Plantilla combinada,0,0,1,1,36,55+,F,Posgrado,1815,synthetic_user_1815@example.com,synthetic-uid-1815,1,0,0,0,0,0,0,0.0321777127723187,0
synthetic,61,launched,email,,7,Recompensa + Personalización,Beneficio exclusivo para usted,Plantilla combinada,0,0,1,1,36,55+,F,Posgrado,1816,synthetic_user_1816@example.com,synthetic-uid-1816,1,1,1,0,1,1,0,0.0321777127723187,0
synthetic,61,launched,email,,7,Recompensa + Personalización,Beneficio exclusivo para usted,Plantilla combinada,0,0,1,1,36,55+,F,Posgrado,1817,synthetic_user_1817@example.com,synthetic-uid-1817,1,1,0,0,1,0,0,0.0321777127723187,0
synthetic,61,launched,email,,7,Recompensa + Personalización,Beneficio exclusivo para usted,Plantilla combinada,0,0,1,1,36,55+,F,Posgrado,1818,synthetic_user_1818@example.com,synthetic-uid-1818,1,0,0,0,0,0,0,0.0321777127723187,0
synthetic,61,launched,email,,7,Recompensa + Personalización,Beneficio exclusivo para usted,Plantilla combinada,0,0,1,1,36,55+,F,Posgrado,1819,synthetic_user_1819@example.com,synthetic-uid-1819,1,0,0,0,0,0,0,0.0321777127723187,0
synthetic,61,launched,email,,7,Recompensa + Personalización,Beneficio exclusivo para usted,Plantilla combinada,0,0,1,1,36,55+,F,Posgrado,1820,synthetic_user_1820@example.com,synthetic-uid-1820,1,0,0,0,0,0,0,0.0321777127723187,0
synthetic,61,launched,email,,7,Recompensa + Personalización,Beneficio exclusivo para usted,Plantilla combinada,0,0,1,1,36,55+,F,Posgrado,1821,synthetic_user_1821@example.com,synthetic-uid-1821,1,0,0,0,0,0,0,0.0321777127723187,0
synthetic,61,launched,email,,7,Recompensa + Personalización,Beneficio exclusivo para usted,Plantilla combinada,0,0,1,1,36,55+,F,Posgrado,1822,synthetic_user_1822@example.com,synthetic-uid-1822,1,0,0,0,0,0,0,0.0321777127723187,0
synthetic,61,launched,email,,7,Recompensa + Personalización,Beneficio exclusivo para usted,Plantilla combinada,0,0,1,1,36,55+,F,Posgrado,1823,synthetic_user_1823@example.com,synthetic-uid-1823,1,0,0,0,0,0,0,0.0321777127723187,0
synthetic,61,launched,email,,7,Recompensa + Personalización,Beneficio exclusivo para usted,Plantilla combinada,0,0,1,1,36,55+,F,Posgrado,1824,synthetic_user_1824@example.com,synthetic-uid-1824,1,1,0,0,1,0,0,0.0321777127723187,0
synthetic,61,launched,email,,7,Recompensa + Personalización,Beneficio exclusivo para usted,Plantilla combinada,0,0,1,1,36,55+,F,Posgrado,1825,synthetic_user_1825@example.com,synthetic-uid-1825,1,0,0,0,0,0,0,0.0321777127723187,0
synthetic,61,launched,email,,7,Recompensa + Personalización,Beneficio exclusivo para usted,Plantilla combinada,0,0,1,1,36,55+,F,Posgrado,1826,synthetic_user_1826@example.com,synthetic-uid-1826,1,0,0,0,0,0,0,0.0321777127723187,0
synthetic,61,launched,email,,7,Recompensa + Personalización,Beneficio exclusivo para usted,Plantilla combinada,0,0,1,1,36,55+,F,Posgrado,1827,synthetic_user_1827@example.com,synthetic-uid-1827,1,0,0,0,0,0,0,0.0321777127723187,0
synthetic,61,launched,email,,7,Recompensa + Personalización,Beneficio exclusivo para usted,Plantilla combinada,0,0,1,1,36,55+,F,Posgrado,1828,synthetic_user_1828@example.com,synthetic-uid-1828,1,0,0,0,0,0,0,0.0321777127723187,0
synthetic,61,launched,email,,7,Recompensa + Personalización,Beneficio exclusivo para usted,Plantilla combinada,0,0,1,1,36,55+,F,Posgrado,1829,synthetic_user_1829@example.com,synthetic-uid-1829,1,0,0,0,0,0,0,0.0321777127723187,0
synthetic,61,launched,email,,7,Recompensa + Personalización,Beneficio exclusivo para usted,Plantilla combinada,0,0,1,1,36,55+,F,Posgrado,1830,synthetic_user_1830@example.com,synthetic-uid-1830,1,1,0,0,1,0,0,0.0321777127723187,0
synthetic,62,launched,email,,7,Recompensa + Personalización,Beneficio exclusivo para usted,Plantilla combinada,0,0,1,1,16,25-34,M,Posgrado,1831,synthetic_user_1831@example.com,synthetic-uid-1831,1,1,0,0,1,0,0,0.04998992235278274,0
synthetic,62,launched,email,,7,Recompensa + Personalización,Beneficio exclusivo para usted,Plantilla combinada,0,0,1,1,16,25-34,M,Posgrado,1832,synthetic_user_1832@example.com,synthetic-uid-1832,1,0,0,0,0,0,0,0.04998992235278274,0
synthetic,62,launched,email,,7,Recompensa + Personalización,Beneficio exclusivo para usted,Plantilla combinada,0,0,1,1,16,25-34,M,Posgrado,1833,synthetic_user_1833@example.com,synthetic-uid-1833,1,1,0,0,1,0,0,0.04998992235278274,0
synthetic,62,launched,email,,7,Recompensa + Personalización,Beneficio exclusivo para usted,Plantilla combinada,0,0,1,1,16,25-34,M,Posgrado,1834,synthetic_user_1834@example.com,synthetic-uid-1834,1,0,0,0,0,0,0,0.04998992235278274,0
synthetic,62,launched,email,,7,Recompensa + Personalización,Beneficio exclusivo para usted,Plantilla combinada,0,0,1,1,16,25-34,M,Posgrado,1835,synthetic_user_1835@example.com,synthetic-uid-1835,1,0,0,0,0,0,0,0.04998992235278274,0
synthetic,62,launched,email,,7,Recompensa + Personalización,Beneficio exclusivo para usted,Plantilla combinada,0,0,1,1,16,25-34,M,Posgrado,1836,synthetic_user_1836@example.com,synthetic-uid-1836,1,0,0,0,0,0,0,0.04998992235278274,0
synthetic,62,launched,email,,7,Recompensa + Personalización,Beneficio exclusivo para usted,Plantilla combinada,0,0,1,1,16,25-34,M,Posgrado,1837,synthetic_user_1837@example.com,synthetic-uid-1837,1,1,0,0,1,0,0,0.04998992235278274,0
synthetic,62,launched,email,,7,Recompensa + Personalización,Beneficio exclusivo para usted,Plantilla combinada,0,0,1,1,16,25-34,M,Posgrado,1838,synthetic_user_1838@example.com,synthetic-uid-1838,1,0,0,0,0,0,0,0.04998992235278274,0
synthetic,62,launched,email,,7,Recompensa + Personalización,Beneficio exclusivo para usted,Plantilla combinada,0,0,1,1,16,25-34,M,Posgrado,1839,synthetic_user_1839@example.com,synthetic-uid-1839,1,1,0,0,1,0,0,0.04998992235278274,0
synthetic,62,launched,email,,7,Recompensa + Personalización,Beneficio exclusivo para usted,Plantilla combinada,0,0,1,1,16,25-34,M,Posgrado,1840,synthetic_user_1840@example.com,synthetic-uid-1840,1,0,0,0,0,0,0,0.04998992235278274,0
synthetic,62,launched,email,,7,Recompensa + Personalización,Beneficio exclusivo para usted,Plantilla combinada,0,0,1,1,16,25-34,M,Posgrado,1841,synthetic_user_1841@example.com,synthetic-uid-1841,1,1,1,0,1,1,0,0.04998992235278274,0
synthetic,62,launched,email,,7,Recompensa + Personalización,Beneficio exclusivo para usted,Plantilla combinada,0,0,1,1,16,25-34,M,Posgrado,1842,synthetic_user_1842@example.com,synthetic-uid-1842,1,1,0,0,1,0,0,0.04998992235278274,0
synthetic,62,launched,email,,7,Recompensa + Personalización,Beneficio exclusivo para usted,Plantilla combinada,0,0,1,1,16,25-34,M,Posgrado,1843,synthetic_user_1843@example.com,synthetic-uid-1843,1,1,0,0,1,0,0,0.04998992235278274,0
synthetic,62,launched,email,,7,Recompensa + Personalización,Beneficio exclusivo para usted,Plantilla combinada,0,0,1,1,16,25-34,M,Posgrado,1844,synthetic_user_1844@example.com,synthetic-uid-1844,1,1,0,0,1,0,0,0.04998992235278274,0
synthetic,62,launched,email,,7,Recompensa + Personalización,Beneficio exclusivo para usted,Plantilla combinada,0,0,1,1,16,25-34,M,Posgrado,1845,synthetic_user_1845@example.com,synthetic-uid-1845,1,1,0,0,1,0,0,0.04998992235278274,0
synthetic,62,launched,email,,7,Recompensa + Personalización,Beneficio exclusivo para usted,Plantilla combinada,0,0,1,1,16,25-34,M,Posgrado,1846,synthetic_user_1846@example.com,synthetic-uid-1846,1,1,0,0,1,0,0,0.04998992235278274,0
synthetic,62,launched,email,,7,Recompensa + Personalización,Beneficio exclusivo para usted,Plantilla combinada,0,0,1,1,16,25-34,M,Posgrado,1847,synthetic_user_1847@example.com,synthetic-uid-1847,1,0,0,0,0,0,0,0.04998992235278274,0
synthetic,62,launched,email,,7,Recompensa + Personalización,Beneficio exclusivo para usted,Plantilla combinada,0,0,1,1,16,25-34,M,Posgrado,1848,synthetic_user_1848@example.com,synthetic-uid-1848,1,0,0,0,0,0,0,0.04998992235278274,0
synthetic,62,launched,email,,7,Recompensa + Personalización,Beneficio exclusivo para usted,Plantilla combinada,0,0,1,1,16,25-34,M,Posgrado,1849,synthetic_user_1849@example.com,synthetic-uid-1849,1,0,0,0,0,0,0,0.04998992235278274,0
synthetic,62,launched,email,,7,Recompensa + Personalización,Beneficio exclusivo para usted,Plantilla combinada,0,0,1,1,16,25-34,M,Posgrado,1850,synthetic_user_1850@example.com,synthetic-uid-1850,1,1,0,0,1,0,0,0.04998992235278274,0
synthetic,62,launched,email,,7,Recompensa + Personalización,Beneficio exclusivo para usted,Plantilla combinada,0,0,1,1,16,25-34,M,Posgrado,1851,synthetic_user_1851@example.com,synthetic-uid-1851,1,0,0,0,0,0,0,0.04998992235278274,0
synthetic,62,launched,email,,7,Recompensa + Personalización,Beneficio exclusivo para usted,Plantilla combinada,0,0,1,1,16,25-34,M,Posgrado,1852,synthetic_user_1852@example.com,synthetic-uid-1852,1,0,0,0,0,0,0,0.04998992235278274,0
synthetic,62,launched,email,,7,Recompensa + Personalización,Beneficio exclusivo para usted,Plantilla combinada,0,0,1,1,16,25-34,M,Posgrado,1853,synthetic_user_1853@example.com,synthetic-uid-1853,1,0,0,0,0,0,0,0.04998992235278274,0
synthetic,62,launched,email,,7,Recompensa + Personalización,Beneficio exclusivo para usted,Plantilla combinada,0,0,1,1,16,25-34,M,Posgrado,1854,synthetic_user_1854@example.com,synthetic-uid-1854,1,0,0,0,0,0,0,0.04998992235278274,0
synthetic,62,launched,email,,7,Recompensa + Personalización,Beneficio exclusivo para usted,Plantilla combinada,0,0,1,1,16,25-34,M,Posgrado,1855,synthetic_user_1855@example.com,synthetic-uid-1855,1,1,0,0,1,0,0,0.04998992235278274,0
synthetic,62,launched,email,,7,Recompensa + Personalización,Beneficio exclusivo para usted,Plantilla combinada,0,0,1,1,16,25-34,M,Posgrado,1856,synthetic_user_1856@example.com,synthetic-uid-1856,1,1,0,0,1,0,0,0.04998992235278274,0
synthetic,62,launched,email,,7,Recompensa + Personalización,Beneficio exclusivo para usted,Plantilla combinada,0,0,1,1,16,25-34,M,Posgrado,1857,synthetic_user_1857@example.com,synthetic-uid-1857,1,0,0,0,0,0,0,0.04998992235278274,0
synthetic,62,launched,email,,7,Recompensa + Personalización,Beneficio exclusivo para usted,Plantilla combinada,0,0,1,1,16,25-34,M,Posgrado,1858,synthetic_user_1858@example.com,synthetic-uid-1858,1,0,0,0,0,0,0,0.04998992235278274,0
synthetic,62,launched,email,,7,Recompensa + Personalización,Beneficio exclusivo para usted,Plantilla combinada,0,0,1,1,16,25-34,M,Posgrado,1859,synthetic_user_1859@example.com,synthetic-uid-1859,1,0,0,0,0,0,0,0.04998992235278274,0
synthetic,62,launched,email,,7,Recompensa + Personalización,Beneficio exclusivo para usted,Plantilla combinada,0,0,1,1,16,25-34,M,Posgrado,1860,synthetic_user_1860@example.com,synthetic-uid-1860,1,0,0,0,0,0,0,0.04998992235278274,0
synthetic,63,launched,email,,7,Recompensa + Personalización,Beneficio exclusivo para usted,Plantilla combinada,0,0,1,1,37,55+,M,Secundaria,1861,synthetic_user_1861@example.com,synthetic-uid-1861,1,0,0,0,0,0,0,0.024760137559630684,0
synthetic,63,launched,email,,7,Recompensa + Personalización,Beneficio exclusivo para usted,Plantilla combinada,0,0,1,1,37,55+,M,Secundaria,1862,synthetic_user_1862@example.com,synthetic-uid-1862,1,0,0,0,0,0,0,0.024760137559630684,0
synthetic,63,launched,email,,7,Recompensa + Personalización,Beneficio exclusivo para usted,Plantilla combinada,0,0,1,1,37,55+,M,Secundaria,1863,synthetic_user_1863@example.com,synthetic-uid-1863,1,0,0,0,0,0,0,0.024760137559630684,0
synthetic,63,launched,email,,7,Recompensa + Personalización,Beneficio exclusivo para usted,Plantilla combinada,0,0,1,1,37,55+,M,Secundaria,1864,synthetic_user_1864@example.com,synthetic-uid-1864,1,1,0,0,1,0,0,0.024760137559630684,0
synthetic,63,launched,email,,7,Recompensa + Personalización,Beneficio exclusivo para usted,Plantilla combinada,0,0,1,1,37,55+,M,Secundaria,1865,synthetic_user_1865@example.com,synthetic-uid-1865,1,0,0,0,0,0,0,0.024760137559630684,0
synthetic,63,launched,email,,7,Recompensa + Personalización,Beneficio exclusivo para usted,Plantilla combinada,0,0,1,1,37,55+,M,Secundaria,1866,synthetic_user_1866@example.com,synthetic-uid-1866,1,0,0,0,0,0,0,0.024760137559630684,0
synthetic,63,launched,email,,7,Recompensa + Personalización,Beneficio exclusivo para usted,Plantilla combinada,0,0,1,1,37,55+,M,Secundaria,1867,synthetic_user_1867@example.com,synthetic-uid-1867,1,0,0,0,0,0,0,0.024760137559630684,0
synthetic,63,launched,email,,7,Recompensa + Personalización,Beneficio exclusivo para usted,Plantilla combinada,0,0,1,1,37,55+,M,Secundaria,1868,synthetic_user_1868@example.com,synthetic-uid-1868,1,0,0,0,0,0,0,0.024760137559630684,0
synthetic,63,launched,email,,7,Recompensa + Personalización,Beneficio exclusivo para usted,Plantilla combinada,0,0,1,1,37,55+,M,Secundaria,1869,synthetic_user_1869@example.com,synthetic-uid-1869,1,0,0,0,0,0,0,0.024760137559630684,0
synthetic,63,launched,email,,7,Recompensa + Personalización,Beneficio exclusivo para usted,Plantilla combinada,0,0,1,1,37,55+,M,Secundaria,1870,synthetic_user_1870@example.com,synthetic-uid-1870,1,0,0,0,0,0,0,0.024760137559630684,0
synthetic,63,launched,email,,7,Recompensa + Personalización,Beneficio exclusivo para usted,Plantilla combinada,0,0,1,1,37,55+,M,Secundaria,1871,synthetic_user_1871@example.com,synthetic-uid-1871,1,0,0,0,0,0,0,0.024760137559630684,0
synthetic,63,launched,email,,7,Recompensa + Personalización,Beneficio exclusivo para usted,Plantilla combinada,0,0,1,1,37,55+,M,Secundaria,1872,synthetic_user_1872@example.com,synthetic-uid-1872,1,0,0,0,0,0,0,0.024760137559630684,0
synthetic,63,launched,email,,7,Recompensa + Personalización,Beneficio exclusivo para usted,Plantilla combinada,0,0,1,1,37,55+,M,Secundaria,1873,synthetic_user_1873@example.com,synthetic-uid-1873,1,0,0,0,0,0,0,0.024760137559630684,0
synthetic,63,launched,email,,7,Recompensa + Personalización,Beneficio exclusivo para usted,Plantilla combinada,0,0,1,1,37,55+,M,Secundaria,1874,synthetic_user_1874@example.com,synthetic-uid-1874,1,0,0,0,0,0,0,0.024760137559630684,0
synthetic,63,launched,email,,7,Recompensa + Personalización,Beneficio exclusivo para usted,Plantilla combinada,0,0,1,1,37,55+,M,Secundaria,1875,synthetic_user_1875@example.com,synthetic-uid-1875,1,1,0,0,1,0,0,0.024760137559630684,0
synthetic,63,launched,email,,7,Recompensa + Personalización,Beneficio exclusivo para usted,Plantilla combinada,0,0,1,1,37,55+,M,Secundaria,1876,synthetic_user_1876@example.com,synthetic-uid-1876,1,0,0,0,0,0,0,0.024760137559630684,0
synthetic,63,launched,email,,7,Recompensa + Personalización,Beneficio exclusivo para usted,Plantilla combinada,0,0,1,1,37,55+,M,Secundaria,1877,synthetic_user_1877@example.com,synthetic-uid-1877,1,0,0,0,0,0,0,0.024760137559630684,0
synthetic,63,launched,email,,7,Recompensa + Personalización,Beneficio exclusivo para usted,Plantilla combinada,0,0,1,1,37,55+,M,Secundaria,1878,synthetic_user_1878@example.com,synthetic-uid-1878,1,0,0,0,0,0,0,0.024760137559630684,0
synthetic,63,launched,email,,7,Recompensa + Personalización,Beneficio exclusivo para usted,Plantilla combinada,0,0,1,1,37,55+,M,Secundaria,1879,synthetic_user_1879@example.com,synthetic-uid-1879,1,0,0,0,0,0,0,0.024760137559630684,0
synthetic,63,launched,email,,7,Recompensa + Personalización,Beneficio exclusivo para usted,Plantilla combinada,0,0,1,1,37,55+,M,Secundaria,1880,synthetic_user_1880@example.com,synthetic-uid-1880,1,0,0,0,0,0,0,0.024760137559630684,0
synthetic,63,launched,email,,7,Recompensa + Personalización,Beneficio exclusivo para usted,Plantilla combinada,0,0,1,1,37,55+,M,Secundaria,1881,synthetic_user_1881@example.com,synthetic-uid-1881,1,0,0,0,0,0,0,0.024760137559630684,0
synthetic,63,launched,email,,7,Recompensa + Personalización,Beneficio exclusivo para usted,Plantilla combinada,0,0,1,1,37,55+,M,Secundaria,1882,synthetic_user_1882@example.com,synthetic-uid-1882,1,0,0,0,0,0,0,0.024760137559630684,0
synthetic,63,launched,email,,7,Recompensa + Personalización,Beneficio exclusivo para usted,Plantilla combinada,0,0,1,1,37,55+,M,Secundaria,1883,synthetic_user_1883@example.com,synthetic-uid-1883,1,0,0,0,0,0,0,0.024760137559630684,0
synthetic,63,launched,email,,7,Recompensa + Personalización,Beneficio exclusivo para usted,Plantilla combinada,0,0,1,1,37,55+,M,Secundaria,1884,synthetic_user_1884@example.com,synthetic-uid-1884,1,1,0,0,1,0,0,0.024760137559630684,0
synthetic,63,launched,email,,7,Recompensa + Personalización,Beneficio exclusivo para usted,Plantilla combinada,0,0,1,1,37,55+,M,Secundaria,1885,synthetic_user_1885@example.com,synthetic-uid-1885,1,0,0,0,0,0,0,0.024760137559630684,0
synthetic,63,launched,email,,7,Recompensa + Personalización,Beneficio exclusivo para usted,Plantilla combinada,0,0,1,1,37,55+,M,Secundaria,1886,synthetic_user_1886@example.com,synthetic-uid-1886,1,1,0,0,1,0,0,0.024760137559630684,0
synthetic,63,launched,email,,7,Recompensa + Personalización,Beneficio exclusivo para usted,Plantilla combinada,0,0,1,1,37,55+,M,Secundaria,1887,synthetic_user_1887@example.com,synthetic-uid-1887,1,0,0,0,0,0,0,0.024760137559630684,0
synthetic,63,launched,email,,7,Recompensa + Personalización,Beneficio exclusivo para usted,Plantilla combinada,0,0,1,1,37,55+,M,Secundaria,1888,synthetic_user_1888@example.com,synthetic-uid-1888,1,0,0,0,0,0,0,0.024760137559630684,0
synthetic,63,launched,email,,7,Recompensa + Personalización,Beneficio exclusivo para usted,Plantilla combinada,0,0,1,1,37,55+,M,Secundaria,1889,synthetic_user_1889@example.com,synthetic-uid-1889,1,0,0,0,0,0,0,0.024760137559630684,0
synthetic,63,launched,email,,7,Recompensa + Personalización,Beneficio exclusivo para usted,Plantilla combinada,0,0,1,1,37,55+,M,Secundaria,1890,synthetic_user_1890@example.com,synthetic-uid-1890,1,1,0,0,1,0,0,0.024760137559630684,0
synthetic,64,launched,email,,7,Recompensa + Personalización,Beneficio exclusivo para usted,Plantilla combinada,0,0,1,1,30,45-54,M,Tecnica,1891,synthetic_user_1891@example.com,synthetic-uid-1891,1,1,0,0,1,0,0,0.08870429734617827,0
synthetic,64,launched,email,,7,Recompensa + Personalización,Beneficio exclusivo para usted,Plantilla combinada,0,0,1,1,30,45-54,M,Tecnica,1892,synthetic_user_1892@example.com,synthetic-uid-1892,1,1,0,0,1,0,0,0.08870429734617827,0
synthetic,64,launched,email,,7,Recompensa + Personalización,Beneficio exclusivo para usted,Plantilla combinada,0,0,1,1,30,45-54,M,Tecnica,1893,synthetic_user_1893@example.com,synthetic-uid-1893,1,0,0,0,0,0,0,0.08870429734617827,0
synthetic,64,launched,email,,7,Recompensa + Personalización,Beneficio exclusivo para usted,Plantilla combinada,0,0,1,1,30,45-54,M,Tecnica,1894,synthetic_user_1894@example.com,synthetic-uid-1894,1,0,0,0,0,0,0,0.08870429734617827,0
synthetic,64,launched,email,,7,Recompensa + Personalización,Beneficio exclusivo para usted,Plantilla combinada,0,0,1,1,30,45-54,M,Tecnica,1895,synthetic_user_1895@example.com,synthetic-uid-1895,1,0,0,0,0,0,0,0.08870429734617827,0
synthetic,64,launched,email,,7,Recompensa + Personalización,Beneficio exclusivo para usted,Plantilla combinada,0,0,1,1,30,45-54,M,Tecnica,1896,synthetic_user_1896@example.com,synthetic-uid-1896,1,0,0,0,0,0,0,0.08870429734617827,0
synthetic,64,launched,email,,7,Recompensa + Personalización,Beneficio exclusivo para usted,Plantilla combinada,0,0,1,1,30,45-54,M,Tecnica,1897,synthetic_user_1897@example.com,synthetic-uid-1897,1,0,0,0,0,0,0,0.08870429734617827,0
synthetic,64,launched,email,,7,Recompensa + Personalización,Beneficio exclusivo para usted,Plantilla combinada,0,0,1,1,30,45-54,M,Tecnica,1898,synthetic_user_1898@example.com,synthetic-uid-1898,1,1,0,0,1,0,0,0.08870429734617827,0
synthetic,64,launched,email,,7,Recompensa + Personalización,Beneficio exclusivo para usted,Plantilla combinada,0,0,1,1,30,45-54,M,Tecnica,1899,synthetic_user_1899@example.com,synthetic-uid-1899,1,0,0,0,0,0,0,0.08870429734617827,0
synthetic,64,launched,email,,7,Recompensa + Personalización,Beneficio exclusivo para usted,Plantilla combinada,0,0,1,1,30,45-54,M,Tecnica,1900,synthetic_user_1900@example.com,synthetic-uid-1900,1,1,0,0,1,0,0,0.08870429734617827,0
synthetic,64,launched,email,,7,Recompensa + Personalización,Beneficio exclusivo para usted,Plantilla combinada,0,0,1,1,30,45-54,M,Tecnica,1901,synthetic_user_1901@example.com,synthetic-uid-1901,1,1,0,0,1,0,0,0.08870429734617827,0
synthetic,64,launched,email,,7,Recompensa + Personalización,Beneficio exclusivo para usted,Plantilla combinada,0,0,1,1,30,45-54,M,Tecnica,1902,synthetic_user_1902@example.com,synthetic-uid-1902,1,0,0,0,0,0,0,0.08870429734617827,0
synthetic,64,launched,email,,7,Recompensa + Personalización,Beneficio exclusivo para usted,Plantilla combinada,0,0,1,1,30,45-54,M,Tecnica,1903,synthetic_user_1903@example.com,synthetic-uid-1903,1,1,0,0,1,0,0,0.08870429734617827,0
synthetic,64,launched,email,,7,Recompensa + Personalización,Beneficio exclusivo para usted,Plantilla combinada,0,0,1,1,30,45-54,M,Tecnica,1904,synthetic_user_1904@example.com,synthetic-uid-1904,1,0,0,0,0,0,0,0.08870429734617827,0
synthetic,64,launched,email,,7,Recompensa + Personalización,Beneficio exclusivo para usted,Plantilla combinada,0,0,1,1,30,45-54,M,Tecnica,1905,synthetic_user_1905@example.com,synthetic-uid-1905,1,0,0,0,0,0,0,0.08870429734617827,0
synthetic,64,launched,email,,7,Recompensa + Personalización,Beneficio exclusivo para usted,Plantilla combinada,0,0,1,1,30,45-54,M,Tecnica,1906,synthetic_user_1906@example.com,synthetic-uid-1906,1,0,0,0,0,0,0,0.08870429734617827,0
synthetic,64,launched,email,,7,Recompensa + Personalización,Beneficio exclusivo para usted,Plantilla combinada,0,0,1,1,30,45-54,M,Tecnica,1907,synthetic_user_1907@example.com,synthetic-uid-1907,1,1,1,0,1,1,0,0.08870429734617827,0
synthetic,64,launched,email,,7,Recompensa + Personalización,Beneficio exclusivo para usted,Plantilla combinada,0,0,1,1,30,45-54,M,Tecnica,1908,synthetic_user_1908@example.com,synthetic-uid-1908,1,1,1,0,1,1,0,0.08870429734617827,0
synthetic,64,launched,email,,7,Recompensa + Personalización,Beneficio exclusivo para usted,Plantilla combinada,0,0,1,1,30,45-54,M,Tecnica,1909,synthetic_user_1909@example.com,synthetic-uid-1909,1,0,0,0,0,0,0,0.08870429734617827,0
synthetic,64,launched,email,,7,Recompensa + Personalización,Beneficio exclusivo para usted,Plantilla combinada,0,0,1,1,30,45-54,M,Tecnica,1910,synthetic_user_1910@example.com,synthetic-uid-1910,1,0,0,0,0,0,0,0.08870429734617827,0
synthetic,64,launched,email,,7,Recompensa + Personalización,Beneficio exclusivo para usted,Plantilla combinada,0,0,1,1,30,45-54,M,Tecnica,1911,synthetic_user_1911@example.com,synthetic-uid-1911,1,0,0,0,0,0,0,0.08870429734617827,0
synthetic,64,launched,email,,7,Recompensa + Personalización,Beneficio exclusivo para usted,Plantilla combinada,0,0,1,1,30,45-54,M,Tecnica,1912,synthetic_user_1912@example.com,synthetic-uid-1912,1,1,0,0,1,0,0,0.08870429734617827,0
synthetic,64,launched,email,,7,Recompensa + Personalización,Beneficio exclusivo para usted,Plantilla combinada,0,0,1,1,30,45-54,M,Tecnica,1913,synthetic_user_1913@example.com,synthetic-uid-1913,1,1,0,0,1,0,0,0.08870429734617827,0
synthetic,64,launched,email,,7,Recompensa + Personalización,Beneficio exclusivo para usted,Plantilla combinada,0,0,1,1,30,45-54,M,Tecnica,1914,synthetic_user_1914@example.com,synthetic-uid-1914,1,0,0,0,0,0,0,0.08870429734617827,0
synthetic,64,launched,email,,7,Recompensa + Personalización,Beneficio exclusivo para usted,Plantilla combinada,0,0,1,1,30,45-54,M,Tecnica,1915,synthetic_user_1915@example.com,synthetic-uid-1915,1,0,0,0,0,0,0,0.08870429734617827,0
synthetic,64,launched,email,,7,Recompensa + Personalización,Beneficio exclusivo para usted,Plantilla combinada,0,0,1,1,30,45-54,M,Tecnica,1916,synthetic_user_1916@example.com,synthetic-uid-1916,1,1,1,0,1,1,0,0.08870429734617827,0
synthetic,64,launched,email,,7,Recompensa + Personalización,Beneficio exclusivo para usted,Plantilla combinada,0,0,1,1,30,45-54,M,Tecnica,1917,synthetic_user_1917@example.com,synthetic-uid-1917,1,0,0,0,0,0,0,0.08870429734617827,0
synthetic,64,launched,email,,7,Recompensa + Personalización,Beneficio exclusivo para usted,Plantilla combinada,0,0,1,1,30,45-54,M,Tecnica,1918,synthetic_user_1918@example.com,synthetic-uid-1918,1,1,0,0,1,0,0,0.08870429734617827,0
synthetic,64,launched,email,,7,Recompensa + Personalización,Beneficio exclusivo para usted,Plantilla combinada,0,0,1,1,30,45-54,M,Tecnica,1919,synthetic_user_1919@example.com,synthetic-uid-1919,1,1,0,0,1,0,0,0.08870429734617827,0
synthetic,64,launched,email,,7,Recompensa + Personalización,Beneficio exclusivo para usted,Plantilla combinada,0,0,1,1,30,45-54,M,Tecnica,1920,synthetic_user_1920@example.com,synthetic-uid-1920,1,0,0,0,0,0,0,0.08870429734617827,0
synthetic,65,launched,email,,7,Recompensa + Personalización,Beneficio exclusivo para usted,Plantilla combinada,0,0,1,1,9,25-34,F,Secundaria,1921,synthetic_user_1921@example.com,synthetic-uid-1921,1,0,0,0,0,0,0,0.06349399355991077,0
synthetic,65,launched,email,,7,Recompensa + Personalización,Beneficio exclusivo para usted,Plantilla combinada,0,0,1,1,9,25-34,F,Secundaria,1922,synthetic_user_1922@example.com,synthetic-uid-1922,1,0,0,0,0,0,0,0.06349399355991077,0
synthetic,65,launched,email,,7,Recompensa + Personalización,Beneficio exclusivo para usted,Plantilla combinada,0,0,1,1,9,25-34,F,Secundaria,1923,synthetic_user_1923@example.com,synthetic-uid-1923,1,1,0,0,1,0,0,0.06349399355991077,0
synthetic,65,launched,email,,7,Recompensa + Personalización,Beneficio exclusivo para usted,Plantilla combinada,0,0,1,1,9,25-34,F,Secundaria,1924,synthetic_user_1924@example.com,synthetic-uid-1924,1,0,0,0,0,0,0,0.06349399355991077,0
synthetic,65,launched,email,,7,Recompensa + Personalización,Beneficio exclusivo para usted,Plantilla combinada,0,0,1,1,9,25-34,F,Secundaria,1925,synthetic_user_1925@example.com,synthetic-uid-1925,1,1,0,0,1,0,0,0.06349399355991077,0
synthetic,65,launched,email,,7,Recompensa + Personalización,Beneficio exclusivo para usted,Plantilla combinada,0,0,1,1,9,25-34,F,Secundaria,1926,synthetic_user_1926@example.com,synthetic-uid-1926,1,1,0,0,1,0,0,0.06349399355991077,0
synthetic,65,launched,email,,7,Recompensa + Personalización,Beneficio exclusivo para usted,Plantilla combinada,0,0,1,1,9,25-34,F,Secundaria,1927,synthetic_user_1927@example.com,synthetic-uid-1927,1,0,0,0,0,0,0,0.06349399355991077,0
synthetic,65,launched,email,,7,Recompensa + Personalización,Beneficio exclusivo para usted,Plantilla combinada,0,0,1,1,9,25-34,F,Secundaria,1928,synthetic_user_1928@example.com,synthetic-uid-1928,1,0,0,0,0,0,0,0.06349399355991077,0
synthetic,65,launched,email,,7,Recompensa + Personalización,Beneficio exclusivo para usted,Plantilla combinada,0,0,1,1,9,25-34,F,Secundaria,1929,synthetic_user_1929@example.com,synthetic-uid-1929,1,0,0,0,0,0,0,0.06349399355991077,0
synthetic,65,launched,email,,7,Recompensa + Personalización,Beneficio exclusivo para usted,Plantilla combinada,0,0,1,1,9,25-34,F,Secundaria,1930,synthetic_user_1930@example.com,synthetic-uid-1930,1,1,0,0,1,0,0,0.06349399355991077,0
synthetic,65,launched,email,,7,Recompensa + Personalización,Beneficio exclusivo para usted,Plantilla combinada,0,0,1,1,9,25-34,F,Secundaria,1931,synthetic_user_1931@example.com,synthetic-uid-1931,1,1,1,0,1,1,0,0.06349399355991077,0
synthetic,65,launched,email,,7,Recompensa + Personalización,Beneficio exclusivo para usted,Plantilla combinada,0,0,1,1,9,25-34,F,Secundaria,1932,synthetic_user_1932@example.com,synthetic-uid-1932,1,0,0,0,0,0,0,0.06349399355991077,0
synthetic,65,launched,email,,7,Recompensa + Personalización,Beneficio exclusivo para usted,Plantilla combinada,0,0,1,1,9,25-34,F,Secundaria,1933,synthetic_user_1933@example.com,synthetic-uid-1933,1,1,0,0,1,0,0,0.06349399355991077,0
synthetic,65,launched,email,,7,Recompensa + Personalización,Beneficio exclusivo para usted,Plantilla combinada,0,0,1,1,9,25-34,F,Secundaria,1934,synthetic_user_1934@example.com,synthetic-uid-1934,1,0,0,0,0,0,0,0.06349399355991077,0
synthetic,65,launched,email,,7,Recompensa + Personalización,Beneficio exclusivo para usted,Plantilla combinada,0,0,1,1,9,25-34,F,Secundaria,1935,synthetic_user_1935@example.com,synthetic-uid-1935,1,1,0,0,1,0,0,0.06349399355991077,0
synthetic,65,launched,email,,7,Recompensa + Personalización,Beneficio exclusivo para usted,Plantilla combinada,0,0,1,1,9,25-34,F,Secundaria,1936,synthetic_user_1936@example.com,synthetic-uid-1936,1,1,0,0,1,0,0,0.06349399355991077,0
synthetic,65,launched,email,,7,Recompensa + Personalización,Beneficio exclusivo para usted,Plantilla combinada,0,0,1,1,9,25-34,F,Secundaria,1937,synthetic_user_1937@example.com,synthetic-uid-1937,1,0,0,0,0,0,0,0.06349399355991077,0
synthetic,65,launched,email,,7,Recompensa + Personalización,Beneficio exclusivo para usted,Plantilla combinada,0,0,1,1,9,25-34,F,Secundaria,1938,synthetic_user_1938@example.com,synthetic-uid-1938,1,1,0,0,1,0,0,0.06349399355991077,0
synthetic,65,launched,email,,7,Recompensa + Personalización,Beneficio exclusivo para usted,Plantilla combinada,0,0,1,1,9,25-34,F,Secundaria,1939,synthetic_user_1939@example.com,synthetic-uid-1939,1,1,0,0,1,0,0,0.06349399355991077,0
synthetic,65,launched,email,,7,Recompensa + Personalización,Beneficio exclusivo para usted,Plantilla combinada,0,0,1,1,9,25-34,F,Secundaria,1940,synthetic_user_1940@example.com,synthetic-uid-1940,1,0,0,0,0,0,0,0.06349399355991077,0
synthetic,65,launched,email,,7,Recompensa + Personalización,Beneficio exclusivo para usted,Plantilla combinada,0,0,1,1,9,25-34,F,Secundaria,1941,synthetic_user_1941@example.com,synthetic-uid-1941,1,1,0,0,1,0,0,0.06349399355991077,0
synthetic,65,launched,email,,7,Recompensa + Personalización,Beneficio exclusivo para usted,Plantilla combinada,0,0,1,1,9,25-34,F,Secundaria,1942,synthetic_user_1942@example.com,synthetic-uid-1942,1,1,0,0,1,0,0,0.06349399355991077,0
synthetic,65,launched,email,,7,Recompensa + Personalización,Beneficio exclusivo para usted,Plantilla combinada,0,0,1,1,9,25-34,F,Secundaria,1943,synthetic_user_1943@example.com,synthetic-uid-1943,1,0,0,0,0,0,0,0.06349399355991077,0
synthetic,65,launched,email,,7,Recompensa + Personalización,Beneficio exclusivo para usted,Plantilla combinada,0,0,1,1,9,25-34,F,Secundaria,1944,synthetic_user_1944@example.com,synthetic-uid-1944,1,0,0,0,0,0,0,0.06349399355991077,0
synthetic,65,launched,email,,7,Recompensa + Personalización,Beneficio exclusivo para usted,Plantilla combinada,0,0,1,1,9,25-34,F,Secundaria,1945,synthetic_user_1945@example.com,synthetic-uid-1945,1,0,0,0,0,0,0,0.06349399355991077,0
synthetic,65,launched,email,,7,Recompensa + Personalización,Beneficio exclusivo para usted,Plantilla combinada,0,0,1,1,9,25-34,F,Secundaria,1946,synthetic_user_1946@example.com,synthetic-uid-1946,1,1,0,0,1,0,0,0.06349399355991077,0
synthetic,65,launched,email,,7,Recompensa + Personalización,Beneficio exclusivo para usted,Plantilla combinada,0,0,1,1,9,25-34,F,Secundaria,1947,synthetic_user_1947@example.com,synthetic-uid-1947,1,1,0,0,1,0,0,0.06349399355991077,0
synthetic,65,launched,email,,7,Recompensa + Personalización,Beneficio exclusivo para usted,Plantilla combinada,0,0,1,1,9,25-34,F,Secundaria,1948,synthetic_user_1948@example.com,synthetic-uid-1948,1,1,0,0,1,0,0,0.06349399355991077,0
synthetic,65,launched,email,,7,Recompensa + Personalización,Beneficio exclusivo para usted,Plantilla combinada,0,0,1,1,9,25-34,F,Secundaria,1949,synthetic_user_1949@example.com,synthetic-uid-1949,1,1,0,0,1,0,0,0.06349399355991077,0
synthetic,65,launched,email,,7,Recompensa + Personalización,Beneficio exclusivo para usted,Plantilla combinada,0,0,1,1,9,25-34,F,Secundaria,1950,synthetic_user_1950@example.com,synthetic-uid-1950,1,1,0,0,1,0,0,0.06349399355991077,0
synthetic,66,launched,email,,7,Recompensa + Personalización,Beneficio exclusivo para usted,Plantilla combinada,0,0,1,1,37,55+,M,Secundaria,1951,synthetic_user_1951@example.com,synthetic-uid-1951,1,0,0,0,0,0,0,0.024760137559630684,0
synthetic,66,launched,email,,7,Recompensa + Personalización,Beneficio exclusivo para usted,Plantilla combinada,0,0,1,1,37,55+,M,Secundaria,1952,synthetic_user_1952@example.com,synthetic-uid-1952,1,0,0,0,0,0,0,0.024760137559630684,0
synthetic,66,launched,email,,7,Recompensa + Personalización,Beneficio exclusivo para usted,Plantilla combinada,0,0,1,1,37,55+,M,Secundaria,1953,synthetic_user_1953@example.com,synthetic-uid-1953,1,1,0,0,1,0,0,0.024760137559630684,0
synthetic,66,launched,email,,7,Recompensa + Personalización,Beneficio exclusivo para usted,Plantilla combinada,0,0,1,1,37,55+,M,Secundaria,1954,synthetic_user_1954@example.com,synthetic-uid-1954,1,0,0,0,0,0,0,0.024760137559630684,0
synthetic,66,launched,email,,7,Recompensa + Personalización,Beneficio exclusivo para usted,Plantilla combinada,0,0,1,1,37,55+,M,Secundaria,1955,synthetic_user_1955@example.com,synthetic-uid-1955,1,1,0,0,1,0,0,0.024760137559630684,0
synthetic,66,launched,email,,7,Recompensa + Personalización,Beneficio exclusivo para usted,Plantilla combinada,0,0,1,1,37,55+,M,Secundaria,1956,synthetic_user_1956@example.com,synthetic-uid-1956,1,1,0,0,1,0,0,0.024760137559630684,0
synthetic,66,launched,email,,7,Recompensa + Personalización,Beneficio exclusivo para usted,Plantilla combinada,0,0,1,1,37,55+,M,Secundaria,1957,synthetic_user_1957@example.com,synthetic-uid-1957,1,0,0,0,0,0,0,0.024760137559630684,0
synthetic,66,launched,email,,7,Recompensa + Personalización,Beneficio exclusivo para usted,Plantilla combinada,0,0,1,1,37,55+,M,Secundaria,1958,synthetic_user_1958@example.com,synthetic-uid-1958,1,0,0,0,0,0,0,0.024760137559630684,0
synthetic,66,launched,email,,7,Recompensa + Personalización,Beneficio exclusivo para usted,Plantilla combinada,0,0,1,1,37,55+,M,Secundaria,1959,synthetic_user_1959@example.com,synthetic-uid-1959,1,0,0,0,0,0,0,0.024760137559630684,0
synthetic,66,launched,email,,7,Recompensa + Personalización,Beneficio exclusivo para usted,Plantilla combinada,0,0,1,1,37,55+,M,Secundaria,1960,synthetic_user_1960@example.com,synthetic-uid-1960,1,1,0,0,1,0,0,0.024760137559630684,0
synthetic,66,launched,email,,7,Recompensa + Personalización,Beneficio exclusivo para usted,Plantilla combinada,0,0,1,1,37,55+,M,Secundaria,1961,synthetic_user_1961@example.com,synthetic-uid-1961,1,0,0,0,0,0,0,0.024760137559630684,0
synthetic,66,launched,email,,7,Recompensa + Personalización,Beneficio exclusivo para usted,Plantilla combinada,0,0,1,1,37,55+,M,Secundaria,1962,synthetic_user_1962@example.com,synthetic-uid-1962,1,0,0,0,0,0,0,0.024760137559630684,0
synthetic,66,launched,email,,7,Recompensa + Personalización,Beneficio exclusivo para usted,Plantilla combinada,0,0,1,1,37,55+,M,Secundaria,1963,synthetic_user_1963@example.com,synthetic-uid-1963,1,0,0,0,0,0,0,0.024760137559630684,0
synthetic,66,launched,email,,7,Recompensa + Personalización,Beneficio exclusivo para usted,Plantilla combinada,0,0,1,1,37,55+,M,Secundaria,1964,synthetic_user_1964@example.com,synthetic-uid-1964,1,0,0,0,0,0,0,0.024760137559630684,0
synthetic,66,launched,email,,7,Recompensa + Personalización,Beneficio exclusivo para usted,Plantilla combinada,0,0,1,1,37,55+,M,Secundaria,1965,synthetic_user_1965@example.com,synthetic-uid-1965,1,0,0,0,0,0,0,0.024760137559630684,0
synthetic,66,launched,email,,7,Recompensa + Personalización,Beneficio exclusivo para usted,Plantilla combinada,0,0,1,1,37,55+,M,Secundaria,1966,synthetic_user_1966@example.com,synthetic-uid-1966,1,1,1,0,1,1,0,0.024760137559630684,0
synthetic,66,launched,email,,7,Recompensa + Personalización,Beneficio exclusivo para usted,Plantilla combinada,0,0,1,1,37,55+,M,Secundaria,1967,synthetic_user_1967@example.com,synthetic-uid-1967,1,1,0,0,1,0,0,0.024760137559630684,0
synthetic,66,launched,email,,7,Recompensa + Personalización,Beneficio exclusivo para usted,Plantilla combinada,0,0,1,1,37,55+,M,Secundaria,1968,synthetic_user_1968@example.com,synthetic-uid-1968,1,0,0,0,0,0,0,0.024760137559630684,0
synthetic,66,launched,email,,7,Recompensa + Personalización,Beneficio exclusivo para usted,Plantilla combinada,0,0,1,1,37,55+,M,Secundaria,1969,synthetic_user_1969@example.com,synthetic-uid-1969,1,1,0,0,1,0,0,0.024760137559630684,0
synthetic,66,launched,email,,7,Recompensa + Personalización,Beneficio exclusivo para usted,Plantilla combinada,0,0,1,1,37,55+,M,Secundaria,1970,synthetic_user_1970@example.com,synthetic-uid-1970,1,0,0,0,0,0,0,0.024760137559630684,0
synthetic,66,launched,email,,7,Recompensa + Personalización,Beneficio exclusivo para usted,Plantilla combinada,0,0,1,1,37,55+,M,Secundaria,1971,synthetic_user_1971@example.com,synthetic-uid-1971,1,0,0,0,0,0,0,0.024760137559630684,0
synthetic,66,launched,email,,7,Recompensa + Personalización,Beneficio exclusivo para usted,Plantilla combinada,0,0,1,1,37,55+,M,Secundaria,1972,synthetic_user_1972@example.com,synthetic-uid-1972,1,0,0,0,0,0,0,0.024760137559630684,0
synthetic,66,launched,email,,7,Recompensa + Personalización,Beneficio exclusivo para usted,Plantilla combinada,0,0,1,1,37,55+,M,Secundaria,1973,synthetic_user_1973@example.com,synthetic-uid-1973,1,0,0,0,0,0,0,0.024760137559630684,0
synthetic,66,launched,email,,7,Recompensa + Personalización,Beneficio exclusivo para usted,Plantilla combinada,0,0,1,1,37,55+,M,Secundaria,1974,synthetic_user_1974@example.com,synthetic-uid-1974,1,1,0,0,1,0,0,0.024760137559630684,0
synthetic,66,launched,email,,7,Recompensa + Personalización,Beneficio exclusivo para usted,Plantilla combinada,0,0,1,1,37,55+,M,Secundaria,1975,synthetic_user_1975@example.com,synthetic-uid-1975,1,0,0,0,0,0,0,0.024760137559630684,0
synthetic,66,launched,email,,7,Recompensa + Personalización,Beneficio exclusivo para usted,Plantilla combinada,0,0,1,1,37,55+,M,Secundaria,1976,synthetic_user_1976@example.com,synthetic-uid-1976,1,1,0,0,1,0,0,0.024760137559630684,0
synthetic,66,launched,email,,7,Recompensa + Personalización,Beneficio exclusivo para usted,Plantilla combinada,0,0,1,1,37,55+,M,Secundaria,1977,synthetic_user_1977@example.com,synthetic-uid-1977,1,0,0,0,0,0,0,0.024760137559630684,0
synthetic,66,launched,email,,7,Recompensa + Personalización,Beneficio exclusivo para usted,Plantilla combinada,0,0,1,1,37,55+,M,Secundaria,1978,synthetic_user_1978@example.com,synthetic-uid-1978,1,1,0,0,1,0,0,0.024760137559630684,0
synthetic,66,launched,email,,7,Recompensa + Personalización,Beneficio exclusivo para usted,Plantilla combinada,0,0,1,1,37,55+,M,Secundaria,1979,synthetic_user_1979@example.com,synthetic-uid-1979,1,1,0,0,1,0,0,0.024760137559630684,0
synthetic,66,launched,email,,7,Recompensa + Personalización,Beneficio exclusivo para usted,Plantilla combinada,0,0,1,1,37,55+,M,Secundaria,1980,synthetic_user_1980@example.com,synthetic-uid-1980,1,0,0,0,0,0,0,0.024760137559630684,0
synthetic,67,launched,email,,7,Recompensa + Personalización,Beneficio exclusivo para usted,Plantilla combinada,0,0,1,1,12,25-34,F,Posgrado,1981,synthetic_user_1981@example.com,synthetic-uid-1981,1,1,0,0,1,0,0,0.06397834908007387,0
synthetic,67,launched,email,,7,Recompensa + Personalización,Beneficio exclusivo para usted,Plantilla combinada,0,0,1,1,12,25-34,F,Posgrado,1982,synthetic_user_1982@example.com,synthetic-uid-1982,1,0,0,0,0,0,0,0.06397834908007387,0
synthetic,67,launched,email,,7,Recompensa + Personalización,Beneficio exclusivo para usted,Plantilla combinada,0,0,1,1,12,25-34,F,Posgrado,1983,synthetic_user_1983@example.com,synthetic-uid-1983,1,1,0,0,1,0,0,0.06397834908007387,0
synthetic,67,launched,email,,7,Recompensa + Personalización,Beneficio exclusivo para usted,Plantilla combinada,0,0,1,1,12,25-34,F,Posgrado,1984,synthetic_user_1984@example.com,synthetic-uid-1984,1,0,0,0,0,0,0,0.06397834908007387,0
synthetic,67,launched,email,,7,Recompensa + Personalización,Beneficio exclusivo para usted,Plantilla combinada,0,0,1,1,12,25-34,F,Posgrado,1985,synthetic_user_1985@example.com,synthetic-uid-1985,1,0,0,0,0,0,0,0.06397834908007387,0
synthetic,67,launched,email,,7,Recompensa + Personalización,Beneficio exclusivo para usted,Plantilla combinada,0,0,1,1,12,25-34,F,Posgrado,1986,synthetic_user_1986@example.com,synthetic-uid-1986,1,0,0,0,0,0,0,0.06397834908007387,0
synthetic,67,launched,email,,7,Recompensa + Personalización,Beneficio exclusivo para usted,Plantilla combinada,0,0,1,1,12,25-34,F,Posgrado,1987,synthetic_user_1987@example.com,synthetic-uid-1987,1,1,1,0,1,1,0,0.06397834908007387,0
synthetic,67,launched,email,,7,Recompensa + Personalización,Beneficio exclusivo para usted,Plantilla combinada,0,0,1,1,12,25-34,F,Posgrado,1988,synthetic_user_1988@example.com,synthetic-uid-1988,1,0,0,0,0,0,0,0.06397834908007387,0
synthetic,67,launched,email,,7,Recompensa + Personalización,Beneficio exclusivo para usted,Plantilla combinada,0,0,1,1,12,25-34,F,Posgrado,1989,synthetic_user_1989@example.com,synthetic-uid-1989,1,1,0,0,1,0,0,0.06397834908007387,0
synthetic,67,launched,email,,7,Recompensa + Personalización,Beneficio exclusivo para usted,Plantilla combinada,0,0,1,1,12,25-34,F,Posgrado,1990,synthetic_user_1990@example.com,synthetic-uid-1990,1,0,0,0,0,0,0,0.06397834908007387,0
synthetic,67,launched,email,,7,Recompensa + Personalización,Beneficio exclusivo para usted,Plantilla combinada,0,0,1,1,12,25-34,F,Posgrado,1991,synthetic_user_1991@example.com,synthetic-uid-1991,1,1,0,0,1,0,0,0.06397834908007387,0
synthetic,67,launched,email,,7,Recompensa + Personalización,Beneficio exclusivo para usted,Plantilla combinada,0,0,1,1,12,25-34,F,Posgrado,1992,synthetic_user_1992@example.com,synthetic-uid-1992,1,1,1,0,1,1,0,0.06397834908007387,0
synthetic,67,launched,email,,7,Recompensa + Personalización,Beneficio exclusivo para usted,Plantilla combinada,0,0,1,1,12,25-34,F,Posgrado,1993,synthetic_user_1993@example.com,synthetic-uid-1993,1,0,0,0,0,0,0,0.06397834908007387,0
synthetic,67,launched,email,,7,Recompensa + Personalización,Beneficio exclusivo para usted,Plantilla combinada,0,0,1,1,12,25-34,F,Posgrado,1994,synthetic_user_1994@example.com,synthetic-uid-1994,1,0,0,0,0,0,0,0.06397834908007387,0
synthetic,67,launched,email,,7,Recompensa + Personalización,Beneficio exclusivo para usted,Plantilla combinada,0,0,1,1,12,25-34,F,Posgrado,1995,synthetic_user_1995@example.com,synthetic-uid-1995,1,1,0,0,1,0,0,0.06397834908007387,0
synthetic,67,launched,email,,7,Recompensa + Personalización,Beneficio exclusivo para usted,Plantilla combinada,0,0,1,1,12,25-34,F,Posgrado,1996,synthetic_user_1996@example.com,synthetic-uid-1996,1,1,0,0,1,0,0,0.06397834908007387,0
synthetic,67,launched,email,,7,Recompensa + Personalización,Beneficio exclusivo para usted,Plantilla combinada,0,0,1,1,12,25-34,F,Posgrado,1997,synthetic_user_1997@example.com,synthetic-uid-1997,1,0,0,0,0,0,0,0.06397834908007387,0
synthetic,67,launched,email,,7,Recompensa + Personalización,Beneficio exclusivo para usted,Plantilla combinada,0,0,1,1,12,25-34,F,Posgrado,1998,synthetic_user_1998@example.com,synthetic-uid-1998,1,0,0,0,0,0,0,0.06397834908007387,0
synthetic,67,launched,email,,7,Recompensa + Personalización,Beneficio exclusivo para usted,Plantilla combinada,0,0,1,1,12,25-34,F,Posgrado,1999,synthetic_user_1999@example.com,synthetic-uid-1999,1,1,1,0,1,1,0,0.06397834908007387,0
synthetic,67,launched,email,,7,Recompensa + Personalización,Beneficio exclusivo para usted,Plantilla combinada,0,0,1,1,12,25-34,F,Posgrado,2000,synthetic_user_2000@example.com,synthetic-uid-2000,1,0,0,0,0,0,0,0.06397834908007387,0
synthetic,67,launched,email,,7,Recompensa + Personalización,Beneficio exclusivo para usted,Plantilla combinada,0,0,1,1,12,25-34,F,Posgrado,2001,synthetic_user_2001@example.com,synthetic-uid-2001,1,0,0,0,0,0,0,0.06397834908007387,0
synthetic,67,launched,email,,7,Recompensa + Personalización,Beneficio exclusivo para usted,Plantilla combinada,0,0,1,1,12,25-34,F,Posgrado,2002,synthetic_user_2002@example.com,synthetic-uid-2002,1,1,0,0,1,0,0,0.06397834908007387,0
synthetic,67,launched,email,,7,Recompensa + Personalización,Beneficio exclusivo para usted,Plantilla combinada,0,0,1,1,12,25-34,F,Posgrado,2003,synthetic_user_2003@example.com,synthetic-uid-2003,1,1,0,0,1,0,0,0.06397834908007387,0
synthetic,67,launched,email,,7,Recompensa + Personalización,Beneficio exclusivo para usted,Plantilla combinada,0,0,1,1,12,25-34,F,Posgrado,2004,synthetic_user_2004@example.com,synthetic-uid-2004,1,1,0,0,1,0,0,0.06397834908007387,0
synthetic,67,launched,email,,7,Recompensa + Personalización,Beneficio exclusivo para usted,Plantilla combinada,0,0,1,1,12,25-34,F,Posgrado,2005,synthetic_user_2005@example.com,synthetic-uid-2005,1,0,0,0,0,0,0,0.06397834908007387,0
synthetic,67,launched,email,,7,Recompensa + Personalización,Beneficio exclusivo para usted,Plantilla combinada,0,0,1,1,12,25-34,F,Posgrado,2006,synthetic_user_2006@example.com,synthetic-uid-2006,1,1,0,0,1,0,0,0.06397834908007387,0
synthetic,67,launched,email,,7,Recompensa + Personalización,Beneficio exclusivo para usted,Plantilla combinada,0,0,1,1,12,25-34,F,Posgrado,2007,synthetic_user_2007@example.com,synthetic-uid-2007,1,0,0,0,0,0,0,0.06397834908007387,0
synthetic,67,launched,email,,7,Recompensa + Personalización,Beneficio exclusivo para usted,Plantilla combinada,0,0,1,1,12,25-34,F,Posgrado,2008,synthetic_user_2008@example.com,synthetic-uid-2008,1,0,0,0,0,0,0,0.06397834908007387,0
synthetic,67,launched,email,,7,Recompensa + Personalización,Beneficio exclusivo para usted,Plantilla combinada,0,0,1,1,12,25-34,F,Posgrado,2009,synthetic_user_2009@example.com,synthetic-uid-2009,1,0,0,0,0,0,0,0.06397834908007387,0
synthetic,67,launched,email,,7,Recompensa + Personalización,Beneficio exclusivo para usted,Plantilla combinada,0,0,1,1,12,25-34,F,Posgrado,2010,synthetic_user_2010@example.com,synthetic-uid-2010,1,0,0,0,0,0,0,0.06397834908007387,0
synthetic,68,launched,email,,7,Recompensa + Personalización,Beneficio exclusivo para usted,Plantilla combinada,0,0,1,1,27,45-54,F,Universitaria,2011,synthetic_user_2011@example.com,synthetic-uid-2011,1,1,0,0,1,0,0,0.060397333503082996,0
synthetic,68,launched,email,,7,Recompensa + Personalización,Beneficio exclusivo para usted,Plantilla combinada,0,0,1,1,27,45-54,F,Universitaria,2012,synthetic_user_2012@example.com,synthetic-uid-2012,1,0,0,0,0,0,0,0.060397333503082996,0
synthetic,68,launched,email,,7,Recompensa + Personalización,Beneficio exclusivo para usted,Plantilla combinada,0,0,1,1,27,45-54,F,Universitaria,2013,synthetic_user_2013@example.com,synthetic-uid-2013,1,0,0,0,0,0,0,0.060397333503082996,0
synthetic,68,launched,email,,7,Recompensa + Personalización,Beneficio exclusivo para usted,Plantilla combinada,0,0,1,1,27,45-54,F,Universitaria,2014,synthetic_user_2014@example.com,synthetic-uid-2014,1,0,0,0,0,0,0,0.060397333503082996,0
synthetic,68,launched,email,,7,Recompensa + Personalización,Beneficio exclusivo para usted,Plantilla combinada,0,0,1,1,27,45-54,F,Universitaria,2015,synthetic_user_2015@example.com,synthetic-uid-2015,1,0,0,0,0,0,0,0.060397333503082996,0
synthetic,68,launched,email,,7,Recompensa + Personalización,Beneficio exclusivo para usted,Plantilla combinada,0,0,1,1,27,45-54,F,Universitaria,2016,synthetic_user_2016@example.com,synthetic-uid-2016,1,1,0,0,1,0,0,0.060397333503082996,0
synthetic,68,launched,email,,7,Recompensa + Personalización,Beneficio exclusivo para usted,Plantilla combinada,0,0,1,1,27,45-54,F,Universitaria,2017,synthetic_user_2017@example.com,synthetic-uid-2017,1,1,0,0,1,0,0,0.060397333503082996,0
synthetic,68,launched,email,,7,Recompensa + Personalización,Beneficio exclusivo para usted,Plantilla combinada,0,0,1,1,27,45-54,F,Universitaria,2018,synthetic_user_2018@example.com,synthetic-uid-2018,1,0,0,0,0,0,0,0.060397333503082996,0
synthetic,68,launched,email,,7,Recompensa + Personalización,Beneficio exclusivo para usted,Plantilla combinada,0,0,1,1,27,45-54,F,Universitaria,2019,synthetic_user_2019@example.com,synthetic-uid-2019,1,1,0,0,1,0,0,0.060397333503082996,0
synthetic,68,launched,email,,7,Recompensa + Personalización,Beneficio exclusivo para usted,Plantilla combinada,0,0,1,1,27,45-54,F,Universitaria,2020,synthetic_user_2020@example.com,synthetic-uid-2020,1,0,0,0,0,0,0,0.060397333503082996,0
synthetic,68,launched,email,,7,Recompensa + Personalización,Beneficio exclusivo para usted,Plantilla combinada,0,0,1,1,27,45-54,F,Universitaria,2021,synthetic_user_2021@example.com,synthetic-uid-2021,1,0,0,0,0,0,0,0.060397333503082996,0
synthetic,68,launched,email,,7,Recompensa + Personalización,Beneficio exclusivo para usted,Plantilla combinada,0,0,1,1,27,45-54,F,Universitaria,2022,synthetic_user_2022@example.com,synthetic-uid-2022,1,0,0,0,0,0,0,0.060397333503082996,0
synthetic,68,launched,email,,7,Recompensa + Personalización,Beneficio exclusivo para usted,Plantilla combinada,0,0,1,1,27,45-54,F,Universitaria,2023,synthetic_user_2023@example.com,synthetic-uid-2023,1,1,1,0,1,1,0,0.060397333503082996,0
synthetic,68,launched,email,,7,Recompensa + Personalización,Beneficio exclusivo para usted,Plantilla combinada,0,0,1,1,27,45-54,F,Universitaria,2024,synthetic_user_2024@example.com,synthetic-uid-2024,1,0,0,0,0,0,0,0.060397333503082996,0
synthetic,68,launched,email,,7,Recompensa + Personalización,Beneficio exclusivo para usted,Plantilla combinada,0,0,1,1,27,45-54,F,Universitaria,2025,synthetic_user_2025@example.com,synthetic-uid-2025,1,0,0,0,0,0,0,0.060397333503082996,0
synthetic,68,launched,email,,7,Recompensa + Personalización,Beneficio exclusivo para usted,Plantilla combinada,0,0,1,1,27,45-54,F,Universitaria,2026,synthetic_user_2026@example.com,synthetic-uid-2026,1,1,0,0,1,0,0,0.060397333503082996,0
synthetic,68,launched,email,,7,Recompensa + Personalización,Beneficio exclusivo para usted,Plantilla combinada,0,0,1,1,27,45-54,F,Universitaria,2027,synthetic_user_2027@example.com,synthetic-uid-2027,1,0,0,0,0,0,0,0.060397333503082996,0
synthetic,68,launched,email,,7,Recompensa + Personalización,Beneficio exclusivo para usted,Plantilla combinada,0,0,1,1,27,45-54,F,Universitaria,2028,synthetic_user_2028@example.com,synthetic-uid-2028,1,1,0,0,1,0,0,0.060397333503082996,0
synthetic,68,launched,email,,7,Recompensa + Personalización,Beneficio exclusivo para usted,Plantilla combinada,0,0,1,1,27,45-54,F,Universitaria,2029,synthetic_user_2029@example.com,synthetic-uid-2029,1,0,0,0,0,0,0,0.060397333503082996,0
synthetic,68,launched,email,,7,Recompensa + Personalización,Beneficio exclusivo para usted,Plantilla combinada,0,0,1,1,27,45-54,F,Universitaria,2030,synthetic_user_2030@example.com,synthetic-uid-2030,1,0,0,0,0,0,0,0.060397333503082996,0
synthetic,68,launched,email,,7,Recompensa + Personalización,Beneficio exclusivo para usted,Plantilla combinada,0,0,1,1,27,45-54,F,Universitaria,2031,synthetic_user_2031@example.com,synthetic-uid-2031,1,0,0,0,0,0,0,0.060397333503082996,0
synthetic,68,launched,email,,7,Recompensa + Personalización,Beneficio exclusivo para usted,Plantilla combinada,0,0,1,1,27,45-54,F,Universitaria,2032,synthetic_user_2032@example.com,synthetic-uid-2032,1,0,0,0,0,0,0,0.060397333503082996,0
synthetic,68,launched,email,,7,Recompensa + Personalización,Beneficio exclusivo para usted,Plantilla combinada,0,0,1,1,27,45-54,F,Universitaria,2033,synthetic_user_2033@example.com,synthetic-uid-2033,1,0,0,0,0,0,0,0.060397333503082996,0
synthetic,68,launched,email,,7,Recompensa + Personalización,Beneficio exclusivo para usted,Plantilla combinada,0,0,1,1,27,45-54,F,Universitaria,2034,synthetic_user_2034@example.com,synthetic-uid-2034,1,0,0,0,0,0,0,0.060397333503082996,0
synthetic,68,launched,email,,7,Recompensa + Personalización,Beneficio exclusivo para usted,Plantilla combinada,0,0,1,1,27,45-54,F,Universitaria,2035,synthetic_user_2035@example.com,synthetic-uid-2035,1,1,0,0,1,0,0,0.060397333503082996,0
synthetic,68,launched,email,,7,Recompensa + Personalización,Beneficio exclusivo para usted,Plantilla combinada,0,0,1,1,27,45-54,F,Universitaria,2036,synthetic_user_2036@example.com,synthetic-uid-2036,1,1,0,0,1,0,0,0.060397333503082996,0
synthetic,68,launched,email,,7,Recompensa + Personalización,Beneficio exclusivo para usted,Plantilla combinada,0,0,1,1,27,45-54,F,Universitaria,2037,synthetic_user_2037@example.com,synthetic-uid-2037,1,0,0,0,0,0,0,0.060397333503082996,0
synthetic,68,launched,email,,7,Recompensa + Personalización,Beneficio exclusivo para usted,Plantilla combinada,0,0,1,1,27,45-54,F,Universitaria,2038,synthetic_user_2038@example.com,synthetic-uid-2038,1,0,0,0,0,0,0,0.060397333503082996,0
synthetic,68,launched,email,,7,Recompensa + Personalización,Beneficio exclusivo para usted,Plantilla combinada,0,0,1,1,27,45-54,F,Universitaria,2039,synthetic_user_2039@example.com,synthetic-uid-2039,1,1,0,0,1,0,0,0.060397333503082996,0
synthetic,68,launched,email,,7,Recompensa + Personalización,Beneficio exclusivo para usted,Plantilla combinada,0,0,1,1,27,45-54,F,Universitaria,2040,synthetic_user_2040@example.com,synthetic-uid-2040,1,0,0,0,0,0,0,0.060397333503082996,0
synthetic,69,launched,email,,7,Recompensa + Personalización,Beneficio exclusivo para usted,Plantilla combinada,0,0,1,1,25,45-54,F,Secundaria,2041,synthetic_user_2041@example.com,synthetic-uid-2041,1,0,0,0,0,0,0,0.07895034054847185,0
synthetic,69,launched,email,,7,Recompensa + Personalización,Beneficio exclusivo para usted,Plantilla combinada,0,0,1,1,25,45-54,F,Secundaria,2042,synthetic_user_2042@example.com,synthetic-uid-2042,1,0,0,0,0,0,0,0.07895034054847185,0
synthetic,69,launched,email,,7,Recompensa + Personalización,Beneficio exclusivo para usted,Plantilla combinada,0,0,1,1,25,45-54,F,Secundaria,2043,synthetic_user_2043@example.com,synthetic-uid-2043,1,1,0,0,1,0,0,0.07895034054847185,0
synthetic,69,launched,email,,7,Recompensa + Personalización,Beneficio exclusivo para usted,Plantilla combinada,0,0,1,1,25,45-54,F,Secundaria,2044,synthetic_user_2044@example.com,synthetic-uid-2044,1,1,0,0,1,0,0,0.07895034054847185,0
synthetic,69,launched,email,,7,Recompensa + Personalización,Beneficio exclusivo para usted,Plantilla combinada,0,0,1,1,25,45-54,F,Secundaria,2045,synthetic_user_2045@example.com,synthetic-uid-2045,1,1,0,0,1,0,0,0.07895034054847185,0
synthetic,69,launched,email,,7,Recompensa + Personalización,Beneficio exclusivo para usted,Plantilla combinada,0,0,1,1,25,45-54,F,Secundaria,2046,synthetic_user_2046@example.com,synthetic-uid-2046,1,0,0,0,0,0,0,0.07895034054847185,0
synthetic,69,launched,email,,7,Recompensa + Personalización,Beneficio exclusivo para usted,Plantilla combinada,0,0,1,1,25,45-54,F,Secundaria,2047,synthetic_user_2047@example.com,synthetic-uid-2047,1,1,0,0,1,0,0,0.07895034054847185,0
synthetic,69,launched,email,,7,Recompensa + Personalización,Beneficio exclusivo para usted,Plantilla combinada,0,0,1,1,25,45-54,F,Secundaria,2048,synthetic_user_2048@example.com,synthetic-uid-2048,1,0,0,0,0,0,0,0.07895034054847185,0
synthetic,69,launched,email,,7,Recompensa + Personalización,Beneficio exclusivo para usted,Plantilla combinada,0,0,1,1,25,45-54,F,Secundaria,2049,synthetic_user_2049@example.com,synthetic-uid-2049,1,0,0,0,0,0,0,0.07895034054847185,0
synthetic,69,launched,email,,7,Recompensa + Personalización,Beneficio exclusivo para usted,Plantilla combinada,0,0,1,1,25,45-54,F,Secundaria,2050,synthetic_user_2050@example.com,synthetic-uid-2050,1,0,0,0,0,0,0,0.07895034054847185,0
synthetic,69,launched,email,,7,Recompensa + Personalización,Beneficio exclusivo para usted,Plantilla combinada,0,0,1,1,25,45-54,F,Secundaria,2051,synthetic_user_2051@example.com,synthetic-uid-2051,1,0,0,0,0,0,0,0.07895034054847185,0
synthetic,69,launched,email,,7,Recompensa + Personalización,Beneficio exclusivo para usted,Plantilla combinada,0,0,1,1,25,45-54,F,Secundaria,2052,synthetic_user_2052@example.com,synthetic-uid-2052,1,0,0,0,0,0,0,0.07895034054847185,0
synthetic,69,launched,email,,7,Recompensa + Personalización,Beneficio exclusivo para usted,Plantilla combinada,0,0,1,1,25,45-54,F,Secundaria,2053,synthetic_user_2053@example.com,synthetic-uid-2053,1,1,1,0,1,1,0,0.07895034054847185,0
synthetic,69,launched,email,,7,Recompensa + Personalización,Beneficio exclusivo para usted,Plantilla combinada,0,0,1,1,25,45-54,F,Secundaria,2054,synthetic_user_2054@example.com,synthetic-uid-2054,1,1,0,0,1,0,0,0.07895034054847185,0
synthetic,69,launched,email,,7,Recompensa + Personalización,Beneficio exclusivo para usted,Plantilla combinada,0,0,1,1,25,45-54,F,Secundaria,2055,synthetic_user_2055@example.com,synthetic-uid-2055,1,1,0,0,1,0,0,0.07895034054847185,0
synthetic,69,launched,email,,7,Recompensa + Personalización,Beneficio exclusivo para usted,Plantilla combinada,0,0,1,1,25,45-54,F,Secundaria,2056,synthetic_user_2056@example.com,synthetic-uid-2056,1,0,0,0,0,0,0,0.07895034054847185,0
synthetic,69,launched,email,,7,Recompensa + Personalización,Beneficio exclusivo para usted,Plantilla combinada,0,0,1,1,25,45-54,F,Secundaria,2057,synthetic_user_2057@example.com,synthetic-uid-2057,1,0,0,0,0,0,0,0.07895034054847185,0
synthetic,69,launched,email,,7,Recompensa + Personalización,Beneficio exclusivo para usted,Plantilla combinada,0,0,1,1,25,45-54,F,Secundaria,2058,synthetic_user_2058@example.com,synthetic-uid-2058,1,1,0,0,1,0,0,0.07895034054847185,0
synthetic,69,launched,email,,7,Recompensa + Personalización,Beneficio exclusivo para usted,Plantilla combinada,0,0,1,1,25,45-54,F,Secundaria,2059,synthetic_user_2059@example.com,synthetic-uid-2059,1,1,0,0,1,0,0,0.07895034054847185,0
synthetic,69,launched,email,,7,Recompensa + Personalización,Beneficio exclusivo para usted,Plantilla combinada,0,0,1,1,25,45-54,F,Secundaria,2060,synthetic_user_2060@example.com,synthetic-uid-2060,1,0,0,0,0,0,0,0.07895034054847185,0
synthetic,69,launched,email,,7,Recompensa + Personalización,Beneficio exclusivo para usted,Plantilla combinada,0,0,1,1,25,45-54,F,Secundaria,2061,synthetic_user_2061@example.com,synthetic-uid-2061,1,0,0,0,0,0,0,0.07895034054847185,0
synthetic,69,launched,email,,7,Recompensa + Personalización,Beneficio exclusivo para usted,Plantilla combinada,0,0,1,1,25,45-54,F,Secundaria,2062,synthetic_user_2062@example.com,synthetic-uid-2062,1,1,0,0,1,0,0,0.07895034054847185,0
synthetic,69,launched,email,,7,Recompensa + Personalización,Beneficio exclusivo para usted,Plantilla combinada,0,0,1,1,25,45-54,F,Secundaria,2063,synthetic_user_2063@example.com,synthetic-uid-2063,1,1,1,0,1,1,0,0.07895034054847185,0
synthetic,69,launched,email,,7,Recompensa + Personalización,Beneficio exclusivo para usted,Plantilla combinada,0,0,1,1,25,45-54,F,Secundaria,2064,synthetic_user_2064@example.com,synthetic-uid-2064,1,0,0,0,0,0,0,0.07895034054847185,0
synthetic,69,launched,email,,7,Recompensa + Personalización,Beneficio exclusivo para usted,Plantilla combinada,0,0,1,1,25,45-54,F,Secundaria,2065,synthetic_user_2065@example.com,synthetic-uid-2065,1,0,0,0,0,0,0,0.07895034054847185,0
synthetic,69,launched,email,,7,Recompensa + Personalización,Beneficio exclusivo para usted,Plantilla combinada,0,0,1,1,25,45-54,F,Secundaria,2066,synthetic_user_2066@example.com,synthetic-uid-2066,1,1,1,0,1,1,0,0.07895034054847185,0
synthetic,69,launched,email,,7,Recompensa + Personalización,Beneficio exclusivo para usted,Plantilla combinada,0,0,1,1,25,45-54,F,Secundaria,2067,synthetic_user_2067@example.com,synthetic-uid-2067,1,0,0,0,0,0,0,0.07895034054847185,0
synthetic,69,launched,email,,7,Recompensa + Personalización,Beneficio exclusivo para usted,Plantilla combinada,0,0,1,1,25,45-54,F,Secundaria,2068,synthetic_user_2068@example.com,synthetic-uid-2068,1,0,0,0,0,0,0,0.07895034054847185,0
synthetic,69,launched,email,,7,Recompensa + Personalización,Beneficio exclusivo para usted,Plantilla combinada,0,0,1,1,25,45-54,F,Secundaria,2069,synthetic_user_2069@example.com,synthetic-uid-2069,1,0,0,0,0,0,0,0.07895034054847185,0
synthetic,69,launched,email,,7,Recompensa + Personalización,Beneficio exclusivo para usted,Plantilla combinada,0,0,1,1,25,45-54,F,Secundaria,2070,synthetic_user_2070@example.com,synthetic-uid-2070,1,0,0,0,0,0,0,0.07895034054847185,0
synthetic,70,launched,email,,7,Recompensa + Personalización,Beneficio exclusivo para usted,Plantilla combinada,0,0,1,1,14,25-34,M,Tecnica,2071,synthetic_user_2071@example.com,synthetic-uid-2071,1,0,0,0,0,0,0,0.07148659796410141,0
synthetic,70,launched,email,,7,Recompensa + Personalización,Beneficio exclusivo para usted,Plantilla combinada,0,0,1,1,14,25-34,M,Tecnica,2072,synthetic_user_2072@example.com,synthetic-uid-2072,1,0,0,0,0,0,0,0.07148659796410141,0
synthetic,70,launched,email,,7,Recompensa + Personalización,Beneficio exclusivo para usted,Plantilla combinada,0,0,1,1,14,25-34,M,Tecnica,2073,synthetic_user_2073@example.com,synthetic-uid-2073,1,0,0,0,0,0,0,0.07148659796410141,0
synthetic,70,launched,email,,7,Recompensa + Personalización,Beneficio exclusivo para usted,Plantilla combinada,0,0,1,1,14,25-34,M,Tecnica,2074,synthetic_user_2074@example.com,synthetic-uid-2074,1,1,0,0,1,0,0,0.07148659796410141,0
synthetic,70,launched,email,,7,Recompensa + Personalización,Beneficio exclusivo para usted,Plantilla combinada,0,0,1,1,14,25-34,M,Tecnica,2075,synthetic_user_2075@example.com,synthetic-uid-2075,1,1,0,0,1,0,0,0.07148659796410141,0
synthetic,70,launched,email,,7,Recompensa + Personalización,Beneficio exclusivo para usted,Plantilla combinada,0,0,1,1,14,25-34,M,Tecnica,2076,synthetic_user_2076@example.com,synthetic-uid-2076,1,0,0,0,0,0,0,0.07148659796410141,0
synthetic,70,launched,email,,7,Recompensa + Personalización,Beneficio exclusivo para usted,Plantilla combinada,0,0,1,1,14,25-34,M,Tecnica,2077,synthetic_user_2077@example.com,synthetic-uid-2077,1,1,0,0,1,0,0,0.07148659796410141,0
synthetic,70,launched,email,,7,Recompensa + Personalización,Beneficio exclusivo para usted,Plantilla combinada,0,0,1,1,14,25-34,M,Tecnica,2078,synthetic_user_2078@example.com,synthetic-uid-2078,1,1,0,0,1,0,0,0.07148659796410141,0
synthetic,70,launched,email,,7,Recompensa + Personalización,Beneficio exclusivo para usted,Plantilla combinada,0,0,1,1,14,25-34,M,Tecnica,2079,synthetic_user_2079@example.com,synthetic-uid-2079,1,0,0,0,0,0,0,0.07148659796410141,0
synthetic,70,launched,email,,7,Recompensa + Personalización,Beneficio exclusivo para usted,Plantilla combinada,0,0,1,1,14,25-34,M,Tecnica,2080,synthetic_user_2080@example.com,synthetic-uid-2080,1,0,0,0,0,0,0,0.07148659796410141,0
synthetic,70,launched,email,,7,Recompensa + Personalización,Beneficio exclusivo para usted,Plantilla combinada,0,0,1,1,14,25-34,M,Tecnica,2081,synthetic_user_2081@example.com,synthetic-uid-2081,1,1,0,0,1,0,0,0.07148659796410141,0
synthetic,70,launched,email,,7,Recompensa + Personalización,Beneficio exclusivo para usted,Plantilla combinada,0,0,1,1,14,25-34,M,Tecnica,2082,synthetic_user_2082@example.com,synthetic-uid-2082,1,0,0,0,0,0,0,0.07148659796410141,0
synthetic,70,launched,email,,7,Recompensa + Personalización,Beneficio exclusivo para usted,Plantilla combinada,0,0,1,1,14,25-34,M,Tecnica,2083,synthetic_user_2083@example.com,synthetic-uid-2083,1,1,0,0,1,0,0,0.07148659796410141,0
synthetic,70,launched,email,,7,Recompensa + Personalización,Beneficio exclusivo para usted,Plantilla combinada,0,0,1,1,14,25-34,M,Tecnica,2084,synthetic_user_2084@example.com,synthetic-uid-2084,1,0,0,0,0,0,0,0.07148659796410141,0
synthetic,70,launched,email,,7,Recompensa + Personalización,Beneficio exclusivo para usted,Plantilla combinada,0,0,1,1,14,25-34,M,Tecnica,2085,synthetic_user_2085@example.com,synthetic-uid-2085,1,0,0,0,0,0,0,0.07148659796410141,0
synthetic,70,launched,email,,7,Recompensa + Personalización,Beneficio exclusivo para usted,Plantilla combinada,0,0,1,1,14,25-34,M,Tecnica,2086,synthetic_user_2086@example.com,synthetic-uid-2086,1,0,0,0,0,0,0,0.07148659796410141,0
synthetic,70,launched,email,,7,Recompensa + Personalización,Beneficio exclusivo para usted,Plantilla combinada,0,0,1,1,14,25-34,M,Tecnica,2087,synthetic_user_2087@example.com,synthetic-uid-2087,1,1,1,0,1,1,0,0.07148659796410141,0
synthetic,70,launched,email,,7,Recompensa + Personalización,Beneficio exclusivo para usted,Plantilla combinada,0,0,1,1,14,25-34,M,Tecnica,2088,synthetic_user_2088@example.com,synthetic-uid-2088,1,0,0,0,0,0,0,0.07148659796410141,0
synthetic,70,launched,email,,7,Recompensa + Personalización,Beneficio exclusivo para usted,Plantilla combinada,0,0,1,1,14,25-34,M,Tecnica,2089,synthetic_user_2089@example.com,synthetic-uid-2089,1,1,1,0,1,1,0,0.07148659796410141,0
synthetic,70,launched,email,,7,Recompensa + Personalización,Beneficio exclusivo para usted,Plantilla combinada,0,0,1,1,14,25-34,M,Tecnica,2090,synthetic_user_2090@example.com,synthetic-uid-2090,1,0,0,0,0,0,0,0.07148659796410141,0
synthetic,70,launched,email,,7,Recompensa + Personalización,Beneficio exclusivo para usted,Plantilla combinada,0,0,1,1,14,25-34,M,Tecnica,2091,synthetic_user_2091@example.com,synthetic-uid-2091,1,1,1,0,1,1,0,0.07148659796410141,0
synthetic,70,launched,email,,7,Recompensa + Personalización,Beneficio exclusivo para usted,Plantilla combinada,0,0,1,1,14,25-34,M,Tecnica,2092,synthetic_user_2092@example.com,synthetic-uid-2092,1,0,0,0,0,0,0,0.07148659796410141,0
synthetic,70,launched,email,,7,Recompensa + Personalización,Beneficio exclusivo para usted,Plantilla combinada,0,0,1,1,14,25-34,M,Tecnica,2093,synthetic_user_2093@example.com,synthetic-uid-2093,1,0,0,0,0,0,0,0.07148659796410141,0
synthetic,70,launched,email,,7,Recompensa + Personalización,Beneficio exclusivo para usted,Plantilla combinada,0,0,1,1,14,25-34,M,Tecnica,2094,synthetic_user_2094@example.com,synthetic-uid-2094,1,0,0,0,0,0,0,0.07148659796410141,0
synthetic,70,launched,email,,7,Recompensa + Personalización,Beneficio exclusivo para usted,Plantilla combinada,0,0,1,1,14,25-34,M,Tecnica,2095,synthetic_user_2095@example.com,synthetic-uid-2095,1,1,0,0,1,0,0,0.07148659796410141,0
synthetic,70,launched,email,,7,Recompensa + Personalización,Beneficio exclusivo para usted,Plantilla combinada,0,0,1,1,14,25-34,M,Tecnica,2096,synthetic_user_2096@example.com,synthetic-uid-2096,1,0,0,0,0,0,0,0.07148659796410141,0
synthetic,70,launched,email,,7,Recompensa + Personalización,Beneficio exclusivo para usted,Plantilla combinada,0,0,1,1,14,25-34,M,Tecnica,2097,synthetic_user_2097@example.com,synthetic-uid-2097,1,1,0,0,1,0,0,0.07148659796410141,0
synthetic,70,launched,email,,7,Recompensa + Personalización,Beneficio exclusivo para usted,Plantilla combinada,0,0,1,1,14,25-34,M,Tecnica,2098,synthetic_user_2098@example.com,synthetic-uid-2098,1,1,0,0,1,0,0,0.07148659796410141,0
synthetic,70,launched,email,,7,Recompensa + Personalización,Beneficio exclusivo para usted,Plantilla combinada,0,0,1,1,14,25-34,M,Tecnica,2099,synthetic_user_2099@example.com,synthetic-uid-2099,1,0,0,0,0,0,0,0.07148659796410141,0
synthetic,70,launched,email,,7,Recompensa + Personalización,Beneficio exclusivo para usted,Plantilla combinada,0,0,1,1,14,25-34,M,Tecnica,2100,synthetic_user_2100@example.com,synthetic-uid-2100,1,1,0,0,1,0,0,0.07148659796410141,0
synthetic,71,launched,email,,8,Control neutro,Información general,Plantilla sin señales fuertes,0,0,0,0,22,35-44,M,Tecnica,2101,synthetic_user_2101@example.com,synthetic-uid-2101,1,1,0,0,1,0,0,0.044851992177470754,0
synthetic,71,launched,email,,8,Control neutro,Información general,Plantilla sin señales fuertes,0,0,0,0,22,35-44,M,Tecnica,2102,synthetic_user_2102@example.com,synthetic-uid-2102,1,1,0,0,1,0,0,0.044851992177470754,0
synthetic,71,launched,email,,8,Control neutro,Información general,Plantilla sin señales fuertes,0,0,0,0,22,35-44,M,Tecnica,2103,synthetic_user_2103@example.com,synthetic-uid-2103,1,0,0,0,0,0,0,0.044851992177470754,0
synthetic,71,launched,email,,8,Control neutro,Información general,Plantilla sin señales fuertes,0,0,0,0,22,35-44,M,Tecnica,2104,synthetic_user_2104@example.com,synthetic-uid-2104,1,0,0,0,0,0,0,0.044851992177470754,0
synthetic,71,launched,email,,8,Control neutro,Información general,Plantilla sin señales fuertes,0,0,0,0,22,35-44,M,Tecnica,2105,synthetic_user_2105@example.com,synthetic-uid-2105,1,0,0,0,0,0,0,0.044851992177470754,0
synthetic,71,launched,email,,8,Control neutro,Información general,Plantilla sin señales fuertes,0,0,0,0,22,35-44,M,Tecnica,2106,synthetic_user_2106@example.com,synthetic-uid-2106,1,0,0,0,0,0,0,0.044851992177470754,0
synthetic,71,launched,email,,8,Control neutro,Información general,Plantilla sin señales fuertes,0,0,0,0,22,35-44,M,Tecnica,2107,synthetic_user_2107@example.com,synthetic-uid-2107,1,0,0,0,0,0,0,0.044851992177470754,0
synthetic,71,launched,email,,8,Control neutro,Información general,Plantilla sin señales fuertes,0,0,0,0,22,35-44,M,Tecnica,2108,synthetic_user_2108@example.com,synthetic-uid-2108,1,0,0,0,0,0,0,0.044851992177470754,0
synthetic,71,launched,email,,8,Control neutro,Información general,Plantilla sin señales fuertes,0,0,0,0,22,35-44,M,Tecnica,2109,synthetic_user_2109@example.com,synthetic-uid-2109,1,0,0,0,0,0,0,0.044851992177470754,0
synthetic,71,launched,email,,8,Control neutro,Información general,Plantilla sin señales fuertes,0,0,0,0,22,35-44,M,Tecnica,2110,synthetic_user_2110@example.com,synthetic-uid-2110,1,1,0,0,1,0,0,0.044851992177470754,0
synthetic,71,launched,email,,8,Control neutro,Información general,Plantilla sin señales fuertes,0,0,0,0,22,35-44,M,Tecnica,2111,synthetic_user_2111@example.com,synthetic-uid-2111,1,1,0,0,1,0,0,0.044851992177470754,0
synthetic,71,launched,email,,8,Control neutro,Información general,Plantilla sin señales fuertes,0,0,0,0,22,35-44,M,Tecnica,2112,synthetic_user_2112@example.com,synthetic-uid-2112,1,0,0,0,0,0,0,0.044851992177470754,0
synthetic,71,launched,email,,8,Control neutro,Información general,Plantilla sin señales fuertes,0,0,0,0,22,35-44,M,Tecnica,2113,synthetic_user_2113@example.com,synthetic-uid-2113,1,0,0,0,0,0,0,0.044851992177470754,0
synthetic,71,launched,email,,8,Control neutro,Información general,Plantilla sin señales fuertes,0,0,0,0,22,35-44,M,Tecnica,2114,synthetic_user_2114@example.com,synthetic-uid-2114,1,0,0,0,0,0,0,0.044851992177470754,0
synthetic,71,launched,email,,8,Control neutro,Información general,Plantilla sin señales fuertes,0,0,0,0,22,35-44,M,Tecnica,2115,synthetic_user_2115@example.com,synthetic-uid-2115,1,0,0,0,0,0,0,0.044851992177470754,0
synthetic,71,launched,email,,8,Control neutro,Información general,Plantilla sin señales fuertes,0,0,0,0,22,35-44,M,Tecnica,2116,synthetic_user_2116@example.com,synthetic-uid-2116,1,0,0,0,0,0,0,0.044851992177470754,0
synthetic,71,launched,email,,8,Control neutro,Información general,Plantilla sin señales fuertes,0,0,0,0,22,35-44,M,Tecnica,2117,synthetic_user_2117@example.com,synthetic-uid-2117,1,1,0,0,1,0,0,0.044851992177470754,0
synthetic,71,launched,email,,8,Control neutro,Información general,Plantilla sin señales fuertes,0,0,0,0,22,35-44,M,Tecnica,2118,synthetic_user_2118@example.com,synthetic-uid-2118,1,0,0,0,0,0,0,0.044851992177470754,0
synthetic,71,launched,email,,8,Control neutro,Información general,Plantilla sin señales fuertes,0,0,0,0,22,35-44,M,Tecnica,2119,synthetic_user_2119@example.com,synthetic-uid-2119,1,0,0,0,0,0,0,0.044851992177470754,0
synthetic,71,launched,email,,8,Control neutro,Información general,Plantilla sin señales fuertes,0,0,0,0,22,35-44,M,Tecnica,2120,synthetic_user_2120@example.com,synthetic-uid-2120,1,0,0,0,0,0,0,0.044851992177470754,0
synthetic,71,launched,email,,8,Control neutro,Información general,Plantilla sin señales fuertes,0,0,0,0,22,35-44,M,Tecnica,2121,synthetic_user_2121@example.com,synthetic-uid-2121,1,1,0,0,1,0,0,0.044851992177470754,0
synthetic,71,launched,email,,8,Control neutro,Información general,Plantilla sin señales fuertes,0,0,0,0,22,35-44,M,Tecnica,2122,synthetic_user_2122@example.com,synthetic-uid-2122,1,0,0,0,0,0,0,0.044851992177470754,0
synthetic,71,launched,email,,8,Control neutro,Información general,Plantilla sin señales fuertes,0,0,0,0,22,35-44,M,Tecnica,2123,synthetic_user_2123@example.com,synthetic-uid-2123,1,1,0,0,1,0,0,0.044851992177470754,0
synthetic,71,launched,email,,8,Control neutro,Información general,Plantilla sin señales fuertes,0,0,0,0,22,35-44,M,Tecnica,2124,synthetic_user_2124@example.com,synthetic-uid-2124,1,0,0,0,0,0,0,0.044851992177470754,0
synthetic,71,launched,email,,8,Control neutro,Información general,Plantilla sin señales fuertes,0,0,0,0,22,35-44,M,Tecnica,2125,synthetic_user_2125@example.com,synthetic-uid-2125,1,0,0,0,0,0,0,0.044851992177470754,0
synthetic,71,launched,email,,8,Control neutro,Información general,Plantilla sin señales fuertes,0,0,0,0,22,35-44,M,Tecnica,2126,synthetic_user_2126@example.com,synthetic-uid-2126,1,0,0,0,0,0,0,0.044851992177470754,0
synthetic,71,launched,email,,8,Control neutro,Información general,Plantilla sin señales fuertes,0,0,0,0,22,35-44,M,Tecnica,2127,synthetic_user_2127@example.com,synthetic-uid-2127,1,0,0,0,0,0,0,0.044851992177470754,0
synthetic,71,launched,email,,8,Control neutro,Información general,Plantilla sin señales fuertes,0,0,0,0,22,35-44,M,Tecnica,2128,synthetic_user_2128@example.com,synthetic-uid-2128,1,0,0,0,0,0,0,0.044851992177470754,0
synthetic,71,launched,email,,8,Control neutro,Información general,Plantilla sin señales fuertes,0,0,0,0,22,35-44,M,Tecnica,2129,synthetic_user_2129@example.com,synthetic-uid-2129,1,0,0,0,0,0,0,0.044851992177470754,0
synthetic,71,launched,email,,8,Control neutro,Información general,Plantilla sin señales fuertes,0,0,0,0,22,35-44,M,Tecnica,2130,synthetic_user_2130@example.com,synthetic-uid-2130,1,1,1,0,1,1,0,0.044851992177470754,0
synthetic,72,launched,email,,8,Control neutro,Información general,Plantilla sin señales fuertes,0,0,0,0,39,55+,M,Universitaria,2131,synthetic_user_2131@example.com,synthetic-uid-2131,1,1,0,0,1,0,0,0.024555251748271577,0
synthetic,72,launched,email,,8,Control neutro,Información general,Plantilla sin señales fuertes,0,0,0,0,39,55+,M,Universitaria,2132,synthetic_user_2132@example.com,synthetic-uid-2132,1,0,0,0,0,0,0,0.024555251748271577,0
synthetic,72,launched,email,,8,Control neutro,Información general,Plantilla sin señales fuertes,0,0,0,0,39,55+,M,Universitaria,2133,synthetic_user_2133@example.com,synthetic-uid-2133,1,1,0,0,1,0,0,0.024555251748271577,0
synthetic,72,launched,email,,8,Control neutro,Información general,Plantilla sin señales fuertes,0,0,0,0,39,55+,M,Universitaria,2134,synthetic_user_2134@example.com,synthetic-uid-2134,1,0,0,0,0,0,0,0.024555251748271577,0
synthetic,72,launched,email,,8,Control neutro,Información general,Plantilla sin señales fuertes,0,0,0,0,39,55+,M,Universitaria,2135,synthetic_user_2135@example.com,synthetic-uid-2135,1,0,0,0,0,0,0,0.024555251748271577,0
synthetic,72,launched,email,,8,Control neutro,Información general,Plantilla sin señales fuertes,0,0,0,0,39,55+,M,Universitaria,2136,synthetic_user_2136@example.com,synthetic-uid-2136,1,0,0,0,0,0,0,0.024555251748271577,0
synthetic,72,launched,email,,8,Control neutro,Información general,Plantilla sin señales fuertes,0,0,0,0,39,55+,M,Universitaria,2137,synthetic_user_2137@example.com,synthetic-uid-2137,1,0,0,0,0,0,0,0.024555251748271577,0
synthetic,72,launched,email,,8,Control neutro,Información general,Plantilla sin señales fuertes,0,0,0,0,39,55+,M,Universitaria,2138,synthetic_user_2138@example.com,synthetic-uid-2138,1,1,0,0,1,0,0,0.024555251748271577,0
synthetic,72,launched,email,,8,Control neutro,Información general,Plantilla sin señales fuertes,0,0,0,0,39,55+,M,Universitaria,2139,synthetic_user_2139@example.com,synthetic-uid-2139,1,0,0,0,0,0,0,0.024555251748271577,0
synthetic,72,launched,email,,8,Control neutro,Información general,Plantilla sin señales fuertes,0,0,0,0,39,55+,M,Universitaria,2140,synthetic_user_2140@example.com,synthetic-uid-2140,1,0,0,0,0,0,0,0.024555251748271577,0
synthetic,72,launched,email,,8,Control neutro,Información general,Plantilla sin señales fuertes,0,0,0,0,39,55+,M,Universitaria,2141,synthetic_user_2141@example.com,synthetic-uid-2141,1,0,0,0,0,0,0,0.024555251748271577,0
synthetic,72,launched,email,,8,Control neutro,Información general,Plantilla sin señales fuertes,0,0,0,0,39,55+,M,Universitaria,2142,synthetic_user_2142@example.com,synthetic-uid-2142,1,1,0,0,1,0,0,0.024555251748271577,0
synthetic,72,launched,email,,8,Control neutro,Información general,Plantilla sin señales fuertes,0,0,0,0,39,55+,M,Universitaria,2143,synthetic_user_2143@example.com,synthetic-uid-2143,1,1,0,0,1,0,0,0.024555251748271577,0
synthetic,72,launched,email,,8,Control neutro,Información general,Plantilla sin señales fuertes,0,0,0,0,39,55+,M,Universitaria,2144,synthetic_user_2144@example.com,synthetic-uid-2144,1,0,0,0,0,0,0,0.024555251748271577,0
synthetic,72,launched,email,,8,Control neutro,Información general,Plantilla sin señales fuertes,0,0,0,0,39,55+,M,Universitaria,2145,synthetic_user_2145@example.com,synthetic-uid-2145,1,0,0,0,0,0,0,0.024555251748271577,0
synthetic,72,launched,email,,8,Control neutro,Información general,Plantilla sin señales fuertes,0,0,0,0,39,55+,M,Universitaria,2146,synthetic_user_2146@example.com,synthetic-uid-2146,1,0,0,0,0,0,0,0.024555251748271577,0
synthetic,72,launched,email,,8,Control neutro,Información general,Plantilla sin señales fuertes,0,0,0,0,39,55+,M,Universitaria,2147,synthetic_user_2147@example.com,synthetic-uid-2147,1,0,0,0,0,0,0,0.024555251748271577,0
synthetic,72,launched,email,,8,Control neutro,Información general,Plantilla sin señales fuertes,0,0,0,0,39,55+,M,Universitaria,2148,synthetic_user_2148@example.com,synthetic-uid-2148,1,1,0,0,1,0,0,0.024555251748271577,0
synthetic,72,launched,email,,8,Control neutro,Información general,Plantilla sin señales fuertes,0,0,0,0,39,55+,M,Universitaria,2149,synthetic_user_2149@example.com,synthetic-uid-2149,1,0,0,0,0,0,0,0.024555251748271577,0
synthetic,72,launched,email,,8,Control neutro,Información general,Plantilla sin señales fuertes,0,0,0,0,39,55+,M,Universitaria,2150,synthetic_user_2150@example.com,synthetic-uid-2150,1,0,0,0,0,0,0,0.024555251748271577,0
synthetic,72,launched,email,,8,Control neutro,Información general,Plantilla sin señales fuertes,0,0,0,0,39,55+,M,Universitaria,2151,synthetic_user_2151@example.com,synthetic-uid-2151,1,0,0,0,0,0,0,0.024555251748271577,0
synthetic,72,launched,email,,8,Control neutro,Información general,Plantilla sin señales fuertes,0,0,0,0,39,55+,M,Universitaria,2152,synthetic_user_2152@example.com,synthetic-uid-2152,1,1,0,0,1,0,0,0.024555251748271577,0
synthetic,72,launched,email,,8,Control neutro,Información general,Plantilla sin señales fuertes,0,0,0,0,39,55+,M,Universitaria,2153,synthetic_user_2153@example.com,synthetic-uid-2153,1,0,0,0,0,0,0,0.024555251748271577,0
synthetic,72,launched,email,,8,Control neutro,Información general,Plantilla sin señales fuertes,0,0,0,0,39,55+,M,Universitaria,2154,synthetic_user_2154@example.com,synthetic-uid-2154,1,0,0,0,0,0,0,0.024555251748271577,0
synthetic,72,launched,email,,8,Control neutro,Información general,Plantilla sin señales fuertes,0,0,0,0,39,55+,M,Universitaria,2155,synthetic_user_2155@example.com,synthetic-uid-2155,1,0,0,0,0,0,0,0.024555251748271577,0
synthetic,72,launched,email,,8,Control neutro,Información general,Plantilla sin señales fuertes,0,0,0,0,39,55+,M,Universitaria,2156,synthetic_user_2156@example.com,synthetic-uid-2156,1,1,0,0,1,0,0,0.024555251748271577,0
synthetic,72,launched,email,,8,Control neutro,Información general,Plantilla sin señales fuertes,0,0,0,0,39,55+,M,Universitaria,2157,synthetic_user_2157@example.com,synthetic-uid-2157,1,0,0,0,0,0,0,0.024555251748271577,0
synthetic,72,launched,email,,8,Control neutro,Información general,Plantilla sin señales fuertes,0,0,0,0,39,55+,M,Universitaria,2158,synthetic_user_2158@example.com,synthetic-uid-2158,1,0,0,0,0,0,0,0.024555251748271577,0
synthetic,72,launched,email,,8,Control neutro,Información general,Plantilla sin señales fuertes,0,0,0,0,39,55+,M,Universitaria,2159,synthetic_user_2159@example.com,synthetic-uid-2159,1,0,0,0,0,0,0,0.024555251748271577,0
synthetic,72,launched,email,,8,Control neutro,Información general,Plantilla sin señales fuertes,0,0,0,0,39,55+,M,Universitaria,2160,synthetic_user_2160@example.com,synthetic-uid-2160,1,0,0,0,0,0,0,0.024555251748271577,0
synthetic,73,launched,email,,8,Control neutro,Información general,Plantilla sin señales fuertes,0,0,0,0,6,18-24,M,Tecnica,2161,synthetic_user_2161@example.com,synthetic-uid-2161,1,1,0,0,1,0,0,0.06703458569963425,0
synthetic,73,launched,email,,8,Control neutro,Información general,Plantilla sin señales fuertes,0,0,0,0,6,18-24,M,Tecnica,2162,synthetic_user_2162@example.com,synthetic-uid-2162,1,1,0,0,1,0,0,0.06703458569963425,0
synthetic,73,launched,email,,8,Control neutro,Información general,Plantilla sin señales fuertes,0,0,0,0,6,18-24,M,Tecnica,2163,synthetic_user_2163@example.com,synthetic-uid-2163,1,1,0,0,1,0,0,0.06703458569963425,0
synthetic,73,launched,email,,8,Control neutro,Información general,Plantilla sin señales fuertes,0,0,0,0,6,18-24,M,Tecnica,2164,synthetic_user_2164@example.com,synthetic-uid-2164,1,0,0,0,0,0,0,0.06703458569963425,0
synthetic,73,launched,email,,8,Control neutro,Información general,Plantilla sin señales fuertes,0,0,0,0,6,18-24,M,Tecnica,2165,synthetic_user_2165@example.com,synthetic-uid-2165,1,1,0,0,1,0,0,0.06703458569963425,0
synthetic,73,launched,email,,8,Control neutro,Información general,Plantilla sin señales fuertes,0,0,0,0,6,18-24,M,Tecnica,2166,synthetic_user_2166@example.com,synthetic-uid-2166,1,0,0,0,0,0,0,0.06703458569963425,0
synthetic,73,launched,email,,8,Control neutro,Información general,Plantilla sin señales fuertes,0,0,0,0,6,18-24,M,Tecnica,2167,synthetic_user_2167@example.com,synthetic-uid-2167,1,0,0,0,0,0,0,0.06703458569963425,0
synthetic,73,launched,email,,8,Control neutro,Información general,Plantilla sin señales fuertes,0,0,0,0,6,18-24,M,Tecnica,2168,synthetic_user_2168@example.com,synthetic-uid-2168,1,1,1,0,1,1,0,0.06703458569963425,0
synthetic,73,launched,email,,8,Control neutro,Información general,Plantilla sin señales fuertes,0,0,0,0,6,18-24,M,Tecnica,2169,synthetic_user_2169@example.com,synthetic-uid-2169,1,0,0,0,0,0,0,0.06703458569963425,0
synthetic,73,launched,email,,8,Control neutro,Información general,Plantilla sin señales fuertes,0,0,0,0,6,18-24,M,Tecnica,2170,synthetic_user_2170@example.com,synthetic-uid-2170,1,1,1,0,1,1,0,0.06703458569963425,0
synthetic,73,launched,email,,8,Control neutro,Información general,Plantilla sin señales fuertes,0,0,0,0,6,18-24,M,Tecnica,2171,synthetic_user_2171@example.com,synthetic-uid-2171,1,0,0,0,0,0,0,0.06703458569963425,0
synthetic,73,launched,email,,8,Control neutro,Información general,Plantilla sin señales fuertes,0,0,0,0,6,18-24,M,Tecnica,2172,synthetic_user_2172@example.com,synthetic-uid-2172,1,0,0,0,0,0,0,0.06703458569963425,0
synthetic,73,launched,email,,8,Control neutro,Información general,Plantilla sin señales fuertes,0,0,0,0,6,18-24,M,Tecnica,2173,synthetic_user_2173@example.com,synthetic-uid-2173,1,1,0,0,1,0,0,0.06703458569963425,0
synthetic,73,launched,email,,8,Control neutro,Información general,Plantilla sin señales fuertes,0,0,0,0,6,18-24,M,Tecnica,2174,synthetic_user_2174@example.com,synthetic-uid-2174,1,0,0,0,0,0,0,0.06703458569963425,0
synthetic,73,launched,email,,8,Control neutro,Información general,Plantilla sin señales fuertes,0,0,0,0,6,18-24,M,Tecnica,2175,synthetic_user_2175@example.com,synthetic-uid-2175,1,0,0,0,0,0,0,0.06703458569963425,0
synthetic,73,launched,email,,8,Control neutro,Información general,Plantilla sin señales fuertes,0,0,0,0,6,18-24,M,Tecnica,2176,synthetic_user_2176@example.com,synthetic-uid-2176,1,1,0,0,1,0,0,0.06703458569963425,0
synthetic,73,launched,email,,8,Control neutro,Información general,Plantilla sin señales fuertes,0,0,0,0,6,18-24,M,Tecnica,2177,synthetic_user_2177@example.com,synthetic-uid-2177,1,0,0,0,0,0,0,0.06703458569963425,0
synthetic,73,launched,email,,8,Control neutro,Información general,Plantilla sin señales fuertes,0,0,0,0,6,18-24,M,Tecnica,2178,synthetic_user_2178@example.com,synthetic-uid-2178,1,0,0,0,0,0,0,0.06703458569963425,0
synthetic,73,launched,email,,8,Control neutro,Información general,Plantilla sin señales fuertes,0,0,0,0,6,18-24,M,Tecnica,2179,synthetic_user_2179@example.com,synthetic-uid-2179,1,0,0,0,0,0,0,0.06703458569963425,0
synthetic,73,launched,email,,8,Control neutro,Información general,Plantilla sin señales fuertes,0,0,0,0,6,18-24,M,Tecnica,2180,synthetic_user_2180@example.com,synthetic-uid-2180,1,0,0,0,0,0,0,0.06703458569963425,0
synthetic,73,launched,email,,8,Control neutro,Información general,Plantilla sin señales fuertes,0,0,0,0,6,18-24,M,Tecnica,2181,synthetic_user_2181@example.com,synthetic-uid-2181,1,0,0,0,0,0,0,0.06703458569963425,0
synthetic,73,launched,email,,8,Control neutro,Información general,Plantilla sin señales fuertes,0,0,0,0,6,18-24,M,Tecnica,2182,synthetic_user_2182@example.com,synthetic-uid-2182,1,1,0,0,1,0,0,0.06703458569963425,0
synthetic,73,launched,email,,8,Control neutro,Información general,Plantilla sin señales fuertes,0,0,0,0,6,18-24,M,Tecnica,2183,synthetic_user_2183@example.com,synthetic-uid-2183,1,0,0,0,0,0,0,0.06703458569963425,0
synthetic,73,launched,email,,8,Control neutro,Información general,Plantilla sin señales fuertes,0,0,0,0,6,18-24,M,Tecnica,2184,synthetic_user_2184@example.com,synthetic-uid-2184,1,0,0,0,0,0,0,0.06703458569963425,0
synthetic,73,launched,email,,8,Control neutro,Información general,Plantilla sin señales fuertes,0,0,0,0,6,18-24,M,Tecnica,2185,synthetic_user_2185@example.com,synthetic-uid-2185,1,0,0,0,0,0,0,0.06703458569963425,0
synthetic,73,launched,email,,8,Control neutro,Información general,Plantilla sin señales fuertes,0,0,0,0,6,18-24,M,Tecnica,2186,synthetic_user_2186@example.com,synthetic-uid-2186,1,1,0,0,1,0,0,0.06703458569963425,0
synthetic,73,launched,email,,8,Control neutro,Información general,Plantilla sin señales fuertes,0,0,0,0,6,18-24,M,Tecnica,2187,synthetic_user_2187@example.com,synthetic-uid-2187,1,0,0,0,0,0,0,0.06703458569963425,0
synthetic,73,launched,email,,8,Control neutro,Información general,Plantilla sin señales fuertes,0,0,0,0,6,18-24,M,Tecnica,2188,synthetic_user_2188@example.com,synthetic-uid-2188,1,0,0,0,0,0,0,0.06703458569963425,0
synthetic,73,launched,email,,8,Control neutro,Información general,Plantilla sin señales fuertes,0,0,0,0,6,18-24,M,Tecnica,2189,synthetic_user_2189@example.com,synthetic-uid-2189,1,0,0,0,0,0,0,0.06703458569963425,0
synthetic,73,launched,email,,8,Control neutro,Información general,Plantilla sin señales fuertes,0,0,0,0,6,18-24,M,Tecnica,2190,synthetic_user_2190@example.com,synthetic-uid-2190,1,1,0,0,1,0,0,0.06703458569963425,0
synthetic,74,launched,email,,8,Control neutro,Información general,Plantilla sin señales fuertes,0,0,0,0,1,18-24,F,Secundaria,2191,synthetic_user_2191@example.com,synthetic-uid-2191,1,0,0,0,0,0,0,0.0595078402201051,0
synthetic,74,launched,email,,8,Control neutro,Información general,Plantilla sin señales fuertes,0,0,0,0,1,18-24,F,Secundaria,2192,synthetic_user_2192@example.com,synthetic-uid-2192,1,0,0,0,0,0,0,0.0595078402201051,0
synthetic,74,launched,email,,8,Control neutro,Información general,Plantilla sin señales fuertes,0,0,0,0,1,18-24,F,Secundaria,2193,synthetic_user_2193@example.com,synthetic-uid-2193,1,0,0,0,0,0,0,0.0595078402201051,0
synthetic,74,launched,email,,8,Control neutro,Información general,Plantilla sin señales fuertes,0,0,0,0,1,18-24,F,Secundaria,2194,synthetic_user_2194@example.com,synthetic-uid-2194,1,0,0,0,0,0,0,0.0595078402201051,0
synthetic,74,launched,email,,8,Control neutro,Información general,Plantilla sin señales fuertes,0,0,0,0,1,18-24,F,Secundaria,2195,synthetic_user_2195@example.com,synthetic-uid-2195,1,0,0,0,0,0,0,0.0595078402201051,0
synthetic,74,launched,email,,8,Control neutro,Información general,Plantilla sin señales fuertes,0,0,0,0,1,18-24,F,Secundaria,2196,synthetic_user_2196@example.com,synthetic-uid-2196,1,1,0,0,1,0,0,0.0595078402201051,0
synthetic,74,launched,email,,8,Control neutro,Información general,Plantilla sin señales fuertes,0,0,0,0,1,18-24,F,Secundaria,2197,synthetic_user_2197@example.com,synthetic-uid-2197,1,0,0,0,0,0,0,0.0595078402201051,0
synthetic,74,launched,email,,8,Control neutro,Información general,Plantilla sin señales fuertes,0,0,0,0,1,18-24,F,Secundaria,2198,synthetic_user_2198@example.com,synthetic-uid-2198,1,0,0,0,0,0,0,0.0595078402201051,0
synthetic,74,launched,email,,8,Control neutro,Información general,Plantilla sin señales fuertes,0,0,0,0,1,18-24,F,Secundaria,2199,synthetic_user_2199@example.com,synthetic-uid-2199,1,1,0,0,1,0,0,0.0595078402201051,0
synthetic,74,launched,email,,8,Control neutro,Información general,Plantilla sin señales fuertes,0,0,0,0,1,18-24,F,Secundaria,2200,synthetic_user_2200@example.com,synthetic-uid-2200,1,0,0,0,0,0,0,0.0595078402201051,0
synthetic,74,launched,email,,8,Control neutro,Información general,Plantilla sin señales fuertes,0,0,0,0,1,18-24,F,Secundaria,2201,synthetic_user_2201@example.com,synthetic-uid-2201,1,1,0,0,1,0,0,0.0595078402201051,0
synthetic,74,launched,email,,8,Control neutro,Información general,Plantilla sin señales fuertes,0,0,0,0,1,18-24,F,Secundaria,2202,synthetic_user_2202@example.com,synthetic-uid-2202,1,1,0,0,1,0,0,0.0595078402201051,0
synthetic,74,launched,email,,8,Control neutro,Información general,Plantilla sin señales fuertes,0,0,0,0,1,18-24,F,Secundaria,2203,synthetic_user_2203@example.com,synthetic-uid-2203,1,1,0,0,1,0,0,0.0595078402201051,0
synthetic,74,launched,email,,8,Control neutro,Información general,Plantilla sin señales fuertes,0,0,0,0,1,18-24,F,Secundaria,2204,synthetic_user_2204@example.com,synthetic-uid-2204,1,1,0,0,1,0,0,0.0595078402201051,0
synthetic,74,launched,email,,8,Control neutro,Información general,Plantilla sin señales fuertes,0,0,0,0,1,18-24,F,Secundaria,2205,synthetic_user_2205@example.com,synthetic-uid-2205,1,0,0,0,0,0,0,0.0595078402201051,0
synthetic,74,launched,email,,8,Control neutro,Información general,Plantilla sin señales fuertes,0,0,0,0,1,18-24,F,Secundaria,2206,synthetic_user_2206@example.com,synthetic-uid-2206,1,0,0,0,0,0,0,0.0595078402201051,0
synthetic,74,launched,email,,8,Control neutro,Información general,Plantilla sin señales fuertes,0,0,0,0,1,18-24,F,Secundaria,2207,synthetic_user_2207@example.com,synthetic-uid-2207,1,0,0,0,0,0,0,0.0595078402201051,0
synthetic,74,launched,email,,8,Control neutro,Información general,Plantilla sin señales fuertes,0,0,0,0,1,18-24,F,Secundaria,2208,synthetic_user_2208@example.com,synthetic-uid-2208,1,1,0,0,1,0,0,0.0595078402201051,0
synthetic,74,launched,email,,8,Control neutro,Información general,Plantilla sin señales fuertes,0,0,0,0,1,18-24,F,Secundaria,2209,synthetic_user_2209@example.com,synthetic-uid-2209,1,1,0,0,1,0,0,0.0595078402201051,0
synthetic,74,launched,email,,8,Control neutro,Información general,Plantilla sin señales fuertes,0,0,0,0,1,18-24,F,Secundaria,2210,synthetic_user_2210@example.com,synthetic-uid-2210,1,1,1,0,1,1,0,0.0595078402201051,0
synthetic,74,launched,email,,8,Control neutro,Información general,Plantilla sin señales fuertes,0,0,0,0,1,18-24,F,Secundaria,2211,synthetic_user_2211@example.com,synthetic-uid-2211,1,0,0,0,0,0,0,0.0595078402201051,0
synthetic,74,launched,email,,8,Control neutro,Información general,Plantilla sin señales fuertes,0,0,0,0,1,18-24,F,Secundaria,2212,synthetic_user_2212@example.com,synthetic-uid-2212,1,0,0,0,0,0,0,0.0595078402201051,0
synthetic,74,launched,email,,8,Control neutro,Información general,Plantilla sin señales fuertes,0,0,0,0,1,18-24,F,Secundaria,2213,synthetic_user_2213@example.com,synthetic-uid-2213,1,0,0,0,0,0,0,0.0595078402201051,0
synthetic,74,launched,email,,8,Control neutro,Información general,Plantilla sin señales fuertes,0,0,0,0,1,18-24,F,Secundaria,2214,synthetic_user_2214@example.com,synthetic-uid-2214,1,0,0,0,0,0,0,0.0595078402201051,0
synthetic,74,launched,email,,8,Control neutro,Información general,Plantilla sin señales fuertes,0,0,0,0,1,18-24,F,Secundaria,2215,synthetic_user_2215@example.com,synthetic-uid-2215,1,0,0,0,0,0,0,0.0595078402201051,0
synthetic,74,launched,email,,8,Control neutro,Información general,Plantilla sin señales fuertes,0,0,0,0,1,18-24,F,Secundaria,2216,synthetic_user_2216@example.com,synthetic-uid-2216,1,1,0,0,1,0,0,0.0595078402201051,0
synthetic,74,launched,email,,8,Control neutro,Información general,Plantilla sin señales fuertes,0,0,0,0,1,18-24,F,Secundaria,2217,synthetic_user_2217@example.com,synthetic-uid-2217,1,1,0,0,1,0,0,0.0595078402201051,0
synthetic,74,launched,email,,8,Control neutro,Información general,Plantilla sin señales fuertes,0,0,0,0,1,18-24,F,Secundaria,2218,synthetic_user_2218@example.com,synthetic-uid-2218,1,0,0,0,0,0,0,0.0595078402201051,0
synthetic,74,launched,email,,8,Control neutro,Información general,Plantilla sin señales fuertes,0,0,0,0,1,18-24,F,Secundaria,2219,synthetic_user_2219@example.com,synthetic-uid-2219,1,0,0,0,0,0,0,0.0595078402201051,0
synthetic,74,launched,email,,8,Control neutro,Información general,Plantilla sin señales fuertes,0,0,0,0,1,18-24,F,Secundaria,2220,synthetic_user_2220@example.com,synthetic-uid-2220,1,0,0,0,0,0,0,0.0595078402201051,0
synthetic,75,launched,email,,8,Control neutro,Información general,Plantilla sin señales fuertes,0,0,0,0,11,25-34,F,Universitaria,2221,synthetic_user_2221@example.com,synthetic-uid-2221,1,0,0,0,0,0,0,0.06298929350408083,0
synthetic,75,launched,email,,8,Control neutro,Información general,Plantilla sin señales fuertes,0,0,0,0,11,25-34,F,Universitaria,2222,synthetic_user_2222@example.com,synthetic-uid-2222,1,0,0,0,0,0,0,0.06298929350408083,0
synthetic,75,launched,email,,8,Control neutro,Información general,Plantilla sin señales fuertes,0,0,0,0,11,25-34,F,Universitaria,2223,synthetic_user_2223@example.com,synthetic-uid-2223,1,1,1,0,1,1,0,0.06298929350408083,0
synthetic,75,launched,email,,8,Control neutro,Información general,Plantilla sin señales fuertes,0,0,0,0,11,25-34,F,Universitaria,2224,synthetic_user_2224@example.com,synthetic-uid-2224,1,1,1,0,1,1,0,0.06298929350408083,0
synthetic,75,launched,email,,8,Control neutro,Información general,Plantilla sin señales fuertes,0,0,0,0,11,25-34,F,Universitaria,2225,synthetic_user_2225@example.com,synthetic-uid-2225,1,0,0,0,0,0,0,0.06298929350408083,0
synthetic,75,launched,email,,8,Control neutro,Información general,Plantilla sin señales fuertes,0,0,0,0,11,25-34,F,Universitaria,2226,synthetic_user_2226@example.com,synthetic-uid-2226,1,0,0,0,0,0,0,0.06298929350408083,0
synthetic,75,launched,email,,8,Control neutro,Información general,Plantilla sin señales fuertes,0,0,0,0,11,25-34,F,Universitaria,2227,synthetic_user_2227@example.com,synthetic-uid-2227,1,1,1,0,1,1,0,0.06298929350408083,0
synthetic,75,launched,email,,8,Control neutro,Información general,Plantilla sin señales fuertes,0,0,0,0,11,25-34,F,Universitaria,2228,synthetic_user_2228@example.com,synthetic-uid-2228,1,0,0,0,0,0,0,0.06298929350408083,0
synthetic,75,launched,email,,8,Control neutro,Información general,Plantilla sin señales fuertes,0,0,0,0,11,25-34,F,Universitaria,2229,synthetic_user_2229@example.com,synthetic-uid-2229,1,0,0,0,0,0,0,0.06298929350408083,0
synthetic,75,launched,email,,8,Control neutro,Información general,Plantilla sin señales fuertes,0,0,0,0,11,25-34,F,Universitaria,2230,synthetic_user_2230@example.com,synthetic-uid-2230,1,0,0,0,0,0,0,0.06298929350408083,0
synthetic,75,launched,email,,8,Control neutro,Información general,Plantilla sin señales fuertes,0,0,0,0,11,25-34,F,Universitaria,2231,synthetic_user_2231@example.com,synthetic-uid-2231,1,0,0,0,0,0,0,0.06298929350408083,0
synthetic,75,launched,email,,8,Control neutro,Información general,Plantilla sin señales fuertes,0,0,0,0,11,25-34,F,Universitaria,2232,synthetic_user_2232@example.com,synthetic-uid-2232,1,0,0,0,0,0,0,0.06298929350408083,0
synthetic,75,launched,email,,8,Control neutro,Información general,Plantilla sin señales fuertes,0,0,0,0,11,25-34,F,Universitaria,2233,synthetic_user_2233@example.com,synthetic-uid-2233,1,0,0,0,0,0,0,0.06298929350408083,0
synthetic,75,launched,email,,8,Control neutro,Información general,Plantilla sin señales fuertes,0,0,0,0,11,25-34,F,Universitaria,2234,synthetic_user_2234@example.com,synthetic-uid-2234,1,0,0,0,0,0,0,0.06298929350408083,0
synthetic,75,launched,email,,8,Control neutro,Información general,Plantilla sin señales fuertes,0,0,0,0,11,25-34,F,Universitaria,2235,synthetic_user_2235@example.com,synthetic-uid-2235,1,0,0,0,0,0,0,0.06298929350408083,0
synthetic,75,launched,email,,8,Control neutro,Información general,Plantilla sin señales fuertes,0,0,0,0,11,25-34,F,Universitaria,2236,synthetic_user_2236@example.com,synthetic-uid-2236,1,0,0,0,0,0,0,0.06298929350408083,0
synthetic,75,launched,email,,8,Control neutro,Información general,Plantilla sin señales fuertes,0,0,0,0,11,25-34,F,Universitaria,2237,synthetic_user_2237@example.com,synthetic-uid-2237,1,0,0,0,0,0,0,0.06298929350408083,0
synthetic,75,launched,email,,8,Control neutro,Información general,Plantilla sin señales fuertes,0,0,0,0,11,25-34,F,Universitaria,2238,synthetic_user_2238@example.com,synthetic-uid-2238,1,1,0,0,1,0,0,0.06298929350408083,0
synthetic,75,launched,email,,8,Control neutro,Información general,Plantilla sin señales fuertes,0,0,0,0,11,25-34,F,Universitaria,2239,synthetic_user_2239@example.com,synthetic-uid-2239,1,0,0,0,0,0,0,0.06298929350408083,0
synthetic,75,launched,email,,8,Control neutro,Información general,Plantilla sin señales fuertes,0,0,0,0,11,25-34,F,Universitaria,2240,synthetic_user_2240@example.com,synthetic-uid-2240,1,0,0,0,0,0,0,0.06298929350408083,0
synthetic,75,launched,email,,8,Control neutro,Información general,Plantilla sin señales fuertes,0,0,0,0,11,25-34,F,Universitaria,2241,synthetic_user_2241@example.com,synthetic-uid-2241,1,0,0,0,0,0,0,0.06298929350408083,0
synthetic,75,launched,email,,8,Control neutro,Información general,Plantilla sin señales fuertes,0,0,0,0,11,25-34,F,Universitaria,2242,synthetic_user_2242@example.com,synthetic-uid-2242,1,0,0,0,0,0,0,0.06298929350408083,0
synthetic,75,launched,email,,8,Control neutro,Información general,Plantilla sin señales fuertes,0,0,0,0,11,25-34,F,Universitaria,2243,synthetic_user_2243@example.com,synthetic-uid-2243,1,0,0,0,0,0,0,0.06298929350408083,0
synthetic,75,launched,email,,8,Control neutro,Información general,Plantilla sin señales fuertes,0,0,0,0,11,25-34,F,Universitaria,2244,synthetic_user_2244@example.com,synthetic-uid-2244,1,0,0,0,0,0,0,0.06298929350408083,0
synthetic,75,launched,email,,8,Control neutro,Información general,Plantilla sin señales fuertes,0,0,0,0,11,25-34,F,Universitaria,2245,synthetic_user_2245@example.com,synthetic-uid-2245,1,1,1,0,1,1,0,0.06298929350408083,0
synthetic,75,launched,email,,8,Control neutro,Información general,Plantilla sin señales fuertes,0,0,0,0,11,25-34,F,Universitaria,2246,synthetic_user_2246@example.com,synthetic-uid-2246,1,0,0,0,0,0,0,0.06298929350408083,0
synthetic,75,launched,email,,8,Control neutro,Información general,Plantilla sin señales fuertes,0,0,0,0,11,25-34,F,Universitaria,2247,synthetic_user_2247@example.com,synthetic-uid-2247,1,0,0,0,0,0,0,0.06298929350408083,0
synthetic,75,launched,email,,8,Control neutro,Información general,Plantilla sin señales fuertes,0,0,0,0,11,25-34,F,Universitaria,2248,synthetic_user_2248@example.com,synthetic-uid-2248,1,0,0,0,0,0,0,0.06298929350408083,0
synthetic,75,launched,email,,8,Control neutro,Información general,Plantilla sin señales fuertes,0,0,0,0,11,25-34,F,Universitaria,2249,synthetic_user_2249@example.com,synthetic-uid-2249,1,1,1,0,1,1,0,0.06298929350408083,0
synthetic,75,launched,email,,8,Control neutro,Información general,Plantilla sin señales fuertes,0,0,0,0,11,25-34,F,Universitaria,2250,synthetic_user_2250@example.com,synthetic-uid-2250,1,1,0,0,1,0,0,0.06298929350408083,0
synthetic,76,launched,email,,8,Control neutro,Información general,Plantilla sin señales fuertes,0,0,0,0,39,55+,M,Universitaria,2251,synthetic_user_2251@example.com,synthetic-uid-2251,1,0,0,0,0,0,0,0.024555251748271577,0
synthetic,76,launched,email,,8,Control neutro,Información general,Plantilla sin señales fuertes,0,0,0,0,39,55+,M,Universitaria,2252,synthetic_user_2252@example.com,synthetic-uid-2252,1,1,0,0,1,0,0,0.024555251748271577,0
synthetic,76,launched,email,,8,Control neutro,Información general,Plantilla sin señales fuertes,0,0,0,0,39,55+,M,Universitaria,2253,synthetic_user_2253@example.com,synthetic-uid-2253,1,0,0,0,0,0,0,0.024555251748271577,0
synthetic,76,launched,email,,8,Control neutro,Información general,Plantilla sin señales fuertes,0,0,0,0,39,55+,M,Universitaria,2254,synthetic_user_2254@example.com,synthetic-uid-2254,1,0,0,0,0,0,0,0.024555251748271577,0
synthetic,76,launched,email,,8,Control neutro,Información general,Plantilla sin señales fuertes,0,0,0,0,39,55+,M,Universitaria,2255,synthetic_user_2255@example.com,synthetic-uid-2255,1,0,0,0,0,0,0,0.024555251748271577,0
synthetic,76,launched,email,,8,Control neutro,Información general,Plantilla sin señales fuertes,0,0,0,0,39,55+,M,Universitaria,2256,synthetic_user_2256@example.com,synthetic-uid-2256,1,1,0,0,1,0,0,0.024555251748271577,0
synthetic,76,launched,email,,8,Control neutro,Información general,Plantilla sin señales fuertes,0,0,0,0,39,55+,M,Universitaria,2257,synthetic_user_2257@example.com,synthetic-uid-2257,1,0,0,0,0,0,0,0.024555251748271577,0
synthetic,76,launched,email,,8,Control neutro,Información general,Plantilla sin señales fuertes,0,0,0,0,39,55+,M,Universitaria,2258,synthetic_user_2258@example.com,synthetic-uid-2258,1,0,0,0,0,0,0,0.024555251748271577,0
synthetic,76,launched,email,,8,Control neutro,Información general,Plantilla sin señales fuertes,0,0,0,0,39,55+,M,Universitaria,2259,synthetic_user_2259@example.com,synthetic-uid-2259,1,0,0,0,0,0,0,0.024555251748271577,0
synthetic,76,launched,email,,8,Control neutro,Información general,Plantilla sin señales fuertes,0,0,0,0,39,55+,M,Universitaria,2260,synthetic_user_2260@example.com,synthetic-uid-2260,1,0,0,0,0,0,0,0.024555251748271577,0
synthetic,76,launched,email,,8,Control neutro,Información general,Plantilla sin señales fuertes,0,0,0,0,39,55+,M,Universitaria,2261,synthetic_user_2261@example.com,synthetic-uid-2261,1,0,0,0,0,0,0,0.024555251748271577,0
synthetic,76,launched,email,,8,Control neutro,Información general,Plantilla sin señales fuertes,0,0,0,0,39,55+,M,Universitaria,2262,synthetic_user_2262@example.com,synthetic-uid-2262,1,0,0,0,0,0,0,0.024555251748271577,0
synthetic,76,launched,email,,8,Control neutro,Información general,Plantilla sin señales fuertes,0,0,0,0,39,55+,M,Universitaria,2263,synthetic_user_2263@example.com,synthetic-uid-2263,1,0,0,0,0,0,0,0.024555251748271577,0
synthetic,76,launched,email,,8,Control neutro,Información general,Plantilla sin señales fuertes,0,0,0,0,39,55+,M,Universitaria,2264,synthetic_user_2264@example.com,synthetic-uid-2264,1,1,1,0,1,1,0,0.024555251748271577,0
synthetic,76,launched,email,,8,Control neutro,Información general,Plantilla sin señales fuertes,0,0,0,0,39,55+,M,Universitaria,2265,synthetic_user_2265@example.com,synthetic-uid-2265,1,0,0,0,0,0,0,0.024555251748271577,0
synthetic,76,launched,email,,8,Control neutro,Información general,Plantilla sin señales fuertes,0,0,0,0,39,55+,M,Universitaria,2266,synthetic_user_2266@example.com,synthetic-uid-2266,1,0,0,0,0,0,0,0.024555251748271577,0
synthetic,76,launched,email,,8,Control neutro,Información general,Plantilla sin señales fuertes,0,0,0,0,39,55+,M,Universitaria,2267,synthetic_user_2267@example.com,synthetic-uid-2267,1,0,0,0,0,0,0,0.024555251748271577,0
synthetic,76,launched,email,,8,Control neutro,Información general,Plantilla sin señales fuertes,0,0,0,0,39,55+,M,Universitaria,2268,synthetic_user_2268@example.com,synthetic-uid-2268,1,0,0,0,0,0,0,0.024555251748271577,0
synthetic,76,launched,email,,8,Control neutro,Información general,Plantilla sin señales fuertes,0,0,0,0,39,55+,M,Universitaria,2269,synthetic_user_2269@example.com,synthetic-uid-2269,1,1,0,0,1,0,0,0.024555251748271577,0
synthetic,76,launched,email,,8,Control neutro,Información general,Plantilla sin señales fuertes,0,0,0,0,39,55+,M,Universitaria,2270,synthetic_user_2270@example.com,synthetic-uid-2270,1,1,0,0,1,0,0,0.024555251748271577,0
synthetic,76,launched,email,,8,Control neutro,Información general,Plantilla sin señales fuertes,0,0,0,0,39,55+,M,Universitaria,2271,synthetic_user_2271@example.com,synthetic-uid-2271,1,0,0,0,0,0,0,0.024555251748271577,0
synthetic,76,launched,email,,8,Control neutro,Información general,Plantilla sin señales fuertes,0,0,0,0,39,55+,M,Universitaria,2272,synthetic_user_2272@example.com,synthetic-uid-2272,1,0,0,0,0,0,0,0.024555251748271577,0
synthetic,76,launched,email,,8,Control neutro,Información general,Plantilla sin señales fuertes,0,0,0,0,39,55+,M,Universitaria,2273,synthetic_user_2273@example.com,synthetic-uid-2273,1,0,0,0,0,0,0,0.024555251748271577,0
synthetic,76,launched,email,,8,Control neutro,Información general,Plantilla sin señales fuertes,0,0,0,0,39,55+,M,Universitaria,2274,synthetic_user_2274@example.com,synthetic-uid-2274,1,1,1,0,1,1,0,0.024555251748271577,0
synthetic,76,launched,email,,8,Control neutro,Información general,Plantilla sin señales fuertes,0,0,0,0,39,55+,M,Universitaria,2275,synthetic_user_2275@example.com,synthetic-uid-2275,1,0,0,0,0,0,0,0.024555251748271577,0
synthetic,76,launched,email,,8,Control neutro,Información general,Plantilla sin señales fuertes,0,0,0,0,39,55+,M,Universitaria,2276,synthetic_user_2276@example.com,synthetic-uid-2276,1,0,0,0,0,0,0,0.024555251748271577,0
synthetic,76,launched,email,,8,Control neutro,Información general,Plantilla sin señales fuertes,0,0,0,0,39,55+,M,Universitaria,2277,synthetic_user_2277@example.com,synthetic-uid-2277,1,0,0,0,0,0,0,0.024555251748271577,0
synthetic,76,launched,email,,8,Control neutro,Información general,Plantilla sin señales fuertes,0,0,0,0,39,55+,M,Universitaria,2278,synthetic_user_2278@example.com,synthetic-uid-2278,1,0,0,0,0,0,0,0.024555251748271577,0
synthetic,76,launched,email,,8,Control neutro,Información general,Plantilla sin señales fuertes,0,0,0,0,39,55+,M,Universitaria,2279,synthetic_user_2279@example.com,synthetic-uid-2279,1,0,0,0,0,0,0,0.024555251748271577,0
synthetic,76,launched,email,,8,Control neutro,Información general,Plantilla sin señales fuertes,0,0,0,0,39,55+,M,Universitaria,2280,synthetic_user_2280@example.com,synthetic-uid-2280,1,0,0,0,0,0,0,0.024555251748271577,0
synthetic,77,launched,email,,8,Control neutro,Información general,Plantilla sin señales fuertes,0,0,0,0,16,25-34,M,Posgrado,2281,synthetic_user_2281@example.com,synthetic-uid-2281,1,0,0,0,0,0,0,0.06504900280682212,0
synthetic,77,launched,email,,8,Control neutro,Información general,Plantilla sin señales fuertes,0,0,0,0,16,25-34,M,Posgrado,2282,synthetic_user_2282@example.com,synthetic-uid-2282,1,1,0,0,1,0,0,0.06504900280682212,0
synthetic,77,launched,email,,8,Control neutro,Información general,Plantilla sin señales fuertes,0,0,0,0,16,25-34,M,Posgrado,2283,synthetic_user_2283@example.com,synthetic-uid-2283,1,0,0,0,0,0,0,0.06504900280682212,0
synthetic,77,launched,email,,8,Control neutro,Información general,Plantilla sin señales fuertes,0,0,0,0,16,25-34,M,Posgrado,2284,synthetic_user_2284@example.com,synthetic-uid-2284,1,0,0,0,0,0,0,0.06504900280682212,0
synthetic,77,launched,email,,8,Control neutro,Información general,Plantilla sin señales fuertes,0,0,0,0,16,25-34,M,Posgrado,2285,synthetic_user_2285@example.com,synthetic-uid-2285,1,0,0,0,0,0,0,0.06504900280682212,0
synthetic,77,launched,email,,8,Control neutro,Información general,Plantilla sin señales fuertes,0,0,0,0,16,25-34,M,Posgrado,2286,synthetic_user_2286@example.com,synthetic-uid-2286,1,0,0,0,0,0,0,0.06504900280682212,0
synthetic,77,launched,email,,8,Control neutro,Información general,Plantilla sin señales fuertes,0,0,0,0,16,25-34,M,Posgrado,2287,synthetic_user_2287@example.com,synthetic-uid-2287,1,0,0,0,0,0,0,0.06504900280682212,0
synthetic,77,launched,email,,8,Control neutro,Información general,Plantilla sin señales fuertes,0,0,0,0,16,25-34,M,Posgrado,2288,synthetic_user_2288@example.com,synthetic-uid-2288,1,0,0,0,0,0,0,0.06504900280682212,0
synthetic,77,launched,email,,8,Control neutro,Información general,Plantilla sin señales fuertes,0,0,0,0,16,25-34,M,Posgrado,2289,synthetic_user_2289@example.com,synthetic-uid-2289,1,1,0,0,1,0,0,0.06504900280682212,0
synthetic,77,launched,email,,8,Control neutro,Información general,Plantilla sin señales fuertes,0,0,0,0,16,25-34,M,Posgrado,2290,synthetic_user_2290@example.com,synthetic-uid-2290,1,1,0,0,1,0,0,0.06504900280682212,0
synthetic,77,launched,email,,8,Control neutro,Información general,Plantilla sin señales fuertes,0,0,0,0,16,25-34,M,Posgrado,2291,synthetic_user_2291@example.com,synthetic-uid-2291,1,0,0,0,0,0,0,0.06504900280682212,0
synthetic,77,launched,email,,8,Control neutro,Información general,Plantilla sin señales fuertes,0,0,0,0,16,25-34,M,Posgrado,2292,synthetic_user_2292@example.com,synthetic-uid-2292,1,0,0,0,0,0,0,0.06504900280682212,0
synthetic,77,launched,email,,8,Control neutro,Información general,Plantilla sin señales fuertes,0,0,0,0,16,25-34,M,Posgrado,2293,synthetic_user_2293@example.com,synthetic-uid-2293,1,1,0,0,1,0,0,0.06504900280682212,0
synthetic,77,launched,email,,8,Control neutro,Información general,Plantilla sin señales fuertes,0,0,0,0,16,25-34,M,Posgrado,2294,synthetic_user_2294@example.com,synthetic-uid-2294,1,0,0,0,0,0,0,0.06504900280682212,0
synthetic,77,launched,email,,8,Control neutro,Información general,Plantilla sin señales fuertes,0,0,0,0,16,25-34,M,Posgrado,2295,synthetic_user_2295@example.com,synthetic-uid-2295,1,0,0,0,0,0,0,0.06504900280682212,0
synthetic,77,launched,email,,8,Control neutro,Información general,Plantilla sin señales fuertes,0,0,0,0,16,25-34,M,Posgrado,2296,synthetic_user_2296@example.com,synthetic-uid-2296,1,0,0,0,0,0,0,0.06504900280682212,0
synthetic,77,launched,email,,8,Control neutro,Información general,Plantilla sin señales fuertes,0,0,0,0,16,25-34,M,Posgrado,2297,synthetic_user_2297@example.com,synthetic-uid-2297,1,0,0,0,0,0,0,0.06504900280682212,0
synthetic,77,launched,email,,8,Control neutro,Información general,Plantilla sin señales fuertes,0,0,0,0,16,25-34,M,Posgrado,2298,synthetic_user_2298@example.com,synthetic-uid-2298,1,0,0,0,0,0,0,0.06504900280682212,0
synthetic,77,launched,email,,8,Control neutro,Información general,Plantilla sin señales fuertes,0,0,0,0,16,25-34,M,Posgrado,2299,synthetic_user_2299@example.com,synthetic-uid-2299,1,1,0,0,1,0,0,0.06504900280682212,0
synthetic,77,launched,email,,8,Control neutro,Información general,Plantilla sin señales fuertes,0,0,0,0,16,25-34,M,Posgrado,2300,synthetic_user_2300@example.com,synthetic-uid-2300,1,0,0,0,0,0,0,0.06504900280682212,0
synthetic,77,launched,email,,8,Control neutro,Información general,Plantilla sin señales fuertes,0,0,0,0,16,25-34,M,Posgrado,2301,synthetic_user_2301@example.com,synthetic-uid-2301,1,1,0,0,1,0,0,0.06504900280682212,0
synthetic,77,launched,email,,8,Control neutro,Información general,Plantilla sin señales fuertes,0,0,0,0,16,25-34,M,Posgrado,2302,synthetic_user_2302@example.com,synthetic-uid-2302,1,0,0,0,0,0,0,0.06504900280682212,0
synthetic,77,launched,email,,8,Control neutro,Información general,Plantilla sin señales fuertes,0,0,0,0,16,25-34,M,Posgrado,2303,synthetic_user_2303@example.com,synthetic-uid-2303,1,0,0,0,0,0,0,0.06504900280682212,0
synthetic,77,launched,email,,8,Control neutro,Información general,Plantilla sin señales fuertes,0,0,0,0,16,25-34,M,Posgrado,2304,synthetic_user_2304@example.com,synthetic-uid-2304,1,1,0,0,1,0,0,0.06504900280682212,0
synthetic,77,launched,email,,8,Control neutro,Información general,Plantilla sin señales fuertes,0,0,0,0,16,25-34,M,Posgrado,2305,synthetic_user_2305@example.com,synthetic-uid-2305,1,0,0,0,0,0,0,0.06504900280682212,0
synthetic,77,launched,email,,8,Control neutro,Información general,Plantilla sin señales fuertes,0,0,0,0,16,25-34,M,Posgrado,2306,synthetic_user_2306@example.com,synthetic-uid-2306,1,0,0,0,0,0,0,0.06504900280682212,0
synthetic,77,launched,email,,8,Control neutro,Información general,Plantilla sin señales fuertes,0,0,0,0,16,25-34,M,Posgrado,2307,synthetic_user_2307@example.com,synthetic-uid-2307,1,0,0,0,0,0,0,0.06504900280682212,0
synthetic,77,launched,email,,8,Control neutro,Información general,Plantilla sin señales fuertes,0,0,0,0,16,25-34,M,Posgrado,2308,synthetic_user_2308@example.com,synthetic-uid-2308,1,0,0,0,0,0,0,0.06504900280682212,0
synthetic,77,launched,email,,8,Control neutro,Información general,Plantilla sin señales fuertes,0,0,0,0,16,25-34,M,Posgrado,2309,synthetic_user_2309@example.com,synthetic-uid-2309,1,0,0,0,0,0,0,0.06504900280682212,0
synthetic,77,launched,email,,8,Control neutro,Información general,Plantilla sin señales fuertes,0,0,0,0,16,25-34,M,Posgrado,2310,synthetic_user_2310@example.com,synthetic-uid-2310,1,0,0,0,0,0,0,0.06504900280682212,0
synthetic,78,launched,email,,8,Control neutro,Información general,Plantilla sin señales fuertes,0,0,0,0,10,25-34,F,Tecnica,2311,synthetic_user_2311@example.com,synthetic-uid-2311,1,0,0,0,0,0,0,0.1167864851493963,0
synthetic,78,launched,email,,8,Control neutro,Información general,Plantilla sin señales fuertes,0,0,0,0,10,25-34,F,Tecnica,2312,synthetic_user_2312@example.com,synthetic-uid-2312,1,0,0,0,0,0,0,0.1167864851493963,0
synthetic,78,launched,email,,8,Control neutro,Información general,Plantilla sin señales fuertes,0,0,0,0,10,25-34,F,Tecnica,2313,synthetic_user_2313@example.com,synthetic-uid-2313,1,0,0,0,0,0,0,0.1167864851493963,0
synthetic,78,launched,email,,8,Control neutro,Información general,Plantilla sin señales fuertes,0,0,0,0,10,25-34,F,Tecnica,2314,synthetic_user_2314@example.com,synthetic-uid-2314,1,1,1,0,1,1,0,0.1167864851493963,0
synthetic,78,launched,email,,8,Control neutro,Información general,Plantilla sin señales fuertes,0,0,0,0,10,25-34,F,Tecnica,2315,synthetic_user_2315@example.com,synthetic-uid-2315,1,0,0,0,0,0,0,0.1167864851493963,0
synthetic,78,launched,email,,8,Control neutro,Información general,Plantilla sin señales fuertes,0,0,0,0,10,25-34,F,Tecnica,2316,synthetic_user_2316@example.com,synthetic-uid-2316,1,0,0,0,0,0,0,0.1167864851493963,0
synthetic,78,launched,email,,8,Control neutro,Información general,Plantilla sin señales fuertes,0,0,0,0,10,25-34,F,Tecnica,2317,synthetic_user_2317@example.com,synthetic-uid-2317,1,0,0,0,0,0,0,0.1167864851493963,0
synthetic,78,launched,email,,8,Control neutro,Información general,Plantilla sin señales fuertes,0,0,0,0,10,25-34,F,Tecnica,2318,synthetic_user_2318@example.com,synthetic-uid-2318,1,0,0,0,0,0,0,0.1167864851493963,0
synthetic,78,launched,email,,8,Control neutro,Información general,Plantilla sin señales fuertes,0,0,0,0,10,25-34,F,Tecnica,2319,synthetic_user_2319@example.com,synthetic-uid-2319,1,0,0,0,0,0,0,0.1167864851493963,0
synthetic,78,launched,email,,8,Control neutro,Información general,Plantilla sin señales fuertes,0,0,0,0,10,25-34,F,Tecnica,2320,synthetic_user_2320@example.com,synthetic-uid-2320,1,1,0,0,1,0,0,0.1167864851493963,0
synthetic,78,launched,email,,8,Control neutro,Información general,Plantilla sin señales fuertes,0,0,0,0,10,25-34,F,Tecnica,2321,synthetic_user_2321@example.com,synthetic-uid-2321,1,0,0,0,0,0,0,0.1167864851493963,0
synthetic,78,launched,email,,8,Control neutro,Información general,Plantilla sin señales fuertes,0,0,0,0,10,25-34,F,Tecnica,2322,synthetic_user_2322@example.com,synthetic-uid-2322,1,0,0,0,0,0,0,0.1167864851493963,0
synthetic,78,launched,email,,8,Control neutro,Información general,Plantilla sin señales fuertes,0,0,0,0,10,25-34,F,Tecnica,2323,synthetic_user_2323@example.com,synthetic-uid-2323,1,1,0,0,1,0,0,0.1167864851493963,0
synthetic,78,launched,email,,8,Control neutro,Información general,Plantilla sin señales fuertes,0,0,0,0,10,25-34,F,Tecnica,2324,synthetic_user_2324@example.com,synthetic-uid-2324,1,0,0,0,0,0,0,0.1167864851493963,0
synthetic,78,launched,email,,8,Control neutro,Información general,Plantilla sin señales fuertes,0,0,0,0,10,25-34,F,Tecnica,2325,synthetic_user_2325@example.com,synthetic-uid-2325,1,0,0,0,0,0,0,0.1167864851493963,0
synthetic,78,launched,email,,8,Control neutro,Información general,Plantilla sin señales fuertes,0,0,0,0,10,25-34,F,Tecnica,2326,synthetic_user_2326@example.com,synthetic-uid-2326,1,0,0,0,0,0,0,0.1167864851493963,0
synthetic,78,launched,email,,8,Control neutro,Información general,Plantilla sin señales fuertes,0,0,0,0,10,25-34,F,Tecnica,2327,synthetic_user_2327@example.com,synthetic-uid-2327,1,0,0,0,0,0,0,0.1167864851493963,0
synthetic,78,launched,email,,8,Control neutro,Información general,Plantilla sin señales fuertes,0,0,0,0,10,25-34,F,Tecnica,2328,synthetic_user_2328@example.com,synthetic-uid-2328,1,0,0,0,0,0,0,0.1167864851493963,0
synthetic,78,launched,email,,8,Control neutro,Información general,Plantilla sin señales fuertes,0,0,0,0,10,25-34,F,Tecnica,2329,synthetic_user_2329@example.com,synthetic-uid-2329,1,0,0,0,0,0,0,0.1167864851493963,0
synthetic,78,launched,email,,8,Control neutro,Información general,Plantilla sin señales fuertes,0,0,0,0,10,25-34,F,Tecnica,2330,synthetic_user_2330@example.com,synthetic-uid-2330,1,1,0,0,1,0,0,0.1167864851493963,0
synthetic,78,launched,email,,8,Control neutro,Información general,Plantilla sin señales fuertes,0,0,0,0,10,25-34,F,Tecnica,2331,synthetic_user_2331@example.com,synthetic-uid-2331,1,1,0,0,1,0,0,0.1167864851493963,0
synthetic,78,launched,email,,8,Control neutro,Información general,Plantilla sin señales fuertes,0,0,0,0,10,25-34,F,Tecnica,2332,synthetic_user_2332@example.com,synthetic-uid-2332,1,0,0,0,0,0,0,0.1167864851493963,0
synthetic,78,launched,email,,8,Control neutro,Información general,Plantilla sin señales fuertes,0,0,0,0,10,25-34,F,Tecnica,2333,synthetic_user_2333@example.com,synthetic-uid-2333,1,0,0,0,0,0,0,0.1167864851493963,0
synthetic,78,launched,email,,8,Control neutro,Información general,Plantilla sin señales fuertes,0,0,0,0,10,25-34,F,Tecnica,2334,synthetic_user_2334@example.com,synthetic-uid-2334,1,1,0,0,1,0,0,0.1167864851493963,0
synthetic,78,launched,email,,8,Control neutro,Información general,Plantilla sin señales fuertes,0,0,0,0,10,25-34,F,Tecnica,2335,synthetic_user_2335@example.com,synthetic-uid-2335,1,0,0,0,0,0,0,0.1167864851493963,0
synthetic,78,launched,email,,8,Control neutro,Información general,Plantilla sin señales fuertes,0,0,0,0,10,25-34,F,Tecnica,2336,synthetic_user_2336@example.com,synthetic-uid-2336,1,0,0,0,0,0,0,0.1167864851493963,0
synthetic,78,launched,email,,8,Control neutro,Información general,Plantilla sin señales fuertes,0,0,0,0,10,25-34,F,Tecnica,2337,synthetic_user_2337@example.com,synthetic-uid-2337,1,0,0,0,0,0,0,0.1167864851493963,0
synthetic,78,launched,email,,8,Control neutro,Información general,Plantilla sin señales fuertes,0,0,0,0,10,25-34,F,Tecnica,2338,synthetic_user_2338@example.com,synthetic-uid-2338,1,1,0,0,1,0,0,0.1167864851493963,0
synthetic,78,launched,email,,8,Control neutro,Información general,Plantilla sin señales fuertes,0,0,0,0,10,25-34,F,Tecnica,2339,synthetic_user_2339@example.com,synthetic-uid-2339,1,0,0,0,0,0,0,0.1167864851493963,0
synthetic,78,launched,email,,8,Control neutro,Información general,Plantilla sin señales fuertes,0,0,0,0,10,25-34,F,Tecnica,2340,synthetic_user_2340@example.com,synthetic-uid-2340,1,0,0,0,0,0,0,0.1167864851493963,0
synthetic,79,launched,email,,8,Control neutro,Información general,Plantilla sin señales fuertes,0,0,0,0,21,35-44,M,Secundaria,2341,synthetic_user_2341@example.com,synthetic-uid-2341,1,1,0,0,1,0,0,0.030852728650846505,0
synthetic,79,launched,email,,8,Control neutro,Información general,Plantilla sin señales fuertes,0,0,0,0,21,35-44,M,Secundaria,2342,synthetic_user_2342@example.com,synthetic-uid-2342,1,0,0,0,0,0,0,0.030852728650846505,0
synthetic,79,launched,email,,8,Control neutro,Información general,Plantilla sin señales fuertes,0,0,0,0,21,35-44,M,Secundaria,2343,synthetic_user_2343@example.com,synthetic-uid-2343,1,1,0,0,1,0,0,0.030852728650846505,0
synthetic,79,launched,email,,8,Control neutro,Información general,Plantilla sin señales fuertes,0,0,0,0,21,35-44,M,Secundaria,2344,synthetic_user_2344@example.com,synthetic-uid-2344,1,0,0,0,0,0,0,0.030852728650846505,0
synthetic,79,launched,email,,8,Control neutro,Información general,Plantilla sin señales fuertes,0,0,0,0,21,35-44,M,Secundaria,2345,synthetic_user_2345@example.com,synthetic-uid-2345,1,0,0,0,0,0,0,0.030852728650846505,0
synthetic,79,launched,email,,8,Control neutro,Información general,Plantilla sin señales fuertes,0,0,0,0,21,35-44,M,Secundaria,2346,synthetic_user_2346@example.com,synthetic-uid-2346,1,0,0,0,0,0,0,0.030852728650846505,0
synthetic,79,launched,email,,8,Control neutro,Información general,Plantilla sin señales fuertes,0,0,0,0,21,35-44,M,Secundaria,2347,synthetic_user_2347@example.com,synthetic-uid-2347,1,0,0,0,0,0,0,0.030852728650846505,0
synthetic,79,launched,email,,8,Control neutro,Información general,Plantilla sin señales fuertes,0,0,0,0,21,35-44,M,Secundaria,2348,synthetic_user_2348@example.com,synthetic-uid-2348,1,0,0,0,0,0,0,0.030852728650846505,0
synthetic,79,launched,email,,8,Control neutro,Información general,Plantilla sin señales fuertes,0,0,0,0,21,35-44,M,Secundaria,2349,synthetic_user_2349@example.com,synthetic-uid-2349,1,0,0,0,0,0,0,0.030852728650846505,0
synthetic,79,launched,email,,8,Control neutro,Información general,Plantilla sin señales fuertes,0,0,0,0,21,35-44,M,Secundaria,2350,synthetic_user_2350@example.com,synthetic-uid-2350,1,1,0,0,1,0,0,0.030852728650846505,0
synthetic,79,launched,email,,8,Control neutro,Información general,Plantilla sin señales fuertes,0,0,0,0,21,35-44,M,Secundaria,2351,synthetic_user_2351@example.com,synthetic-uid-2351,1,0,0,0,0,0,0,0.030852728650846505,0
synthetic,79,launched,email,,8,Control neutro,Información general,Plantilla sin señales fuertes,0,0,0,0,21,35-44,M,Secundaria,2352,synthetic_user_2352@example.com,synthetic-uid-2352,1,1,0,0,1,0,0,0.030852728650846505,0
synthetic,79,launched,email,,8,Control neutro,Información general,Plantilla sin señales fuertes,0,0,0,0,21,35-44,M,Secundaria,2353,synthetic_user_2353@example.com,synthetic-uid-2353,1,0,0,0,0,0,0,0.030852728650846505,0
synthetic,79,launched,email,,8,Control neutro,Información general,Plantilla sin señales fuertes,0,0,0,0,21,35-44,M,Secundaria,2354,synthetic_user_2354@example.com,synthetic-uid-2354,1,1,0,0,1,0,0,0.030852728650846505,0
synthetic,79,launched,email,,8,Control neutro,Información general,Plantilla sin señales fuertes,0,0,0,0,21,35-44,M,Secundaria,2355,synthetic_user_2355@example.com,synthetic-uid-2355,1,0,0,0,0,0,0,0.030852728650846505,0
synthetic,79,launched,email,,8,Control neutro,Información general,Plantilla sin señales fuertes,0,0,0,0,21,35-44,M,Secundaria,2356,synthetic_user_2356@example.com,synthetic-uid-2356,1,0,0,0,0,0,0,0.030852728650846505,0
synthetic,79,launched,email,,8,Control neutro,Información general,Plantilla sin señales fuertes,0,0,0,0,21,35-44,M,Secundaria,2357,synthetic_user_2357@example.com,synthetic-uid-2357,1,1,0,0,1,0,0,0.030852728650846505,0
synthetic,79,launched,email,,8,Control neutro,Información general,Plantilla sin señales fuertes,0,0,0,0,21,35-44,M,Secundaria,2358,synthetic_user_2358@example.com,synthetic-uid-2358,1,0,0,0,0,0,0,0.030852728650846505,0
synthetic,79,launched,email,,8,Control neutro,Información general,Plantilla sin señales fuertes,0,0,0,0,21,35-44,M,Secundaria,2359,synthetic_user_2359@example.com,synthetic-uid-2359,1,0,0,0,0,0,0,0.030852728650846505,0
synthetic,79,launched,email,,8,Control neutro,Información general,Plantilla sin señales fuertes,0,0,0,0,21,35-44,M,Secundaria,2360,synthetic_user_2360@example.com,synthetic-uid-2360,1,1,0,0,1,0,0,0.030852728650846505,0
synthetic,79,launched,email,,8,Control neutro,Información general,Plantilla sin señales fuertes,0,0,0,0,21,35-44,M,Secundaria,2361,synthetic_user_2361@example.com,synthetic-uid-2361,1,0,0,0,0,0,0,0.030852728650846505,0
synthetic,79,launched,email,,8,Control neutro,Información general,Plantilla sin señales fuertes,0,0,0,0,21,35-44,M,Secundaria,2362,synthetic_user_2362@example.com,synthetic-uid-2362,1,0,0,0,0,0,0,0.030852728650846505,0
synthetic,79,launched,email,,8,Control neutro,Información general,Plantilla sin señales fuertes,0,0,0,0,21,35-44,M,Secundaria,2363,synthetic_user_2363@example.com,synthetic-uid-2363,1,1,1,0,1,1,0,0.030852728650846505,0
synthetic,79,launched,email,,8,Control neutro,Información general,Plantilla sin señales fuertes,0,0,0,0,21,35-44,M,Secundaria,2364,synthetic_user_2364@example.com,synthetic-uid-2364,1,0,0,0,0,0,0,0.030852728650846505,0
synthetic,79,launched,email,,8,Control neutro,Información general,Plantilla sin señales fuertes,0,0,0,0,21,35-44,M,Secundaria,2365,synthetic_user_2365@example.com,synthetic-uid-2365,1,0,0,0,0,0,0,0.030852728650846505,0
synthetic,79,launched,email,,8,Control neutro,Información general,Plantilla sin señales fuertes,0,0,0,0,21,35-44,M,Secundaria,2366,synthetic_user_2366@example.com,synthetic-uid-2366,1,1,0,0,1,0,0,0.030852728650846505,0
synthetic,79,launched,email,,8,Control neutro,Información general,Plantilla sin señales fuertes,0,0,0,0,21,35-44,M,Secundaria,2367,synthetic_user_2367@example.com,synthetic-uid-2367,1,0,0,0,0,0,0,0.030852728650846505,0
synthetic,79,launched,email,,8,Control neutro,Información general,Plantilla sin señales fuertes,0,0,0,0,21,35-44,M,Secundaria,2368,synthetic_user_2368@example.com,synthetic-uid-2368,1,0,0,0,0,0,0,0.030852728650846505,0
synthetic,79,launched,email,,8,Control neutro,Información general,Plantilla sin señales fuertes,0,0,0,0,21,35-44,M,Secundaria,2369,synthetic_user_2369@example.com,synthetic-uid-2369,1,1,0,0,1,0,0,0.030852728650846505,0
synthetic,79,launched,email,,8,Control neutro,Información general,Plantilla sin señales fuertes,0,0,0,0,21,35-44,M,Secundaria,2370,synthetic_user_2370@example.com,synthetic-uid-2370,1,0,0,0,0,0,0,0.030852728650846505,0
synthetic,80,launched,email,,8,Control neutro,Información general,Plantilla sin señales fuertes,0,0,0,0,6,18-24,M,Tecnica,2371,synthetic_user_2371@example.com,synthetic-uid-2371,1,1,0,0,1,0,0,0.06703458569963425,0
synthetic,80,launched,email,,8,Control neutro,Información general,Plantilla sin señales fuertes,0,0,0,0,6,18-24,M,Tecnica,2372,synthetic_user_2372@example.com,synthetic-uid-2372,1,1,0,0,1,0,0,0.06703458569963425,0
synthetic,80,launched,email,,8,Control neutro,Información general,Plantilla sin señales fuertes,0,0,0,0,6,18-24,M,Tecnica,2373,synthetic_user_2373@example.com,synthetic-uid-2373,1,0,0,0,0,0,0,0.06703458569963425,0
synthetic,80,launched,email,,8,Control neutro,Información general,Plantilla sin señales fuertes,0,0,0,0,6,18-24,M,Tecnica,2374,synthetic_user_2374@example.com,synthetic-uid-2374,1,0,0,0,0,0,0,0.06703458569963425,0
synthetic,80,launched,email,,8,Control neutro,Información general,Plantilla sin señales fuertes,0,0,0,0,6,18-24,M,Tecnica,2375,synthetic_user_2375@example.com,synthetic-uid-2375,1,0,0,0,0,0,0,0.06703458569963425,0
synthetic,80,launched,email,,8,Control neutro,Información general,Plantilla sin señales fuertes,0,0,0,0,6,18-24,M,Tecnica,2376,synthetic_user_2376@example.com,synthetic-uid-2376,1,0,0,0,0,0,0,0.06703458569963425,0
synthetic,80,launched,email,,8,Control neutro,Información general,Plantilla sin señales fuertes,0,0,0,0,6,18-24,M,Tecnica,2377,synthetic_user_2377@example.com,synthetic-uid-2377,1,1,0,0,1,0,0,0.06703458569963425,0
synthetic,80,launched,email,,8,Control neutro,Información general,Plantilla sin señales fuertes,0,0,0,0,6,18-24,M,Tecnica,2378,synthetic_user_2378@example.com,synthetic-uid-2378,1,1,0,0,1,0,0,0.06703458569963425,0
synthetic,80,launched,email,,8,Control neutro,Información general,Plantilla sin señales fuertes,0,0,0,0,6,18-24,M,Tecnica,2379,synthetic_user_2379@example.com,synthetic-uid-2379,1,0,0,0,0,0,0,0.06703458569963425,0
synthetic,80,launched,email,,8,Control neutro,Información general,Plantilla sin señales fuertes,0,0,0,0,6,18-24,M,Tecnica,2380,synthetic_user_2380@example.com,synthetic-uid-2380,1,1,0,0,1,0,0,0.06703458569963425,0
synthetic,80,launched,email,,8,Control neutro,Información general,Plantilla sin señales fuertes,0,0,0,0,6,18-24,M,Tecnica,2381,synthetic_user_2381@example.com,synthetic-uid-2381,1,0,0,0,0,0,0,0.06703458569963425,0
synthetic,80,launched,email,,8,Control neutro,Información general,Plantilla sin señales fuertes,0,0,0,0,6,18-24,M,Tecnica,2382,synthetic_user_2382@example.com,synthetic-uid-2382,1,0,0,0,0,0,0,0.06703458569963425,0
synthetic,80,launched,email,,8,Control neutro,Información general,Plantilla sin señales fuertes,0,0,0,0,6,18-24,M,Tecnica,2383,synthetic_user_2383@example.com,synthetic-uid-2383,1,1,0,0,1,0,0,0.06703458569963425,0
synthetic,80,launched,email,,8,Control neutro,Información general,Plantilla sin señales fuertes,0,0,0,0,6,18-24,M,Tecnica,2384,synthetic_user_2384@example.com,synthetic-uid-2384,1,0,0,0,0,0,0,0.06703458569963425,0
synthetic,80,launched,email,,8,Control neutro,Información general,Plantilla sin señales fuertes,0,0,0,0,6,18-24,M,Tecnica,2385,synthetic_user_2385@example.com,synthetic-uid-2385,1,1,0,0,1,0,0,0.06703458569963425,0
synthetic,80,launched,email,,8,Control neutro,Información general,Plantilla sin señales fuertes,0,0,0,0,6,18-24,M,Tecnica,2386,synthetic_user_2386@example.com,synthetic-uid-2386,1,0,0,0,0,0,0,0.06703458569963425,0
synthetic,80,launched,email,,8,Control neutro,Información general,Plantilla sin señales fuertes,0,0,0,0,6,18-24,M,Tecnica,2387,synthetic_user_2387@example.com,synthetic-uid-2387,1,0,0,0,0,0,0,0.06703458569963425,0
synthetic,80,launched,email,,8,Control neutro,Información general,Plantilla sin señales fuertes,0,0,0,0,6,18-24,M,Tecnica,2388,synthetic_user_2388@example.com,synthetic-uid-2388,1,0,0,0,0,0,0,0.06703458569963425,0
synthetic,80,launched,email,,8,Control neutro,Información general,Plantilla sin señales fuertes,0,0,0,0,6,18-24,M,Tecnica,2389,synthetic_user_2389@example.com,synthetic-uid-2389,1,1,0,0,1,0,0,0.06703458569963425,0
synthetic,80,launched,email,,8,Control neutro,Información general,Plantilla sin señales fuertes,0,0,0,0,6,18-24,M,Tecnica,2390,synthetic_user_2390@example.com,synthetic-uid-2390,1,0,0,0,0,0,0,0.06703458569963425,0
synthetic,80,launched,email,,8,Control neutro,Información general,Plantilla sin señales fuertes,0,0,0,0,6,18-24,M,Tecnica,2391,synthetic_user_2391@example.com,synthetic-uid-2391,1,0,0,0,0,0,0,0.06703458569963425,0
synthetic,80,launched,email,,8,Control neutro,Información general,Plantilla sin señales fuertes,0,0,0,0,6,18-24,M,Tecnica,2392,synthetic_user_2392@example.com,synthetic-uid-2392,1,0,0,0,0,0,0,0.06703458569963425,0
synthetic,80,launched,email,,8,Control neutro,Información general,Plantilla sin señales fuertes,0,0,0,0,6,18-24,M,Tecnica,2393,synthetic_user_2393@example.com,synthetic-uid-2393,1,0,0,0,0,0,0,0.06703458569963425,0
synthetic,80,launched,email,,8,Control neutro,Información general,Plantilla sin señales fuertes,0,0,0,0,6,18-24,M,Tecnica,2394,synthetic_user_2394@example.com,synthetic-uid-2394,1,1,0,0,1,0,0,0.06703458569963425,0
synthetic,80,launched,email,,8,Control neutro,Información general,Plantilla sin señales fuertes,0,0,0,0,6,18-24,M,Tecnica,2395,synthetic_user_2395@example.com,synthetic-uid-2395,1,0,0,0,0,0,0,0.06703458569963425,0
synthetic,80,launched,email,,8,Control neutro,Información general,Plantilla sin señales fuertes,0,0,0,0,6,18-24,M,Tecnica,2396,synthetic_user_2396@example.com,synthetic-uid-2396,1,0,0,0,0,0,0,0.06703458569963425,0
synthetic,80,launched,email,,8,Control neutro,Información general,Plantilla sin señales fuertes,0,0,0,0,6,18-24,M,Tecnica,2397,synthetic_user_2397@example.com,synthetic-uid-2397,1,0,0,0,0,0,0,0.06703458569963425,0
synthetic,80,launched,email,,8,Control neutro,Información general,Plantilla sin señales fuertes,0,0,0,0,6,18-24,M,Tecnica,2398,synthetic_user_2398@example.com,synthetic-uid-2398,1,0,0,0,0,0,0,0.06703458569963425,0
synthetic,80,launched,email,,8,Control neutro,Información general,Plantilla sin señales fuertes,0,0,0,0,6,18-24,M,Tecnica,2399,synthetic_user_2399@example.com,synthetic-uid-2399,1,0,0,0,0,0,0,0.06703458569963425,0
synthetic,80,launched,email,,8,Control neutro,Información general,Plantilla sin señales fuertes,0,0,0,0,6,18-24,M,Tecnica,2400,synthetic_user_2400@example.com,synthetic-uid-2400,1,1,1,0,1,1,0,0.06703458569963425,0
