source,campaign_id,campaign_status,campaign_channel,campaign_launched_at,template_id,template_name,template_subject,template_description,signal_urgency,signal_authority,signal_reward,signal_personalization,segment_id,age_bracket,gender,education,target_id,target_recipient,target_uid,delivered,opened,clicked,reported,opened_flag,clicked_flag,reported_flag,pred_clicked_flag,pred_clicked_prob
synthetic,70,launched,email,,7,Recompensa + Personalización,Beneficio exclusivo para usted,Plantilla combinada,0,0,1,1,14,25-34,M,Tecnica,2090,synthetic_user_2090@example.com,synthetic-uid-2090,1,0,0,0,0,0,0,1,0.6167321
synthetic,5,launched,email,,1,Urgencia,Acción requerida,Plantilla con señal de urgencia,1,0,0,0,38,55+,M,Tecnica,138,synthetic_user_138@example.com,synthetic-uid-138,1,0,0,0,0,0,0,0,0.4622815
synthetic,33,launched,email,,4,Personalización,Actualización para usted,Plantilla con personalización,0,0,0,1,29,45-54,M,Secundaria,975,synthetic_user_975@example.com,synthetic-uid-975,1,1,1,0,1,1,0,0,0.4735538
synthetic,22,launched,email,,3,Recompensa,Beneficio disponible,Plantilla con señal de recompensa,0,0,1,0,7,18-24,M,Universitaria,647,synthetic_user_647@example.com,synthetic-uid-647,1,0,0,0,0,0,0,0,0.017026424
synthetic,30,launched,email,,3,Recompensa,Beneficio disponible,Plantilla con señal de recompensa,0,0,1,0,2,18-24,F,Tecnica,899,synthetic_user_899@example.com,synthetic-uid-899,1,0,0,0,0,0,0,1,0.7564446
synthetic,37,launched,email,,4,Personalización,Actualización para usted,Plantilla con personalización,0,0,0,1,16,25-34,M,Posgrado,1107,synthetic_user_1107@example.com,synthetic-uid-1107,1,0,0,0,0,0,0,1,0.7419761
synthetic,51,launched,email,,6,Autoridad + Personalización,Notificación importante para usted,Plantilla combinada,0,1,0,1,15,25-34,M,Universitaria,1506,synthetic_user_1506@example.com,synthetic-uid-1506,1,1,0,0,1,0,0,0,0.007973573
synthetic,41,launched,email,,5,Urgencia + Autoridad,Aviso urgente institucional,Plantilla combinada,1,1,0,0,34,55+,F,Tecnica,1210,synthetic_user_1210@example.com,synthetic-uid-1210,1,0,0,0,0,0,0,0,0.4211873
synthetic,54,launched,email,,6,Autoridad + Personalización,Notificación importante para usted,Plantilla combinada,0,1,0,1,31,45-54,M,Universitaria,1609,synthetic_user_1609@example.com,synthetic-uid-1609,1,1,0,0,1,0,0,0,0.058025517
synthetic,72,launched,email,,8,Control neutro,Información general,Plantilla sin señales fuertes,0,0,0,0,39,55+,M,Universitaria,2136,synthetic_user_2136@example.com,synthetic-uid-2136,1,0,0,0,0,0,0,0,0.013828652
synthetic,29,launched,email,,3,Recompensa,Beneficio disponible,Plantilla con señal de recompensa,0,0,1,0,22,35-44,M,Tecnica,844,synthetic_user_844@example.com,synthetic-uid-844,1,0,0,0,0,0,0,0,0.40897503
synthetic,5,launched,email,,1,Urgencia,Acción requerida,Plantilla con señal de urgencia,1,0,0,0,38,55+,M,Tecnica,134,synthetic_user_134@example.com,synthetic-uid-134,1,0,0,0,0,0,0,0,0.4622815
synthetic,72,launched,email,,8,Control neutro,Información general,Plantilla sin señales fuertes,0,0,0,0,39,55+,M,Universitaria,2154,synthetic_user_2154@example.com,synthetic-uid-2154,1,0,0,0,0,0,0,0,0.013828652
synthetic,45,launched,email,,5,Urgencia + Autoridad,Aviso urgente institucional,Plantilla combinada,1,1,0,0,31,45-54,M,Universitaria,1347,synthetic_user_1347@example.com,synthetic-uid-1347,1,0,0,0,0,0,0,1,0.5635481
synthetic,7,launched,email,,1,Urgencia,Acción requerida,Plantilla con señal de urgencia,1,0,0,0,38,55+,M,Tecnica,210,synthetic_user_210@example.com,synthetic-uid-210,1,1,1,0,1,1,0,0,0.4622815
synthetic,56,launched,email,,6,Autoridad + Personalización,Notificación importante para usted,Plantilla combinada,0,1,0,1,29,45-54,M,Secundaria,1660,synthetic_user_1660@example.com,synthetic-uid-1660,1,0,0,0,0,0,0,0,0.4309743
synthetic,70,launched,email,,7,Recompensa + Personalización,Beneficio exclusivo para usted,Plantilla combinada,0,0,1,1,14,25-34,M,Tecnica,2091,synthetic_user_2091@example.com,synthetic-uid-2091,1,1,1,0,1,1,0,1,0.6167321
synthetic,2,launched,email,,1,Urgencia,Acción requerida,Plantilla con señal de urgencia,1,0,0,0,3,18-24,F,Universitaria,50,synthetic_user_50@example.com,synthetic-uid-50,1,1,0,0,1,0,0,0,0.11401329
synthetic,76,launched,email,,8,Control neutro,Información general,Plantilla sin señales fuertes,0,0,0,0,39,55+,M,Universitaria,2274,synthetic_user_2274@example.com,synthetic-uid-2274,1,1,1,0,1,1,0,0,0.013828652
synthetic,7,launched,email,,1,Urgencia,Acción requerida,Plantilla con señal de urgencia,1,0,0,0,38,55+,M,Tecnica,181,synthetic_user_181@example.com,synthetic-uid-181,1,0,0,0,0,0,0,0,0.4622815
synthetic,4,launched,email,,1,Urgencia,Acción requerida,Plantilla con señal de urgencia,1,0,0,0,35,55+,F,Universitaria,103,synthetic_user_103@example.com,synthetic-uid-103,1,0,0,0,0,0,0,0,0.40946198
synthetic,31,launched,email,,4,Personalización,Actualización para usted,Plantilla con personalización,0,0,0,1,3,18-24,F,Universitaria,907,synthetic_user_907@example.com,synthetic-uid-907,1,1,0,0,1,0,0,1,0.61282253
synthetic,50,launched,email,,5,Urgencia + Autoridad,Aviso urgente institucional,Plantilla combinada,1,1,0,0,35,55+,F,Universitaria,1483,synthetic_user_1483@example.com,synthetic-uid-1483,1,1,1,0,1,1,0,1,0.60309714
synthetic,27,launched,email,,3,Recompensa,Beneficio disponible,Plantilla con señal de recompensa,0,0,1,0,14,25-34,M,Tecnica,809,synthetic_user_809@example.com,synthetic-uid-809,1,0,0,0,0,0,0,1,0.7282198
synthetic,72,launched,email,,8,Control neutro,Información general,Plantilla sin señales fuertes,0,0,0,0,39,55+,M,Universitaria,2139,synthetic_user_2139@example.com,synthetic-uid-2139,1,0,0,0,0,0,0,0,0.013828652
synthetic,13,launched,email,,2,Autoridad,Comunicado institucional,Plantilla con señal de autoridad,0,1,0,0,38,55+,M,Tecnica,366,synthetic_user_366@example.com,synthetic-uid-366,1,0,0,0,0,0,0,0,0.49669933
synthetic,36,launched,email,,4,Personalización,Actualización para usted,Plantilla con personalización,0,0,0,1,9,25-34,F,Secundaria,1069,synthetic_user_1069@example.com,synthetic-uid-1069,1,1,1,0,1,1,0,0,0.44335085
synthetic,40,launched,email,,4,Personalización,Actualización para usted,Plantilla con personalización,0,0,0,1,12,25-34,F,Posgrado,1184,synthetic_user_1184@example.com,synthetic-uid-1184,1,0,0,0,0,0,0,1,0.56850386
synthetic,64,launched,email,,7,Recompensa + Personalización,Beneficio exclusivo para usted,Plantilla combinada,0,0,1,1,30,45-54,M,Tecnica,1905,synthetic_user_1905@example.com,synthetic-uid-1905,1,0,0,0,0,0,0,0,0.46546313
synthetic,9,launched,email,,1,Urgencia,Acción requerida,Plantilla con señal de urgencia,1,0,0,0,16,25-34,M,Posgrado,261,synthetic_user_261@example.com,synthetic-uid-261,1,1,0,0,1,0,0,1,0.5661355
synthetic,2,launched,email,,1,Urgencia,Acción requerida,Plantilla con señal de urgencia,1,0,0,0,3,18-24,F,Universitaria,35,synthetic_user_35@example.com,synthetic-uid-35,1,0,0,0,0,0,0,0,0.11401329
synthetic,60,launched,email,,6,Autoridad + Personalización,Notificación importante para usted,Plantilla combinada,0,1,0,1,29,45-54,M,Secundaria,1783,synthetic_user_1783@example.com,synthetic-uid-1783,1,0,0,0,0,0,0,0,0.4309743
synthetic,22,launched,email,,3,Recompensa,Beneficio disponible,Plantilla con señal de recompensa,0,0,1,0,7,18-24,M,Universitaria,655,synthetic_user_655@example.com,synthetic-uid-655,1,1,0,0,1,0,0,0,0.017026424
synthetic,1,launched,email,,1,Urgencia,Acción requerida,Plantilla con señal de urgencia,1,0,0,0,8,18-24,M,Posgrado,21,synthetic_user_21@example.com,synthetic-uid-21,1,0,0,0,0,0,0,0,0.4772992
synthetic,40,launched,email,,4,Personalización,Actualización para usted,Plantilla con personalización,0,0,0,1,12,25-34,F,Posgrado,1198,synthetic_user_1198@example.com,synthetic-uid-1198,1,1,0,0,1,0,0,1,0.56850386
synthetic,78,launched,email,,8,Control neutro,Información general,Plantilla sin señales fuertes,0,0,0,0,10,25-34,F,Tecnica,2340,synthetic_user_2340@example.com,synthetic-uid-2340,1,0,0,0,0,0,0,0,0.39535424
synthetic,17,launched,email,,2,Autoridad,Comunicado institucional,Plantilla con señal de autoridad,0,1,0,0,38,55+,M,Tecnica,509,synthetic_user_509@example.com,synthetic-uid-509,1,1,0,0,1,0,0,0,0.49669933
synthetic,36,launched,email,,4,Personalización,Actualización para usted,Plantilla con personalización,0,0,0,1,9,25-34,F,Secundaria,1074,synthetic_user_1074@example.com,synthetic-uid-1074,1,0,0,0,0,0,0,0,0.44335085
synthetic,54,launched,email,,6,Autoridad + Personalización,Notificación importante para usted,Plantilla combinada,0,1,0,1,31,45-54,M,Universitaria,1612,synthetic_user_1612@example.com,synthetic-uid-1612,1,0,0,0,0,0,0,0,0.058025517
synthetic,41,launched,email,,5,Urgencia + Autoridad,Aviso urgente institucional,Plantilla combinada,1,1,0,0,34,55+,F,Tecnica,1215,synthetic_user_1215@example.com,synthetic-uid-1215,1,1,1,0,1,1,0,0,0.4211873
synthetic,21,launched,email,,3,Recompensa,Beneficio disponible,Plantilla con señal de recompensa,0,0,1,0,18,35-44,F,Tecnica,618,synthetic_user_618@example.com,synthetic-uid-618,1,0,0,0,0,0,0,0,0.37404457
synthetic,79,launched,email,,8,Control neutro,Información general,Plantilla sin señales fuertes,0,0,0,0,21,35-44,M,Secundaria,2359,synthetic_user_2359@example.com,synthetic-uid-2359,1,0,0,0,0,0,0,0,0.46539846
synthetic,26,launched,email,,3,Recompensa,Beneficio disponible,Plantilla con señal de recompensa,0,0,1,0,7,18-24,M,Universitaria,775,synthetic_user_775@example.com,synthetic-uid-775,1,1,0,0,1,0,0,0,0.017026424
synthetic,26,launched,email,,3,Recompensa,Beneficio disponible,Plantilla con señal de recompensa,0,0,1,0,7,18-24,M,Universitaria,777,synthetic_user_777@example.com,synthetic-uid-777,1,0,0,0,0,0,0,0,0.017026424
synthetic,68,launched,email,,7,Recompensa + Personalización,Beneficio exclusivo para usted,Plantilla combinada,0,0,1,1,27,45-54,F,Universitaria,2011,synthetic_user_2011@example.com,synthetic-uid-2011,1,1,0,0,1,0,0,0,0.41510788
synthetic,38,launched,email,,4,Personalización,Actualización para usted,Plantilla con personalización,0,0,0,1,12,25-34,F,Posgrado,1130,synthetic_user_1130@example.com,synthetic-uid-1130,1,0,0,0,0,0,0,1,0.56850386
observed,11,draft,email,,2,Template educativo v2,unknown,,0,0,0,0,1,18-24,unknown,Universitaria,3,daniels.a.m.m1234@gmail.com,27665e96-4411-4c93-95bf-7ea05491b433,0,0,0,0,0,0,0,1,0.6983378
synthetic,45,launched,email,,5,Urgencia + Autoridad,Aviso urgente institucional,Plantilla combinada,1,1,0,0,31,45-54,M,Universitaria,1331,synthetic_user_1331@example.com,synthetic-uid-1331,1,1,0,0,1,0,0,1,0.5635481
synthetic,66,launched,email,,7,Recompensa + Personalización,Beneficio exclusivo para usted,Plantilla combinada,0,0,1,1,37,55+,M,Secundaria,1974,synthetic_user_1974@example.com,synthetic-uid-1974,1,1,0,0,1,0,0,0,0.25561902
synthetic,30,launched,email,,3,Recompensa,Beneficio disponible,Plantilla con señal de recompensa,0,0,1,0,2,18-24,F,Tecnica,872,synthetic_user_872@example.com,synthetic-uid-872,1,1,0,0,1,0,0,1,0.7564446
synthetic,22,launched,email,,3,Recompensa,Beneficio disponible,Plantilla con señal de recompensa,0,0,1,0,7,18-24,M,Universitaria,645,synthetic_user_645@example.com,synthetic-uid-645,1,0,0,0,0,0,0,0,0.017026424
synthetic,27,launched,email,,3,Recompensa,Beneficio disponible,Plantilla con señal de recompensa,0,0,1,0,14,25-34,M,Tecnica,785,synthetic_user_785@example.com,synthetic-uid-785,1,0,0,0,0,0,0,1,0.7282198
synthetic,48,launched,email,,5,Urgencia + Autoridad,Aviso urgente institucional,Plantilla combinada,1,1,0,0,1,18-24,F,Secundaria,1413,synthetic_user_1413@example.com,synthetic-uid-1413,1,0,0,0,0,0,0,0,0.37171927
synthetic,43,launched,email,,5,Urgencia + Autoridad,Aviso urgente institucional,Plantilla combinada,1,1,0,0,7,18-24,M,Universitaria,1266,synthetic_user_1266@example.com,synthetic-uid-1266,1,0,0,0,0,0,0,0,0.047397476
synthetic,29,launched,email,,3,Recompensa,Beneficio disponible,Plantilla con señal de recompensa,0,0,1,0,22,35-44,M,Tecnica,865,synthetic_user_865@example.com,synthetic-uid-865,1,0,0,0,0,0,0,0,0.40897503
synthetic,39,launched,email,,4,Personalización,Actualización para usted,Plantilla con personalización,0,0,0,1,25,45-54,F,Secundaria,1166,synthetic_user_1166@example.com,synthetic-uid-1166,1,0,0,0,0,0,0,1,0.6063206
synthetic,47,launched,email,,5,Urgencia + Autoridad,Aviso urgente institucional,Plantilla combinada,1,1,0,0,12,25-34,F,Posgrado,1384,synthetic_user_1384@example.com,synthetic-uid-1384,1,0,0,0,0,0,0,1,0.74262106
synthetic,20,launched,email,,2,Autoridad,Comunicado institucional,Plantilla con señal de autoridad,0,1,0,0,1,18-24,F,Secundaria,591,synthetic_user_591@example.com,synthetic-uid-591,1,0,0,0,0,0,0,0,0.41640192
synthetic,60,launched,email,,6,Autoridad + Personalización,Notificación importante para usted,Plantilla combinada,0,1,0,1,29,45-54,M,Secundaria,1774,synthetic_user_1774@example.com,synthetic-uid-1774,1,1,0,0,1,0,0,0,0.4309743
synthetic,39,launched,email,,4,Personalización,Actualización para usted,Plantilla con personalización,0,0,0,1,25,45-54,F,Secundaria,1150,synthetic_user_1150@example.com,synthetic-uid-1150,1,1,0,0,1,0,0,1,0.6063206
synthetic,16,launched,email,,2,Autoridad,Comunicado institucional,Plantilla con señal de autoridad,0,1,0,0,22,35-44,M,Tecnica,463,synthetic_user_463@example.com,synthetic-uid-463,1,0,0,0,0,0,0,0,0.41755906
synthetic,53,launched,email,,6,Autoridad + Personalización,Notificación importante para usted,Plantilla combinada,0,1,0,1,27,45-54,F,Universitaria,1575,synthetic_user_1575@example.com,synthetic-uid-1575,1,0,0,0,0,0,0,0,0.48943886
synthetic,67,launched,email,,7,Recompensa + Personalización,Beneficio exclusivo para usted,Plantilla combinada,0,0,1,1,12,25-34,F,Posgrado,1993,synthetic_user_1993@example.com,synthetic-uid-1993,1,0,0,0,0,0,0,1,0.6740579
synthetic,31,launched,email,,4,Personalización,Actualización para usted,Plantilla con personalización,0,0,0,1,3,18-24,F,Universitaria,918,synthetic_user_918@example.com,synthetic-uid-918,1,1,0,0,1,0,0,1,0.61282253
synthetic,44,launched,email,,5,Urgencia + Autoridad,Aviso urgente institucional,Plantilla combinada,1,1,0,0,20,35-44,F,Posgrado,1299,synthetic_user_1299@example.com,synthetic-uid-1299,1,0,0,0,0,0,0,0,0.36463103
synthetic,11,launched,email,,2,Autoridad,Comunicado institucional,Plantilla con señal de autoridad,0,1,0,0,14,25-34,M,Tecnica,316,synthetic_user_316@example.com,synthetic-uid-316,1,0,0,0,0,0,0,0,0.112143084
synthetic,52,launched,email,,6,Autoridad + Personalización,Notificación importante para usted,Plantilla combinada,0,1,0,1,29,45-54,M,Secundaria,1546,synthetic_user_1546@example.com,synthetic-uid-1546,1,0,0,0,0,0,0,0,0.4309743
synthetic,63,launched,email,,7,Recompensa + Personalización,Beneficio exclusivo para usted,Plantilla combinada,0,0,1,1,37,55+,M,Secundaria,1878,synthetic_user_1878@example.com,synthetic-uid-1878,1,0,0,0,0,0,0,0,0.25561902
synthetic,56,launched,email,,6,Autoridad + Personalización,Notificación importante para usted,Plantilla combinada,0,1,0,1,29,45-54,M,Secundaria,1658,synthetic_user_1658@example.com,synthetic-uid-1658,1,0,0,0,0,0,0,0,0.4309743
synthetic,48,launched,email,,5,Urgencia + Autoridad,Aviso urgente institucional,Plantilla combinada,1,1,0,0,1,18-24,F,Secundaria,1429,synthetic_user_1429@example.com,synthetic-uid-1429,1,0,0,0,0,0,0,0,0.37171927
synthetic,54,launched,email,,6,Autoridad + Personalización,Notificación importante para usted,Plantilla combinada,0,1,0,1,31,45-54,M,Universitaria,1594,synthetic_user_1594@example.com,synthetic-uid-1594,1,1,0,0,1,0,0,0,0.058025517
synthetic,39,launched,email,,4,Personalización,Actualización para usted,Plantilla con personalización,0,0,0,1,25,45-54,F,Secundaria,1170,synthetic_user_1170@example.com,synthetic-uid-1170,1,0,0,0,0,0,0,1,0.6063206
synthetic,26,launched,email,,3,Recompensa,Beneficio disponible,Plantilla con señal de recompensa,0,0,1,0,7,18-24,M,Universitaria,770,synthetic_user_770@example.com,synthetic-uid-770,1,0,0,0,0,0,0,0,0.017026424
synthetic,69,launched,email,,7,Recompensa + Personalización,Beneficio exclusivo para usted,Plantilla combinada,0,0,1,1,25,45-54,F,Secundaria,2057,synthetic_user_2057@example.com,synthetic-uid-2057,1,0,0,0,0,0,0,1,0.6797176
synthetic,37,launched,email,,4,Personalización,Actualización para usted,Plantilla con personalización,0,0,0,1,16,25-34,M,Posgrado,1093,synthetic_user_1093@example.com,synthetic-uid-1093,1,1,0,0,1,0,0,1,0.7419761
synthetic,50,launched,email,,5,Urgencia + Autoridad,Aviso urgente institucional,Plantilla combinada,1,1,0,0,35,55+,F,Universitaria,1474,synthetic_user_1474@example.com,synthetic-uid-1474,1,1,0,0,1,0,0,1,0.60309714
synthetic,57,launched,email,,6,Autoridad + Personalización,Notificación importante para usted,Plantilla combinada,0,1,0,1,5,18-24,M,Secundaria,1703,synthetic_user_1703@example.com,synthetic-uid-1703,1,1,1,0,1,1,0,1,0.5413378
synthetic,46,launched,email,,5,Urgencia + Autoridad,Aviso urgente institucional,Plantilla combinada,1,1,0,0,29,45-54,M,Secundaria,1367,synthetic_user_1367@example.com,synthetic-uid-1367,1,0,0,0,0,0,0,1,0.71277994
synthetic,28,launched,email,,3,Recompensa,Beneficio disponible,Plantilla con señal de recompensa,0,0,1,0,29,45-54,M,Secundaria,819,synthetic_user_819@example.com,synthetic-uid-819,1,0,0,0,0,0,0,1,0.57612395
synthetic,70,launched,email,,7,Recompensa + Personalización,Beneficio exclusivo para usted,Plantilla combinada,0,0,1,1,14,25-34,M,Tecnica,2078,synthetic_user_2078@example.com,synthetic-uid-2078,1,1,0,0,1,0,0,1,0.6167321
synthetic,24,launched,email,,3,Recompensa,Beneficio disponible,Plantilla con señal de recompensa,0,0,1,0,1,18-24,F,Secundaria,692,synthetic_user_692@example.com,synthetic-uid-692,1,0,0,0,0,0,0,0,0.405088
synthetic,52,launched,email,,6,Autoridad + Personalización,Notificación importante para usted,Plantilla combinada,0,1,0,1,29,45-54,M,Secundaria,1547,synthetic_user_1547@example.com,synthetic-uid-1547,1,1,0,0,1,0,0,0,0.4309743
synthetic,70,launched,email,,7,Recompensa + Personalización,Beneficio exclusivo para usted,Plantilla combinada,0,0,1,1,14,25-34,M,Tecnica,2095,synthetic_user_2095@example.com,synthetic-uid-2095,1,1,0,0,1,0,0,1,0.6167321
synthetic,36,launched,email,,4,Personalización,Actualización para usted,Plantilla con personalización,0,0,0,1,9,25-34,F,Secundaria,1058,synthetic_user_1058@example.com,synthetic-uid-1058,1,0,0,0,0,0,0,0,0.44335085
synthetic,11,launched,email,,2,Autoridad,Comunicado institucional,Plantilla con señal de autoridad,0,1,0,0,14,25-34,M,Tecnica,311,synthetic_user_311@example.com,synthetic-uid-311,1,1,1,0,1,1,0,0,0.112143084
synthetic,27,launched,email,,3,Recompensa,Beneficio disponible,Plantilla con señal de recompensa,0,0,1,0,14,25-34,M,Tecnica,805,synthetic_user_805@example.com,synthetic-uid-805,1,0,0,0,0,0,0,1,0.7282198
synthetic,39,launched,email,,4,Personalización,Actualización para usted,Plantilla con personalización,0,0,0,1,25,45-54,F,Secundaria,1162,synthetic_user_1162@example.com,synthetic-uid-1162,1,0,0,0,0,0,0,1,0.6063206
synthetic,27,launched,email,,3,Recompensa,Beneficio disponible,Plantilla con señal de recompensa,0,0,1,0,14,25-34,M,Tecnica,804,synthetic_user_804@example.com,synthetic-uid-804,1,0,0,0,0,0,0,1,0.7282198
synthetic,22,launched,email,,3,Recompensa,Beneficio disponible,Plantilla con señal de recompensa,0,0,1,0,7,18-24,M,Universitaria,660,synthetic_user_660@example.com,synthetic-uid-660,1,1,0,0,1,0,0,0,0.017026424
synthetic,57,launched,email,,6,Autoridad + Personalización,Notificación importante para usted,Plantilla combinada,0,1,0,1,5,18-24,M,Secundaria,1707,synthetic_user_1707@example.com,synthetic-uid-1707,1,1,0,0,1,0,0,1,0.5413378
synthetic,15,launched,email,,2,Autoridad,Comunicado institucional,Plantilla con señal de autoridad,0,1,0,0,5,18-24,M,Secundaria,422,synthetic_user_422@example.com,synthetic-uid-422,1,0,0,0,0,0,0,1,0.59710675
synthetic,29,launched,email,,3,Recompensa,Beneficio disponible,Plantilla con señal de recompensa,0,0,1,0,22,35-44,M,Tecnica,843,synthetic_user_843@example.com,synthetic-uid-843,1,0,0,0,0,0,0,0,0.40897503
synthetic,44,launched,email,,5,Urgencia + Autoridad,Aviso urgente institucional,Plantilla combinada,1,1,0,0,20,35-44,F,Posgrado,1314,synthetic_user_1314@example.com,synthetic-uid-1314,1,0,0,0,0,0,0,0,0.36463103
synthetic,72,launched,email,,8,Control neutro,Información general,Plantilla sin señales fuertes,0,0,0,0,39,55+,M,Universitaria,2160,synthetic_user_2160@example.com,synthetic-uid-2160,1,0,0,0,0,0,0,0,0.013828652
synthetic,70,launched,email,,7,Recompensa + Personalización,Beneficio exclusivo para usted,Plantilla combinada,0,0,1,1,14,25-34,M,Tecnica,2080,synthetic_user_2080@example.com,synthetic-uid-2080,1,0,0,0,0,0,0,1,0.6167321
synthetic,23,launched,email,,3,Recompensa,Beneficio disponible,Plantilla con señal de recompensa,0,0,1,0,19,35-44,F,Universitaria,688,synthetic_user_688@example.com,synthetic-uid-688,1,1,0,0,1,0,0,0,0.30604535
synthetic,3,launched,email,,1,Urgencia,Acción requerida,Plantilla con señal de urgencia,1,0,0,0,35,55+,F,Universitaria,76,synthetic_user_76@example.com,synthetic-uid-76,1,0,0,0,0,0,0,0,0.40946198
synthetic,78,launched,email,,8,Control neutro,Información general,Plantilla sin señales fuertes,0,0,0,0,10,25-34,F,Tecnica,2323,synthetic_user_2323@example.com,synthetic-uid-2323,1,1,0,0,1,0,0,0,0.39535424
synthetic,23,launched,email,,3,Recompensa,Beneficio disponible,Plantilla con señal de recompensa,0,0,1,0,19,35-44,F,Universitaria,678,synthetic_user_678@example.com,synthetic-uid-678,1,0,0,0,0,0,0,0,0.30604535
synthetic,36,launched,email,,4,Personalización,Actualización para usted,Plantilla con personalización,0,0,0,1,9,25-34,F,Secundaria,1070,synthetic_user_1070@example.com,synthetic-uid-1070,1,1,0,0,1,0,0,0,0.44335085
synthetic,34,launched,email,,4,Personalización,Actualización para usted,Plantilla con personalización,0,0,0,1,14,25-34,M,Tecnica,1019,synthetic_user_1019@example.com,synthetic-uid-1019,1,0,0,0,0,0,0,0,0.45420492
synthetic,79,launched,email,,8,Control neutro,Información general,Plantilla sin señales fuertes,0,0,0,0,21,35-44,M,Secundaria,2344,synthetic_user_2344@example.com,synthetic-uid-2344,1,0,0,0,0,0,0,0,0.46539846
synthetic,52,launched,email,,6,Autoridad + Personalización,Notificación importante para usted,Plantilla combinada,0,1,0,1,29,45-54,M,Secundaria,1542,synthetic_user_1542@example.com,synthetic-uid-1542,1,1,0,0,1,0,0,0,0.4309743
synthetic,44,launched,email,,5,Urgencia + Autoridad,Aviso urgente institucional,Plantilla combinada,1,1,0,0,20,35-44,F,Posgrado,1304,synthetic_user_1304@example.com,synthetic-uid-1304,1,0,0,0,0,0,0,0,0.36463103
synthetic,75,launched,email,,8,Control neutro,Información general,Plantilla sin señales fuertes,0,0,0,0,11,25-34,F,Universitaria,2239,synthetic_user_2239@example.com,synthetic-uid-2239,1,0,0,0,0,0,0,1,0.7932965
synthetic,38,launched,email,,4,Personalización,Actualización para usted,Plantilla con personalización,0,0,0,1,12,25-34,F,Posgrado,1120,synthetic_user_1120@example.com,synthetic-uid-1120,1,1,1,0,1,1,0,1,0.56850386
synthetic,60,launched,email,,6,Autoridad + Personalización,Notificación importante para usted,Plantilla combinada,0,1,0,1,29,45-54,M,Secundaria,1777,synthetic_user_1777@example.com,synthetic-uid-1777,1,0,0,0,0,0,0,0,0.4309743
synthetic,61,launched,email,,7,Recompensa + Personalización,Beneficio exclusivo para usted,Plantilla combinada,0,0,1,1,36,55+,F,Posgrado,1809,synthetic_user_1809@example.com,synthetic-uid-1809,1,0,0,0,0,0,0,0,0.03361355
synthetic,21,launched,email,,3,Recompensa,Beneficio disponible,Plantilla con señal de recompensa,0,0,1,0,18,35-44,F,Tecnica,606,synthetic_user_606@example.com,synthetic-uid-606,1,0,0,0,0,0,0,0,0.37404457
synthetic,57,launched,email,,6,Autoridad + Personalización,Notificación importante para usted,Plantilla combinada,0,1,0,1,5,18-24,M,Secundaria,1710,synthetic_user_1710@example.com,synthetic-uid-1710,1,1,0,0,1,0,0,1,0.5413378
synthetic,3,launched,email,,1,Urgencia,Acción requerida,Plantilla con señal de urgencia,1,0,0,0,35,55+,F,Universitaria,61,synthetic_user_61@example.com,synthetic-uid-61,1,1,0,0,1,0,0,0,0.40946198
synthetic,78,launched,email,,8,Control neutro,Información general,Plantilla sin señales fuertes,0,0,0,0,10,25-34,F,Tecnica,2338,synthetic_user_2338@example.com,synthetic-uid-2338,1,1,0,0,1,0,0,0,0.39535424
synthetic,12,launched,email,,2,Autoridad,Comunicado institucional,Plantilla con señal de autoridad,0,1,0,0,8,18-24,M,Posgrado,342,synthetic_user_342@example.com,synthetic-uid-342,1,0,0,0,0,0,0,0,0.30526403
synthetic,53,launched,email,,6,Autoridad + Personalización,Notificación importante para usted,Plantilla combinada,0,1,0,1,27,45-54,F,Universitaria,1583,synthetic_user_1583@example.com,synthetic-uid-1583,1,0,0,0,0,0,0,0,0.48943886
synthetic,55,launched,email,,6,Autoridad + Personalización,Notificación importante para usted,Plantilla combinada,0,1,0,1,34,55+,F,Tecnica,1649,synthetic_user_1649@example.com,synthetic-uid-1649,1,0,0,0,0,0,0,0,0.020981394
synthetic,38,launched,email,,4,Personalización,Actualización para usted,Plantilla con personalización,0,0,0,1,12,25-34,F,Posgrado,1136,synthetic_user_1136@example.com,synthetic-uid-1136,1,1,0,0,1,0,0,1,0.56850386
synthetic,16,launched,email,,2,Autoridad,Comunicado institucional,Plantilla con señal de autoridad,0,1,0,0,22,35-44,M,Tecnica,467,synthetic_user_467@example.com,synthetic-uid-467,1,0,0,0,0,0,0,0,0.41755906
synthetic,61,launched,email,,7,Recompensa + Personalización,Beneficio exclusivo para usted,Plantilla combinada,0,0,1,1,36,55+,F,Posgrado,1828,synthetic_user_1828@example.com,synthetic-uid-1828,1,0,0,0,0,0,0,0,0.03361355
synthetic,39,launched,email,,4,Personalización,Actualización para usted,Plantilla con personalización,0,0,0,1,25,45-54,F,Secundaria,1165,synthetic_user_1165@example.com,synthetic-uid-1165,1,0,0,0,0,0,0,1,0.6063206
synthetic,22,launched,email,,3,Recompensa,Beneficio disponible,Plantilla con señal de recompensa,0,0,1,0,7,18-24,M,Universitaria,653,synthetic_user_653@example.com,synthetic-uid-653,1,0,0,0,0,0,0,0,0.017026424
synthetic,17,launched,email,,2,Autoridad,Comunicado institucional,Plantilla con señal de autoridad,0,1,0,0,38,55+,M,Tecnica,488,synthetic_user_488@example.com,synthetic-uid-488,1,0,0,0,0,0,0,0,0.49669933
synthetic,32,launched,email,,4,Personalización,Actualización para usted,Plantilla con personalización,0,0,0,1,37,55+,M,Secundaria,943,synthetic_user_943@example.com,synthetic-uid-943,1,1,0,0,1,0,0,0,0.062653676
synthetic,5,launched,email,,1,Urgencia,Acción requerida,Plantilla con señal de urgencia,1,0,0,0,38,55+,M,Tecnica,124,synthetic_user_124@example.com,synthetic-uid-124,1,0,0,0,0,0,0,0,0.4622815
synthetic,27,launched,email,,3,Recompensa,Beneficio disponible,Plantilla con señal de recompensa,0,0,1,0,14,25-34,M,Tecnica,792,synthetic_user_792@example.com,synthetic-uid-792,1,1,0,0,1,0,0,1,0.7282198
synthetic,73,launched,email,,8,Control neutro,Información general,Plantilla sin señales fuertes,0,0,0,0,6,18-24,M,Tecnica,2168,synthetic_user_2168@example.com,synthetic-uid-2168,1,1,1,0,1,1,0,0,0.41496468
synthetic,26,launched,email,,3,Recompensa,Beneficio disponible,Plantilla con señal de recompensa,0,0,1,0,7,18-24,M,Universitaria,778,synthetic_user_778@example.com,synthetic-uid-778,1,1,0,0,1,0,0,0,0.017026424
synthetic,42,launched,email,,5,Urgencia + Autoridad,Aviso urgente institucional,Plantilla combinada,1,1,0,0,14,25-34,M,Tecnica,1235,synthetic_user_1235@example.com,synthetic-uid-1235,1,0,0,0,0,0,0,1,0.6156395
synthetic,35,launched,email,,4,Personalización,Actualización para usted,Plantilla con personalización,0,0,0,1,19,35-44,F,Universitaria,1040,synthetic_user_1040@example.com,synthetic-uid-1040,1,0,0,0,0,0,0,1,0.7381554
synthetic,66,launched,email,,7,Recompensa + Personalización,Beneficio exclusivo para usted,Plantilla combinada,0,0,1,1,37,55+,M,Secundaria,1977,synthetic_user_1977@example.com,synthetic-uid-1977,1,0,0,0,0,0,0,0,0.25561902
synthetic,50,launched,email,,5,Urgencia + Autoridad,Aviso urgente institucional,Plantilla combinada,1,1,0,0,35,55+,F,Universitaria,1481,synthetic_user_1481@example.com,synthetic-uid-1481,1,0,0,0,0,0,0,1,0.60309714
synthetic,5,launched,email,,1,Urgencia,Acción requerida,Plantilla con señal de urgencia,1,0,0,0,38,55+,M,Tecnica,129,synthetic_user_129@example.com,synthetic-uid-129,1,0,0,0,0,0,0,0,0.4622815
synthetic,51,launched,email,,6,Autoridad + Personalización,Notificación importante para usted,Plantilla combinada,0,1,0,1,15,25-34,M,Universitaria,1513,synthetic_user_1513@example.com,synthetic-uid-1513,1,0,0,0,0,0,0,0,0.007973573
synthetic,35,launched,email,,4,Personalización,Actualización para usted,Plantilla con personalización,0,0,0,1,19,35-44,F,Universitaria,1022,synthetic_user_1022@example.com,synthetic-uid-1022,1,0,0,0,0,0,0,1,0.7381554
synthetic,77,launched,email,,8,Control neutro,Información general,Plantilla sin señales fuertes,0,0,0,0,16,25-34,M,Posgrado,2293,synthetic_user_2293@example.com,synthetic-uid-2293,1,1,0,0,1,0,0,0,0.11792853
synthetic,69,launched,email,,7,Recompensa + Personalización,Beneficio exclusivo para usted,Plantilla combinada,0,0,1,1,25,45-54,F,Secundaria,2046,synthetic_user_2046@example.com,synthetic-uid-2046,1,0,0,0,0,0,0,1,0.6797176
synthetic,48,launched,email,,5,Urgencia + Autoridad,Aviso urgente institucional,Plantilla combinada,1,1,0,0,1,18-24,F,Secundaria,1427,synthetic_user_1427@example.com,synthetic-uid-1427,1,0,0,0,0,0,0,0,0.37171927
synthetic,47,launched,email,,5,Urgencia + Autoridad,Aviso urgente institucional,Plantilla combinada,1,1,0,0,12,25-34,F,Posgrado,1409,synthetic_user_1409@example.com,synthetic-uid-1409,1,0,0,0,0,0,0,1,0.74262106
synthetic,18,launched,email,,2,Autoridad,Comunicado institucional,Plantilla con señal de autoridad,0,1,0,0,29,45-54,M,Secundaria,539,synthetic_user_539@example.com,synthetic-uid-539,1,0,0,0,0,0,0,1,0.6022294
synthetic,37,launched,email,,4,Personalización,Actualización para usted,Plantilla con personalización,0,0,0,1,16,25-34,M,Posgrado,1101,synthetic_user_1101@example.com,synthetic-uid-1101,1,1,0,0,1,0,0,1,0.7419761
synthetic,75,launched,email,,8,Control neutro,Información general,Plantilla sin señales fuertes,0,0,0,0,11,25-34,F,Universitaria,2247,synthetic_user_2247@example.com,synthetic-uid-2247,1,0,0,0,0,0,0,1,0.7932965
synthetic,31,launched,email,,4,Personalización,Actualización para usted,Plantilla con personalización,0,0,0,1,3,18-24,F,Universitaria,906,synthetic_user_906@example.com,synthetic-uid-906,1,0,0,0,0,0,0,1,0.61282253
synthetic,35,launched,email,,4,Personalización,Actualización para usted,Plantilla con personalización,0,0,0,1,19,35-44,F,Universitaria,1030,synthetic_user_1030@example.com,synthetic-uid-1030,1,0,0,0,0,0,0,1,0.7381554
synthetic,49,launched,email,,5,Urgencia + Autoridad,Aviso urgente institucional,Plantilla combinada,1,1,0,0,11,25-34,F,Universitaria,1457,synthetic_user_1457@example.com,synthetic-uid-1457,1,1,0,0,1,0,0,0,0.3789603
synthetic,72,launched,email,,8,Control neutro,Información general,Plantilla sin señales fuertes,0,0,0,0,39,55+,M,Universitaria,2150,synthetic_user_2150@example.com,synthetic-uid-2150,1,0,0,0,0,0,0,0,0.013828652
synthetic,44,launched,email,,5,Urgencia + Autoridad,Aviso urgente institucional,Plantilla combinada,1,1,0,0,20,35-44,F,Posgrado,1296,synthetic_user_1296@example.com,synthetic-uid-1296,1,0,0,0,0,0,0,0,0.36463103
synthetic,63,launched,email,,7,Recompensa + Personalización,Beneficio exclusivo para usted,Plantilla combinada,0,0,1,1,37,55+,M,Secundaria,1864,synthetic_user_1864@example.com,synthetic-uid-1864,1,1,0,0,1,0,0,0,0.25561902
synthetic,48,launched,email,,5,Urgencia + Autoridad,Aviso urgente institucional,Plantilla combinada,1,1,0,0,1,18-24,F,Secundaria,1431,synthetic_user_1431@example.com,synthetic-uid-1431,1,0,0,0,0,0,0,0,0.37171927
synthetic,80,launched,email,,8,Control neutro,Información general,Plantilla sin señales fuertes,0,0,0,0,6,18-24,M,Tecnica,2374,synthetic_user_2374@example.com,synthetic-uid-2374,1,0,0,0,0,0,0,0,0.41496468
synthetic,54,launched,email,,6,Autoridad + Personalización,Notificación importante para usted,Plantilla combinada,0,1,0,1,31,45-54,M,Universitaria,1618,synthetic_user_1618@example.com,synthetic-uid-1618,1,0,0,0,0,0,0,0,0.058025517
synthetic,56,launched,email,,6,Autoridad + Personalización,Notificación importante para usted,Plantilla combinada,0,1,0,1,29,45-54,M,Secundaria,1659,synthetic_user_1659@example.com,synthetic-uid-1659,1,1,1,0,1,1,0,0,0.4309743
synthetic,67,launched,email,,7,Recompensa + Personalización,Beneficio exclusivo para usted,Plantilla combinada,0,0,1,1,12,25-34,F,Posgrado,1982,synthetic_user_1982@example.com,synthetic-uid-1982,1,0,0,0,0,0,0,1,0.6740579
synthetic,42,launched,email,,5,Urgencia + Autoridad,Aviso urgente institucional,Plantilla combinada,1,1,0,0,14,25-34,M,Tecnica,1244,synthetic_user_1244@example.com,synthetic-uid-1244,1,0,0,0,0,0,0,1,0.6156395
synthetic,27,launched,email,,3,Recompensa,Beneficio disponible,Plantilla con señal de recompensa,0,0,1,0,14,25-34,M,Tecnica,803,synthetic_user_803@example.com,synthetic-uid-803,1,0,0,0,0,0,0,1,0.7282198
synthetic,80,launched,email,,8,Control neutro,Información general,Plantilla sin señales fuertes,0,0,0,0,6,18-24,M,Tecnica,2392,synthetic_user_2392@example.com,synthetic-uid-2392,1,0,0,0,0,0,0,0,0.41496468
synthetic,36,launched,email,,4,Personalización,Actualización para usted,Plantilla con personalización,0,0,0,1,9,25-34,F,Secundaria,1054,synthetic_user_1054@example.com,synthetic-uid-1054,1,0,0,0,0,0,0,0,0.44335085
synthetic,53,launched,email,,6,Autoridad + Personalización,Notificación importante para usted,Plantilla combinada,0,1,0,1,27,45-54,F,Universitaria,1564,synthetic_user_1564@example.com,synthetic-uid-1564,1,0,0,0,0,0,0,0,0.48943886
synthetic,7,launched,email,,1,Urgencia,Acción requerida,Plantilla con señal de urgencia,1,0,0,0,38,55+,M,Tecnica,186,synthetic_user_186@example.com,synthetic-uid-186,1,0,0,0,0,0,0,0,0.4622815
synthetic,25,launched,email,,3,Recompensa,Beneficio disponible,Plantilla con señal de recompensa,0,0,1,0,19,35-44,F,Universitaria,749,synthetic_user_749@example.com,synthetic-uid-749,1,0,0,0,0,0,0,0,0.30604535
synthetic,17,launched,email,,2,Autoridad,Comunicado institucional,Plantilla con señal de autoridad,0,1,0,0,38,55+,M,Tecnica,501,synthetic_user_501@example.com,synthetic-uid-501,1,1,0,0,1,0,0,0,0.49669933
synthetic,80,launched,email,,8,Control neutro,Información general,Plantilla sin señales fuertes,0,0,0,0,6,18-24,M,Tecnica,2384,synthetic_user_2384@example.com,synthetic-uid-2384,1,0,0,0,0,0,0,0,0.41496468
synthetic,34,launched,email,,4,Personalización,Actualización para usted,Plantilla con personalización,0,0,0,1,14,25-34,M,Tecnica,995,synthetic_user_995@example.com,synthetic-uid-995,1,0,0,0,0,0,0,0,0.45420492
synthetic,69,launched,email,,7,Recompensa + Personalización,Beneficio exclusivo para usted,Plantilla combinada,0,0,1,1,25,45-54,F,Secundaria,2054,synthetic_user_2054@example.com,synthetic-uid-2054,1,1,0,0,1,0,0,1,0.6797176
synthetic,20,launched,email,,2,Autoridad,Comunicado institucional,Plantilla con señal de autoridad,0,1,0,0,1,18-24,F,Secundaria,578,synthetic_user_578@example.com,synthetic-uid-578,1,1,0,0,1,0,0,0,0.41640192
synthetic,23,launched,email,,3,Recompensa,Beneficio disponible,Plantilla con señal de recompensa,0,0,1,0,19,35-44,F,Universitaria,662,synthetic_user_662@example.com,synthetic-uid-662,1,0,0,0,0,0,0,0,0.30604535
synthetic,15,launched,email,,2,Autoridad,Comunicado institucional,Plantilla con señal de autoridad,0,1,0,0,5,18-24,M,Secundaria,432,synthetic_user_432@example.com,synthetic-uid-432,1,0,0,0,0,0,0,1,0.59710675
synthetic,42,launched,email,,5,Urgencia + Autoridad,Aviso urgente institucional,Plantilla combinada,1,1,0,0,14,25-34,M,Tecnica,1246,synthetic_user_1246@example.com,synthetic-uid-1246,1,0,0,0,0,0,0,1,0.6156395
observed,1,launched,email,2026-03-14 18:32:19.913146,1,Template educativo v1,unknown,,0,0,0,0,1,18-24,unknown,Universitaria,2,test2@example.com,dfc0c600-4321-46ea-96cd-cd7e23f58043,3,1,1,0,1,1,0,1,0.6983378
synthetic,6,launched,email,,1,Urgencia,Acción requerida,Plantilla con señal de urgencia,1,0,0,0,4,18-24,F,Posgrado,170,synthetic_user_170@example.com,synthetic-uid-170,1,1,0,0,1,0,0,0,0.47263002
synthetic,78,launched,email,,8,Control neutro,Información general,Plantilla sin señales fuertes,0,0,0,0,10,25-34,F,Tecnica,2325,synthetic_user_2325@example.com,synthetic-uid-2325,1,0,0,0,0,0,0,0,0.39535424
synthetic,47,launched,email,,5,Urgencia + Autoridad,Aviso urgente institucional,Plantilla combinada,1,1,0,0,12,25-34,F,Posgrado,1383,synthetic_user_1383@example.com,synthetic-uid-1383,1,0,0,0,0,0,0,1,0.74262106
synthetic,4,launched,email,,1,Urgencia,Acción requerida,Plantilla con señal de urgencia,1,0,0,0,35,55+,F,Universitaria,100,synthetic_user_100@example.com,synthetic-uid-100,1,0,0,0,0,0,0,0,0.40946198
synthetic,37,launched,email,,4,Personalización,Actualización para usted,Plantilla con personalización,0,0,0,1,16,25-34,M,Posgrado,1094,synthetic_user_1094@example.com,synthetic-uid-1094,1,0,0,0,0,0,0,1,0.7419761
synthetic,71,launched,email,,8,Control neutro,Información general,Plantilla sin señales fuertes,0,0,0,0,22,35-44,M,Tecnica,2114,synthetic_user_2114@example.com,synthetic-uid-2114,1,0,0,0,0,0,0,0,0.3988958
synthetic,29,launched,email,,3,Recompensa,Beneficio disponible,Plantilla con señal de recompensa,0,0,1,0,22,35-44,M,Tecnica,854,synthetic_user_854@example.com,synthetic-uid-854,1,1,0,0,1,0,0,0,0.40897503
synthetic,44,launched,email,,5,Urgencia + Autoridad,Aviso urgente institucional,Plantilla combinada,1,1,0,0,20,35-44,F,Posgrado,1306,synthetic_user_1306@example.com,synthetic-uid-1306,1,0,0,0,0,0,0,0,0.36463103
synthetic,76,launched,email,,8,Control neutro,Información general,Plantilla sin señales fuertes,0,0,0,0,39,55+,M,Universitaria,2252,synthetic_user_2252@example.com,synthetic-uid-2252,1,1,0,0,1,0,0,0,0.013828652
synthetic,77,launched,email,,8,Control neutro,Información general,Plantilla sin señales fuertes,0,0,0,0,16,25-34,M,Posgrado,2292,synthetic_user_2292@example.com,synthetic-uid-2292,1,0,0,0,0,0,0,0,0.11792853
synthetic,75,launched,email,,8,Control neutro,Información general,Plantilla sin señales fuertes,0,0,0,0,11,25-34,F,Universitaria,2238,synthetic_user_2238@example.com,synthetic-uid-2238,1,1,0,0,1,0,0,1,0.7932965
synthetic,1,launched,email,,1,Urgencia,Acción requerida,Plantilla con señal de urgencia,1,0,0,0,8,18-24,M,Posgrado,4,synthetic_user_4@example.com,synthetic-uid-4,1,0,0,0,0,0,0,0,0.4772992
synthetic,2,launched,email,,1,Urgencia,Acción requerida,Plantilla con señal de urgencia,1,0,0,0,3,18-24,F,Universitaria,46,synthetic_user_46@example.com,synthetic-uid-46,1,1,0,0,1,0,0,0,0.11401329
synthetic,8,launched,email,,1,Urgencia,Acción requerida,Plantilla con señal de urgencia,1,0,0,0,7,18-24,M,Universitaria,228,synthetic_user_228@example.com,synthetic-uid-228,1,0,0,0,0,0,0,0,0.3262631
synthetic,51,launched,email,,6,Autoridad + Personalización,Notificación importante para usted,Plantilla combinada,0,1,0,1,15,25-34,M,Universitaria,1508,synthetic_user_1508@example.com,synthetic-uid-1508,1,1,0,0,1,0,0,0,0.007973573
synthetic,23,launched,email,,3,Recompensa,Beneficio disponible,Plantilla con señal de recompensa,0,0,1,0,19,35-44,F,Universitaria,666,synthetic_user_666@example.com,synthetic-uid-666,1,0,0,0,0,0,0,0,0.30604535
synthetic,21,launched,email,,3,Recompensa,Beneficio disponible,Plantilla con señal de recompensa,0,0,1,0,18,35-44,F,Tecnica,612,synthetic_user_612@example.com,synthetic-uid-612,1,0,0,0,0,0,0,0,0.37404457
synthetic,50,launched,email,,5,Urgencia + Autoridad,Aviso urgente institucional,Plantilla combinada,1,1,0,0,35,55+,F,Universitaria,1492,synthetic_user_1492@example.com,synthetic-uid-1492,1,0,0,0,0,0,0,1,0.60309714
synthetic,24,launched,email,,3,Recompensa,Beneficio disponible,Plantilla con señal de recompensa,0,0,1,0,1,18-24,F,Secundaria,710,synthetic_user_710@example.com,synthetic-uid-710,1,0,0,0,0,0,0,0,0.405088
synthetic,28,launched,email,,3,Recompensa,Beneficio disponible,Plantilla con señal de recompensa,0,0,1,0,29,45-54,M,Secundaria,812,synthetic_user_812@example.com,synthetic-uid-812,1,0,0,0,0,0,0,1,0.57612395
synthetic,53,launched,email,,6,Autoridad + Personalización,Notificación importante para usted,Plantilla combinada,0,1,0,1,27,45-54,F,Universitaria,1590,synthetic_user_1590@example.com,synthetic-uid-1590,1,0,0,0,0,0,0,0,0.48943886
synthetic,57,launched,email,,6,Autoridad + Personalización,Notificación importante para usted,Plantilla combinada,0,1,0,1,5,18-24,M,Secundaria,1706,synthetic_user_1706@example.com,synthetic-uid-1706,1,1,0,0,1,0,0,1,0.5413378
synthetic,70,launched,email,,7,Recompensa + Personalización,Beneficio exclusivo para usted,Plantilla combinada,0,0,1,1,14,25-34,M,Tecnica,2074,synthetic_user_2074@example.com,synthetic-uid-2074,1,1,0,0,1,0,0,1,0.6167321
synthetic,3,launched,email,,1,Urgencia,Acción requerida,Plantilla con señal de urgencia,1,0,0,0,35,55+,F,Universitaria,71,synthetic_user_71@example.com,synthetic-uid-71,1,0,0,0,0,0,0,0,0.40946198
synthetic,73,launched,email,,8,Control neutro,Información general,Plantilla sin señales fuertes,0,0,0,0,6,18-24,M,Tecnica,2186,synthetic_user_2186@example.com,synthetic-uid-2186,1,1,0,0,1,0,0,0,0.41496468
synthetic,56,launched,email,,6,Autoridad + Personalización,Notificación importante para usted,Plantilla combinada,0,1,0,1,29,45-54,M,Secundaria,1657,synthetic_user_1657@example.com,synthetic-uid-1657,1,0,0,0,0,0,0,0,0.4309743
synthetic,64,launched,email,,7,Recompensa + Personalización,Beneficio exclusivo para usted,Plantilla combinada,0,0,1,1,30,45-54,M,Tecnica,1907,synthetic_user_1907@example.com,synthetic-uid-1907,1,1,1,0,1,1,0,0,0.46546313
synthetic,77,launched,email,,8,Control neutro,Información general,Plantilla sin señales fuertes,0,0,0,0,16,25-34,M,Posgrado,2301,synthetic_user_2301@example.com,synthetic-uid-2301,1,1,0,0,1,0,0,0,0.11792853
synthetic,52,launched,email,,6,Autoridad + Personalización,Notificación importante para usted,Plantilla combinada,0,1,0,1,29,45-54,M,Secundaria,1553,synthetic_user_1553@example.com,synthetic-uid-1553,1,0,0,0,0,0,0,0,0.4309743
synthetic,5,launched,email,,1,Urgencia,Acción requerida,Plantilla con señal de urgencia,1,0,0,0,38,55+,M,Tecnica,146,synthetic_user_146@example.com,synthetic-uid-146,1,1,0,0,1,0,0,0,0.4622815
synthetic,12,launched,email,,2,Autoridad,Comunicado institucional,Plantilla con señal de autoridad,0,1,0,0,8,18-24,M,Posgrado,356,synthetic_user_356@example.com,synthetic-uid-356,1,0,0,0,0,0,0,0,0.30526403
synthetic,40,launched,email,,4,Personalización,Actualización para usted,Plantilla con personalización,0,0,0,1,12,25-34,F,Posgrado,1196,synthetic_user_1196@example.com,synthetic-uid-1196,1,0,0,0,0,0,0,1,0.56850386
synthetic,77,launched,email,,8,Control neutro,Información general,Plantilla sin señales fuertes,0,0,0,0,16,25-34,M,Posgrado,2290,synthetic_user_2290@example.com,synthetic-uid-2290,1,1,0,0,1,0,0,0,0.11792853
synthetic,60,launched,email,,6,Autoridad + Personalización,Notificación importante para usted,Plantilla combinada,0,1,0,1,29,45-54,M,Secundaria,1792,synthetic_user_1792@example.com,synthetic-uid-1792,1,1,0,0,1,0,0,0,0.4309743
synthetic,40,launched,email,,4,Personalización,Actualización para usted,Plantilla con personalización,0,0,0,1,12,25-34,F,Posgrado,1190,synthetic_user_1190@example.com,synthetic-uid-1190,1,0,0,0,0,0,0,1,0.56850386
synthetic,53,launched,email,,6,Autoridad + Personalización,Notificación importante para usted,Plantilla combinada,0,1,0,1,27,45-54,F,Universitaria,1572,synthetic_user_1572@example.com,synthetic-uid-1572,1,0,0,0,0,0,0,0,0.48943886
synthetic,28,launched,email,,3,Recompensa,Beneficio disponible,Plantilla con señal de recompensa,0,0,1,0,29,45-54,M,Secundaria,816,synthetic_user_816@example.com,synthetic-uid-816,1,0,0,0,0,0,0,1,0.57612395
synthetic,64,launched,email,,7,Recompensa + Personalización,Beneficio exclusivo para usted,Plantilla combinada,0,0,1,1,30,45-54,M,Tecnica,1893,synthetic_user_1893@example.com,synthetic-uid-1893,1,0,0,0,0,0,0,0,0.46546313
synthetic,15,launched,email,,2,Autoridad,Comunicado institucional,Plantilla con señal de autoridad,0,1,0,0,5,18-24,M,Secundaria,434,synthetic_user_434@example.com,synthetic-uid-434,1,1,0,0,1,0,0,1,0.59710675
synthetic,57,launched,email,,6,Autoridad + Personalización,Notificación importante para usted,Plantilla combinada,0,1,0,1,5,18-24,M,Secundaria,1702,synthetic_user_1702@example.com,synthetic-uid-1702,1,0,0,0,0,0,0,1,0.5413378
synthetic,33,launched,email,,4,Personalización,Actualización para usted,Plantilla con personalización,0,0,0,1,29,45-54,M,Secundaria,981,synthetic_user_981@example.com,synthetic-uid-981,1,1,0,0,1,0,0,0,0.4735538
synthetic,41,launched,email,,5,Urgencia + Autoridad,Aviso urgente institucional,Plantilla combinada,1,1,0,0,34,55+,F,Tecnica,1202,synthetic_user_1202@example.com,synthetic-uid-1202,1,0,0,0,0,0,0,0,0.4211873
synthetic,34,launched,email,,4,Personalización,Actualización para usted,Plantilla con personalización,0,0,0,1,14,25-34,M,Tecnica,998,synthetic_user_998@example.com,synthetic-uid-998,1,0,0,0,0,0,0,0,0.45420492
synthetic,41,launched,email,,5,Urgencia + Autoridad,Aviso urgente institucional,Plantilla combinada,1,1,0,0,34,55+,F,Tecnica,1229,synthetic_user_1229@example.com,synthetic-uid-1229,1,1,0,0,1,0,0,0,0.4211873
synthetic,13,launched,email,,2,Autoridad,Comunicado institucional,Plantilla con señal de autoridad,0,1,0,0,38,55+,M,Tecnica,390,synthetic_user_390@example.com,synthetic-uid-390,1,0,0,0,0,0,0,0,0.49669933
synthetic,59,launched,email,,6,Autoridad + Personalización,Notificación importante para usted,Plantilla combinada,0,1,0,1,38,55+,M,Tecnica,1760,synthetic_user_1760@example.com,synthetic-uid-1760,1,0,0,0,0,0,0,0,0.37490222
synthetic,11,launched,email,,2,Autoridad,Comunicado institucional,Plantilla con señal de autoridad,0,1,0,0,14,25-34,M,Tecnica,321,synthetic_user_321@example.com,synthetic-uid-321,1,1,0,0,1,0,0,0,0.112143084
synthetic,13,launched,email,,2,Autoridad,Comunicado institucional,Plantilla con señal de autoridad,0,1,0,0,38,55+,M,Tecnica,386,synthetic_user_386@example.com,synthetic-uid-386,1,0,0,0,0,0,0,0,0.49669933
synthetic,6,launched,email,,1,Urgencia,Acción requerida,Plantilla con señal de urgencia,1,0,0,0,4,18-24,F,Posgrado,159,synthetic_user_159@example.com,synthetic-uid-159,1,1,1,0,1,1,0,0,0.47263002
synthetic,20,launched,email,,2,Autoridad,Comunicado institucional,Plantilla con señal de autoridad,0,1,0,0,1,18-24,F,Secundaria,585,synthetic_user_585@example.com,synthetic-uid-585,1,0,0,0,0,0,0,0,0.41640192
synthetic,18,launched,email,,2,Autoridad,Comunicado institucional,Plantilla con señal de autoridad,0,1,0,0,29,45-54,M,Secundaria,529,synthetic_user_529@example.com,synthetic-uid-529,1,1,1,0,1,1,0,1,0.6022294
synthetic,54,launched,email,,6,Autoridad + Personalización,Notificación importante para usted,Plantilla combinada,0,1,0,1,31,45-54,M,Universitaria,1597,synthetic_user_1597@example.com,synthetic-uid-1597,1,0,0,0,0,0,0,0,0.058025517
synthetic,57,launched,email,,6,Autoridad + Personalización,Notificación importante para usted,Plantilla combinada,0,1,0,1,5,18-24,M,Secundaria,1699,synthetic_user_1699@example.com,synthetic-uid-1699,1,1,0,0,1,0,0,1,0.5413378
synthetic,69,launched,email,,7,Recompensa + Personalización,Beneficio exclusivo para usted,Plantilla combinada,0,0,1,1,25,45-54,F,Secundaria,2058,synthetic_user_2058@example.com,synthetic-uid-2058,1,1,0,0,1,0,0,1,0.6797176
synthetic,56,launched,email,,6,Autoridad + Personalización,Notificación importante para usted,Plantilla combinada,0,1,0,1,29,45-54,M,Secundaria,1655,synthetic_user_1655@example.com,synthetic-uid-1655,1,0,0,0,0,0,0,0,0.4309743
synthetic,79,launched,email,,8,Control neutro,Información general,Plantilla sin señales fuertes,0,0,0,0,21,35-44,M,Secundaria,2351,synthetic_user_2351@example.com,synthetic-uid-2351,1,0,0,0,0,0,0,0,0.46539846
synthetic,52,launched,email,,6,Autoridad + Personalización,Notificación importante para usted,Plantilla combinada,0,1,0,1,29,45-54,M,Secundaria,1532,synthetic_user_1532@example.com,synthetic-uid-1532,1,1,0,0,1,0,0,0,0.4309743
synthetic,46,launched,email,,5,Urgencia + Autoridad,Aviso urgente institucional,Plantilla combinada,1,1,0,0,29,45-54,M,Secundaria,1353,synthetic_user_1353@example.com,synthetic-uid-1353,1,1,0,0,1,0,0,1,0.71277994
synthetic,32,launched,email,,4,Personalización,Actualización para usted,Plantilla con personalización,0,0,0,1,37,55+,M,Secundaria,936,synthetic_user_936@example.com,synthetic-uid-936,1,0,0,0,0,0,0,0,0.062653676
synthetic,63,launched,email,,7,Recompensa + Personalización,Beneficio exclusivo para usted,Plantilla combinada,0,0,1,1,37,55+,M,Secundaria,1873,synthetic_user_1873@example.com,synthetic-uid-1873,1,0,0,0,0,0,0,0,0.25561902
synthetic,46,launched,email,,5,Urgencia + Autoridad,Aviso urgente institucional,Plantilla combinada,1,1,0,0,29,45-54,M,Secundaria,1351,synthetic_user_1351@example.com,synthetic-uid-1351,1,0,0,0,0,0,0,1,0.71277994
synthetic,34,launched,email,,4,Personalización,Actualización para usted,Plantilla con personalización,0,0,0,1,14,25-34,M,Tecnica,1018,synthetic_user_1018@example.com,synthetic-uid-1018,1,1,0,0,1,0,0,0,0.45420492
synthetic,38,launched,email,,4,Personalización,Actualización para usted,Plantilla con personalización,0,0,0,1,12,25-34,F,Posgrado,1137,synthetic_user_1137@example.com,synthetic-uid-1137,1,0,0,0,0,0,0,1,0.56850386
synthetic,46,launched,email,,5,Urgencia + Autoridad,Aviso urgente institucional,Plantilla combinada,1,1,0,0,29,45-54,M,Secundaria,1370,synthetic_user_1370@example.com,synthetic-uid-1370,1,1,0,0,1,0,0,1,0.71277994
synthetic,24,launched,email,,3,Recompensa,Beneficio disponible,Plantilla con señal de recompensa,0,0,1,0,1,18-24,F,Secundaria,705,synthetic_user_705@example.com,synthetic-uid-705,1,0,0,0,0,0,0,0,0.405088
synthetic,35,launched,email,,4,Personalización,Actualización para usted,Plantilla con personalización,0,0,0,1,19,35-44,F,Universitaria,1043,synthetic_user_1043@example.com,synthetic-uid-1043,1,0,0,0,0,0,0,1,0.7381554
synthetic,62,launched,email,,7,Recompensa + Personalización,Beneficio exclusivo para usted,Plantilla combinada,0,0,1,1,16,25-34,M,Posgrado,1839,synthetic_user_1839@example.com,synthetic-uid-1839,1,1,0,0,1,0,0,0,0.46019113
synthetic,6,launched,email,,1,Urgencia,Acción requerida,Plantilla con señal de urgencia,1,0,0,0,4,18-24,F,Posgrado,154,synthetic_user_154@example.com,synthetic-uid-154,1,0,0,0,0,0,0,0,0.47263002
synthetic,13,launched,email,,2,Autoridad,Comunicado institucional,Plantilla con señal de autoridad,0,1,0,0,38,55+,M,Tecnica,387,synthetic_user_387@example.com,synthetic-uid-387,1,1,0,0,1,0,0,0,0.49669933
synthetic,59,launched,email,,6,Autoridad + Personalización,Notificación importante para usted,Plantilla combinada,0,1,0,1,38,55+,M,Tecnica,1741,synthetic_user_1741@example.com,synthetic-uid-1741,1,0,0,0,0,0,0,0,0.37490222
synthetic,9,launched,email,,1,Urgencia,Acción requerida,Plantilla con señal de urgencia,1,0,0,0,16,25-34,M,Posgrado,262,synthetic_user_262@example.com,synthetic-uid-262,1,0,0,0,0,0,0,1,0.5661355
synthetic,19,launched,email,,2,Autoridad,Comunicado institucional,Plantilla con señal de autoridad,0,1,0,0,28,45-54,F,Posgrado,542,synthetic_user_542@example.com,synthetic-uid-542,1,0,0,0,0,0,0,0,0.41480678
synthetic,34,launched,email,,4,Personalización,Actualización para usted,Plantilla con personalización,0,0,0,1,14,25-34,M,Tecnica,1007,synthetic_user_1007@example.com,synthetic-uid-1007,1,0,0,0,0,0,0,0,0.45420492
synthetic,43,launched,email,,5,Urgencia + Autoridad,Aviso urgente institucional,Plantilla combinada,1,1,0,0,7,18-24,M,Universitaria,1289,synthetic_user_1289@example.com,synthetic-uid-1289,1,0,0,0,0,0,0,0,0.047397476
synthetic,63,launched,email,,7,Recompensa + Personalización,Beneficio exclusivo para usted,Plantilla combinada,0,0,1,1,37,55+,M,Secundaria,1879,synthetic_user_1879@example.com,synthetic-uid-1879,1,0,0,0,0,0,0,0,0.25561902
synthetic,64,launched,email,,7,Recompensa + Personalización,Beneficio exclusivo para usted,Plantilla combinada,0,0,1,1,30,45-54,M,Tecnica,1901,synthetic_user_1901@example.com,synthetic-uid-1901,1,1,0,0,1,0,0,0,0.46546313
synthetic,5,launched,email,,1,Urgencia,Acción requerida,Plantilla con señal de urgencia,1,0,0,0,38,55+,M,Tecnica,130,synthetic_user_130@example.com,synthetic-uid-130,1,0,0,0,0,0,0,0,0.4622815
synthetic,68,launched,email,,7,Recompensa + Personalización,Beneficio exclusivo para usted,Plantilla combinada,0,0,1,1,27,45-54,F,Universitaria,2014,synthetic_user_2014@example.com,synthetic-uid-2014,1,0,0,0,0,0,0,0,0.41510788
synthetic,45,launched,email,,5,Urgencia + Autoridad,Aviso urgente institucional,Plantilla combinada,1,1,0,0,31,45-54,M,Universitaria,1330,synthetic_user_1330@example.com,synthetic-uid-1330,1,0,0,0,0,0,0,1,0.5635481
synthetic,35,launched,email,,4,Personalización,Actualización para usted,Plantilla con personalización,0,0,0,1,19,35-44,F,Universitaria,1039,synthetic_user_1039@example.com,synthetic-uid-1039,1,0,0,0,0,0,0,1,0.7381554
synthetic,37,launched,email,,4,Personalización,Actualización para usted,Plantilla con personalización,0,0,0,1,16,25-34,M,Posgrado,1106,synthetic_user_1106@example.com,synthetic-uid-1106,1,0,0,0,0,0,0,1,0.7419761
synthetic,43,launched,email,,5,Urgencia + Autoridad,Aviso urgente institucional,Plantilla combinada,1,1,0,0,7,18-24,M,Universitaria,1267,synthetic_user_1267@example.com,synthetic-uid-1267,1,1,0,0,1,0,0,0,0.047397476
synthetic,50,launched,email,,5,Urgencia + Autoridad,Aviso urgente institucional,Plantilla combinada,1,1,0,0,35,55+,F,Universitaria,1480,synthetic_user_1480@example.com,synthetic-uid-1480,1,0,0,0,0,0,0,1,0.60309714
synthetic,17,launched,email,,2,Autoridad,Comunicado institucional,Plantilla con señal de autoridad,0,1,0,0,38,55+,M,Tecnica,492,synthetic_user_492@example.com,synthetic-uid-492,1,0,0,0,0,0,0,0,0.49669933
synthetic,56,launched,email,,6,Autoridad + Personalización,Notificación importante para usted,Plantilla combinada,0,1,0,1,29,45-54,M,Secundaria,1676,synthetic_user_1676@example.com,synthetic-uid-1676,1,0,0,0,0,0,0,0,0.4309743
synthetic,42,launched,email,,5,Urgencia + Autoridad,Aviso urgente institucional,Plantilla combinada,1,1,0,0,14,25-34,M,Tecnica,1253,synthetic_user_1253@example.com,synthetic-uid-1253,1,1,0,0,1,0,0,1,0.6156395
synthetic,67,launched,email,,7,Recompensa + Personalización,Beneficio exclusivo para usted,Plantilla combinada,0,0,1,1,12,25-34,F,Posgrado,2009,synthetic_user_2009@example.com,synthetic-uid-2009,1,0,0,0,0,0,0,1,0.6740579
synthetic,33,launched,email,,4,Personalización,Actualización para usted,Plantilla con personalización,0,0,0,1,29,45-54,M,Secundaria,985,synthetic_user_985@example.com,synthetic-uid-985,1,0,0,0,0,0,0,0,0.4735538
synthetic,25,launched,email,,3,Recompensa,Beneficio disponible,Plantilla con señal de recompensa,0,0,1,0,19,35-44,F,Universitaria,740,synthetic_user_740@example.com,synthetic-uid-740,1,1,0,0,1,0,0,0,0.30604535
synthetic,11,launched,email,,2,Autoridad,Comunicado institucional,Plantilla con señal de autoridad,0,1,0,0,14,25-34,M,Tecnica,324,synthetic_user_324@example.com,synthetic-uid-324,1,0,0,0,0,0,0,0,0.112143084
synthetic,34,launched,email,,4,Personalización,Actualización para usted,Plantilla con personalización,0,0,0,1,14,25-34,M,Tecnica,1001,synthetic_user_1001@example.com,synthetic-uid-1001,1,0,0,0,0,0,0,0,0.45420492
synthetic,4,launched,email,,1,Urgencia,Acción requerida,Plantilla con señal de urgencia,1,0,0,0,35,55+,F,Universitaria,92,synthetic_user_92@example.com,synthetic-uid-92,1,0,0,0,0,0,0,0,0.40946198
synthetic,70,launched,email,,7,Recompensa + Personalización,Beneficio exclusivo para usted,Plantilla combinada,0,0,1,1,14,25-34,M,Tecnica,2075,synthetic_user_2075@example.com,synthetic-uid-2075,1,1,0,0,1,0,0,1,0.6167321
synthetic,35,launched,email,,4,Personalización,Actualización para usted,Plantilla con personalización,0,0,0,1,19,35-44,F,Universitaria,1044,synthetic_user_1044@example.com,synthetic-uid-1044,1,1,0,0,1,0,0,1,0.7381554
synthetic,38,launched,email,,4,Personalización,Actualización para usted,Plantilla con personalización,0,0,0,1,12,25-34,F,Posgrado,1133,synthetic_user_1133@example.com,synthetic-uid-1133,1,0,0,0,0,0,0,1,0.56850386
synthetic,6,launched,email,,1,Urgencia,Acción requerida,Plantilla con señal de urgencia,1,0,0,0,4,18-24,F,Posgrado,165,synthetic_user_165@example.com,synthetic-uid-165,1,0,0,0,0,0,0,0,0.47263002
synthetic,1,launched,email,,1,Urgencia,Acción requerida,Plantilla con señal de urgencia,1,0,0,0,8,18-24,M,Posgrado,7,synthetic_user_7@example.com,synthetic-uid-7,1,0,0,0,0,0,0,0,0.4772992
observed,6,draft,email,,3,Template urgencia v1,Acción requerida en su cuenta,Plantilla enfocada en urgencia y autoridad institucional.,1,1,0,0,1,18-24,unknown,Universitaria,1,test1@example.com,a830353b-347c-4a16-9095-dd40198fbf42,0,0,0,0,0,0,0,0,0.11592785
synthetic,53,launched,email,,6,Autoridad + Personalización,Notificación importante para usted,Plantilla combinada,0,1,0,1,27,45-54,F,Universitaria,1566,synthetic_user_1566@example.com,synthetic-uid-1566,1,1,0,0,1,0,0,0,0.48943886
synthetic,77,launched,email,,8,Control neutro,Información general,Plantilla sin señales fuertes,0,0,0,0,16,25-34,M,Posgrado,2307,synthetic_user_2307@example.com,synthetic-uid-2307,1,0,0,0,0,0,0,0,0.11792853
synthetic,33,launched,email,,4,Personalización,Actualización para usted,Plantilla con personalización,0,0,0,1,29,45-54,M,Secundaria,982,synthetic_user_982@example.com,synthetic-uid-982,1,0,0,0,0,0,0,0,0.4735538
synthetic,26,launched,email,,3,Recompensa,Beneficio disponible,Plantilla con señal de recompensa,0,0,1,0,7,18-24,M,Universitaria,756,synthetic_user_756@example.com,synthetic-uid-756,1,0,0,0,0,0,0,0,0.017026424
synthetic,9,launched,email,,1,Urgencia,Acción requerida,Plantilla con señal de urgencia,1,0,0,0,16,25-34,M,Posgrado,250,synthetic_user_250@example.com,synthetic-uid-250,1,0,0,0,0,0,0,1,0.5661355
synthetic,32,launched,email,,4,Personalización,Actualización para usted,Plantilla con personalización,0,0,0,1,37,55+,M,Secundaria,944,synthetic_user_944@example.com,synthetic-uid-944,1,0,0,0,0,0,0,0,0.062653676
synthetic,23,launched,email,,3,Recompensa,Beneficio disponible,Plantilla con señal de recompensa,0,0,1,0,19,35-44,F,Universitaria,665,synthetic_user_665@example.com,synthetic-uid-665,1,1,0,0,1,0,0,0,0.30604535
synthetic,29,launched,email,,3,Recompensa,Beneficio disponible,Plantilla con señal de recompensa,0,0,1,0,22,35-44,M,Tecnica,848,synthetic_user_848@example.com,synthetic-uid-848,1,1,1,0,1,1,0,0,0.40897503
synthetic,15,launched,email,,2,Autoridad,Comunicado institucional,Plantilla con señal de autoridad,0,1,0,0,5,18-24,M,Secundaria,449,synthetic_user_449@example.com,synthetic-uid-449,1,0,0,0,0,0,0,1,0.59710675
synthetic,64,launched,email,,7,Recompensa + Personalización,Beneficio exclusivo para usted,Plantilla combinada,0,0,1,1,30,45-54,M,Tecnica,1892,synthetic_user_1892@example.com,synthetic-uid-1892,1,1,0,0,1,0,0,0,0.46546313
synthetic,17,launched,email,,2,Autoridad,Comunicado institucional,Plantilla con señal de autoridad,0,1,0,0,38,55+,M,Tecnica,482,synthetic_user_482@example.com,synthetic-uid-482,1,0,0,0,0,0,0,0,0.49669933
synthetic,13,launched,email,,2,Autoridad,Comunicado institucional,Plantilla con señal de autoridad,0,1,0,0,38,55+,M,Tecnica,379,synthetic_user_379@example.com,synthetic-uid-379,1,0,0,0,0,0,0,0,0.49669933
synthetic,64,launched,email,,7,Recompensa + Personalización,Beneficio exclusivo para usted,Plantilla combinada,0,0,1,1,30,45-54,M,Tecnica,1897,synthetic_user_1897@example.com,synthetic-uid-1897,1,0,0,0,0,0,0,0,0.46546313
synthetic,79,launched,email,,8,Control neutro,Información general,Plantilla sin señales fuertes,0,0,0,0,21,35-44,M,Secundaria,2367,synthetic_user_2367@example.com,synthetic-uid-2367,1,0,0,0,0,0,0,0,0.46539846
synthetic,52,launched,email,,6,Autoridad + Personalización,Notificación importante para usted,Plantilla combinada,0,1,0,1,29,45-54,M,Secundaria,1560,synthetic_user_1560@example.com,synthetic-uid-1560,1,0,0,0,0,0,0,0,0.4309743
synthetic,22,launched,email,,3,Recompensa,Beneficio disponible,Plantilla con señal de recompensa,0,0,1,0,7,18-24,M,Universitaria,631,synthetic_user_631@example.com,synthetic-uid-631,1,0,0,0,0,0,0,0,0.017026424
synthetic,17,launched,email,,2,Autoridad,Comunicado institucional,Plantilla con señal de autoridad,0,1,0,0,38,55+,M,Tecnica,495,synthetic_user_495@example.com,synthetic-uid-495,1,0,0,0,0,0,0,0,0.49669933
synthetic,75,launched,email,,8,Control neutro,Información general,Plantilla sin señales fuertes,0,0,0,0,11,25-34,F,Universitaria,2244,synthetic_user_2244@example.com,synthetic-uid-2244,1,0,0,0,0,0,0,1,0.7932965
synthetic,43,launched,email,,5,Urgencia + Autoridad,Aviso urgente institucional,Plantilla combinada,1,1,0,0,7,18-24,M,Universitaria,1265,synthetic_user_1265@example.com,synthetic-uid-1265,1,1,0,0,1,0,0,0,0.047397476
synthetic,6,launched,email,,1,Urgencia,Acción requerida,Plantilla con señal de urgencia,1,0,0,0,4,18-24,F,Posgrado,180,synthetic_user_180@example.com,synthetic-uid-180,1,0,0,0,0,0,0,0,0.47263002
synthetic,22,launched,email,,3,Recompensa,Beneficio disponible,Plantilla con señal de recompensa,0,0,1,0,7,18-24,M,Universitaria,659,synthetic_user_659@example.com,synthetic-uid-659,1,0,0,0,0,0,0,0,0.017026424
synthetic,43,launched,email,,5,Urgencia + Autoridad,Aviso urgente institucional,Plantilla combinada,1,1,0,0,7,18-24,M,Universitaria,1270,synthetic_user_1270@example.com,synthetic-uid-1270,1,1,0,0,1,0,0,0,0.047397476
synthetic,79,launched,email,,8,Control neutro,Información general,Plantilla sin señales fuertes,0,0,0,0,21,35-44,M,Secundaria,2355,synthetic_user_2355@example.com,synthetic-uid-2355,1,0,0,0,0,0,0,0,0.46539846
synthetic,60,launched,email,,6,Autoridad + Personalización,Notificación importante para usted,Plantilla combinada,0,1,0,1,29,45-54,M,Secundaria,1786,synthetic_user_1786@example.com,synthetic-uid-1786,1,1,0,0,1,0,0,0,0.4309743
synthetic,53,launched,email,,6,Autoridad + Personalización,Notificación importante para usted,Plantilla combinada,0,1,0,1,27,45-54,F,Universitaria,1565,synthetic_user_1565@example.com,synthetic-uid-1565,1,0,0,0,0,0,0,0,0.48943886
synthetic,42,launched,email,,5,Urgencia + Autoridad,Aviso urgente institucional,Plantilla combinada,1,1,0,0,14,25-34,M,Tecnica,1248,synthetic_user_1248@example.com,synthetic-uid-1248,1,1,1,0,1,1,0,1,0.6156395
synthetic,18,launched,email,,2,Autoridad,Comunicado institucional,Plantilla con señal de autoridad,0,1,0,0,29,45-54,M,Secundaria,528,synthetic_user_528@example.com,synthetic-uid-528,1,1,1,0,1,1,0,1,0.6022294
synthetic,48,launched,email,,5,Urgencia + Autoridad,Aviso urgente institucional,Plantilla combinada,1,1,0,0,1,18-24,F,Secundaria,1411,synthetic_user_1411@example.com,synthetic-uid-1411,1,1,0,0,1,0,0,0,0.37171927
synthetic,26,launched,email,,3,Recompensa,Beneficio disponible,Plantilla con señal de recompensa,0,0,1,0,7,18-24,M,Universitaria,772,synthetic_user_772@example.com,synthetic-uid-772,1,0,0,0,0,0,0,0,0.017026424
synthetic,32,launched,email,,4,Personalización,Actualización para usted,Plantilla con personalización,0,0,0,1,37,55+,M,Secundaria,951,synthetic_user_951@example.com,synthetic-uid-951,1,0,0,0,0,0,0,0,0.062653676
synthetic,1,launched,email,,1,Urgencia,Acción requerida,Plantilla con señal de urgencia,1,0,0,0,8,18-24,M,Posgrado,3,synthetic_user_3@example.com,synthetic-uid-3,1,0,0,0,0,0,0,0,0.4772992
synthetic,29,launched,email,,3,Recompensa,Beneficio disponible,Plantilla con señal de recompensa,0,0,1,0,22,35-44,M,Tecnica,841,synthetic_user_841@example.com,synthetic-uid-841,1,0,0,0,0,0,0,0,0.40897503
synthetic,42,launched,email,,5,Urgencia + Autoridad,Aviso urgente institucional,Plantilla combinada,1,1,0,0,14,25-34,M,Tecnica,1255,synthetic_user_1255@example.com,synthetic-uid-1255,1,1,0,0,1,0,0,1,0.6156395
synthetic,79,launched,email,,8,Control neutro,Información general,Plantilla sin señales fuertes,0,0,0,0,21,35-44,M,Secundaria,2357,synthetic_user_2357@example.com,synthetic-uid-2357,1,1,0,0,1,0,0,0,0.46539846
synthetic,18,launched,email,,2,Autoridad,Comunicado institucional,Plantilla con señal de autoridad,0,1,0,0,29,45-54,M,Secundaria,513,synthetic_user_513@example.com,synthetic-uid-513,1,0,0,0,0,0,0,1,0.6022294
synthetic,3,launched,email,,1,Urgencia,Acción requerida,Plantilla con señal de urgencia,1,0,0,0,35,55+,F,Universitaria,89,synthetic_user_89@example.com,synthetic-uid-89,1,0,0,0,0,0,0,0,0.40946198
synthetic,72,launched,email,,8,Control neutro,Información general,Plantilla sin señales fuertes,0,0,0,0,39,55+,M,Universitaria,2145,synthetic_user_2145@example.com,synthetic-uid-2145,1,0,0,0,0,0,0,0,0.013828652
synthetic,65,launched,email,,7,Recompensa + Personalización,Beneficio exclusivo para usted,Plantilla combinada,0,0,1,1,9,25-34,F,Secundaria,1934,synthetic_user_1934@example.com,synthetic-uid-1934,1,0,0,0,0,0,0,0,0.4819264
synthetic,40,launched,email,,4,Personalización,Actualización para usted,Plantilla con personalización,0,0,0,1,12,25-34,F,Posgrado,1172,synthetic_user_1172@example.com,synthetic-uid-1172,1,0,0,0,0,0,0,1,0.56850386
observed,7,draft,email,,1,Template educativo v1,unknown,,0,0,0,0,1,18-24,unknown,Universitaria,3,daniels.a.m.m1234@gmail.com,27665e96-4411-4c93-95bf-7ea05491b433,0,0,0,0,0,0,0,1,0.6983378
synthetic,15,launched,email,,2,Autoridad,Comunicado institucional,Plantilla con señal de autoridad,0,1,0,0,5,18-24,M,Secundaria,448,synthetic_user_448@example.com,synthetic-uid-448,1,0,0,0,0,0,0,1,0.59710675
synthetic,20,launched,email,,2,Autoridad,Comunicado institucional,Plantilla con señal de autoridad,0,1,0,0,1,18-24,F,Secundaria,600,synthetic_user_600@example.com,synthetic-uid-600,1,0,0,0,0,0,0,0,0.41640192
synthetic,76,launched,email,,8,Control neutro,Información general,Plantilla sin señales fuertes,0,0,0,0,39,55+,M,Universitaria,2254,synthetic_user_2254@example.com,synthetic-uid-2254,1,0,0,0,0,0,0,0,0.013828652
synthetic,9,launched,email,,1,Urgencia,Acción requerida,Plantilla con señal de urgencia,1,0,0,0,16,25-34,M,Posgrado,267,synthetic_user_267@example.com,synthetic-uid-267,1,1,0,0,1,0,0,1,0.5661355
synthetic,50,launched,email,,5,Urgencia + Autoridad,Aviso urgente institucional,Plantilla combinada,1,1,0,0,35,55+,F,Universitaria,1473,synthetic_user_1473@example.com,synthetic-uid-1473,1,0,0,0,0,0,0,1,0.60309714
synthetic,1,launched,email,,1,Urgencia,Acción requerida,Plantilla con señal de urgencia,1,0,0,0,8,18-24,M,Posgrado,5,synthetic_user_5@example.com,synthetic-uid-5,1,1,0,0,1,0,0,0,0.4772992
synthetic,63,launched,email,,7,Recompensa + Personalización,Beneficio exclusivo para usted,Plantilla combinada,0,0,1,1,37,55+,M,Secundaria,1863,synthetic_user_1863@example.com,synthetic-uid-1863,1,0,0,0,0,0,0,0,0.25561902
synthetic,61,launched,email,,7,Recompensa + Personalización,Beneficio exclusivo para usted,Plantilla combinada,0,0,1,1,36,55+,F,Posgrado,1824,synthetic_user_1824@example.com,synthetic-uid-1824,1,1,0,0,1,0,0,0,0.03361355
synthetic,13,launched,email,,2,Autoridad,Comunicado institucional,Plantilla con señal de autoridad,0,1,0,0,38,55+,M,Tecnica,373,synthetic_user_373@example.com,synthetic-uid-373,1,0,0,0,0,0,0,0,0.49669933
synthetic,21,launched,email,,3,Recompensa,Beneficio disponible,Plantilla con señal de recompensa,0,0,1,0,18,35-44,F,Tecnica,610,synthetic_user_610@example.com,synthetic-uid-610,1,0,0,0,0,0,0,0,0.37404457
synthetic,48,launched,email,,5,Urgencia + Autoridad,Aviso urgente institucional,Plantilla combinada,1,1,0,0,1,18-24,F,Secundaria,1433,synthetic_user_1433@example.com,synthetic-uid-1433,1,0,0,0,0,0,0,0,0.37171927
synthetic,48,launched,email,,5,Urgencia + Autoridad,Aviso urgente institucional,Plantilla combinada,1,1,0,0,1,18-24,F,Secundaria,1417,synthetic_user_1417@example.com,synthetic-uid-1417,1,0,0,0,0,0,0,0,0.37171927
synthetic,64,launched,email,,7,Recompensa + Personalización,Beneficio exclusivo para usted,Plantilla combinada,0,0,1,1,30,45-54,M,Tecnica,1919,synthetic_user_1919@example.com,synthetic-uid-1919,1,1,0,0,1,0,0,0,0.46546313
synthetic,78,launched,email,,8,Control neutro,Información general,Plantilla sin señales fuertes,0,0,0,0,10,25-34,F,Tecnica,2336,synthetic_user_2336@example.com,synthetic-uid-2336,1,0,0,0,0,0,0,0,0.39535424
synthetic,56,launched,email,,6,Autoridad + Personalización,Notificación importante para usted,Plantilla combinada,0,1,0,1,29,45-54,M,Secundaria,1673,synthetic_user_1673@example.com,synthetic-uid-1673,1,1,0,0,1,0,0,0,0.4309743
synthetic,18,launched,email,,2,Autoridad,Comunicado institucional,Plantilla con señal de autoridad,0,1,0,0,29,45-54,M,Secundaria,520,synthetic_user_520@example.com,synthetic-uid-520,1,0,0,0,0,0,0,1,0.6022294
synthetic,8,launched,email,,1,Urgencia,Acción requerida,Plantilla con señal de urgencia,1,0,0,0,7,18-24,M,Universitaria,226,synthetic_user_226@example.com,synthetic-uid-226,1,0,0,0,0,0,0,0,0.3262631
synthetic,20,launched,email,,2,Autoridad,Comunicado institucional,Plantilla con señal de autoridad,0,1,0,0,1,18-24,F,Secundaria,592,synthetic_user_592@example.com,synthetic-uid-592,1,0,0,0,0,0,0,0,0.41640192
synthetic,23,launched,email,,3,Recompensa,Beneficio disponible,Plantilla con señal de recompensa,0,0,1,0,19,35-44,F,Universitaria,690,synthetic_user_690@example.com,synthetic-uid-690,1,0,0,0,0,0,0,0,0.30604535
observed,3,launched,email,2026-03-15 17:30:31.174001,4,Template educativo formal,Notificación de seguridad para {{ name }},Plantilla base para simulación académica con seguimiento de apertura y clic.,0,1,0,1,1,18-24,unknown,Universitaria,3,daniels.a.m.m1234@gmail.com,27665e96-4411-4c93-95bf-7ea05491b433,1,0,0,0,0,0,0,1,0.6935889
synthetic,46,launched,email,,5,Urgencia + Autoridad,Aviso urgente institucional,Plantilla combinada,1,1,0,0,29,45-54,M,Secundaria,1358,synthetic_user_1358@example.com,synthetic-uid-1358,1,0,0,0,0,0,0,1,0.71277994
synthetic,50,launched,email,,5,Urgencia + Autoridad,Aviso urgente institucional,Plantilla combinada,1,1,0,0,35,55+,F,Universitaria,1472,synthetic_user_1472@example.com,synthetic-uid-1472,1,1,0,0,1,0,0,1,0.60309714
synthetic,61,launched,email,,7,Recompensa + Personalización,Beneficio exclusivo para usted,Plantilla combinada,0,0,1,1,36,55+,F,Posgrado,1813,synthetic_user_1813@example.com,synthetic-uid-1813,1,0,0,0,0,0,0,0,0.03361355
synthetic,25,launched,email,,3,Recompensa,Beneficio disponible,Plantilla con señal de recompensa,0,0,1,0,19,35-44,F,Universitaria,747,synthetic_user_747@example.com,synthetic-uid-747,1,0,0,0,0,0,0,0,0.30604535
synthetic,63,launched,email,,7,Recompensa + Personalización,Beneficio exclusivo para usted,Plantilla combinada,0,0,1,1,37,55+,M,Secundaria,1884,synthetic_user_1884@example.com,synthetic-uid-1884,1,1,0,0,1,0,0,0,0.25561902
synthetic,42,launched,email,,5,Urgencia + Autoridad,Aviso urgente institucional,Plantilla combinada,1,1,0,0,14,25-34,M,Tecnica,1239,synthetic_user_1239@example.com,synthetic-uid-1239,1,1,1,0,1,1,0,1,0.6156395
synthetic,60,launched,email,,6,Autoridad + Personalización,Notificación importante para usted,Plantilla combinada,0,1,0,1,29,45-54,M,Secundaria,1798,synthetic_user_1798@example.com,synthetic-uid-1798,1,0,0,0,0,0,0,0,0.4309743
synthetic,49,launched,email,,5,Urgencia + Autoridad,Aviso urgente institucional,Plantilla combinada,1,1,0,0,11,25-34,F,Universitaria,1441,synthetic_user_1441@example.com,synthetic-uid-1441,1,1,0,0,1,0,0,0,0.3789603
synthetic,74,launched,email,,8,Control neutro,Información general,Plantilla sin señales fuertes,0,0,0,0,1,18-24,F,Secundaria,2202,synthetic_user_2202@example.com,synthetic-uid-2202,1,1,0,0,1,0,0,0,0.4184974
synthetic,45,launched,email,,5,Urgencia + Autoridad,Aviso urgente institucional,Plantilla combinada,1,1,0,0,31,45-54,M,Universitaria,1321,synthetic_user_1321@example.com,synthetic-uid-1321,1,0,0,0,0,0,0,1,0.5635481
synthetic,9,launched,email,,1,Urgencia,Acción requerida,Plantilla con señal de urgencia,1,0,0,0,16,25-34,M,Posgrado,244,synthetic_user_244@example.com,synthetic-uid-244,1,0,0,0,0,0,0,1,0.5661355
synthetic,35,launched,email,,4,Personalización,Actualización para usted,Plantilla con personalización,0,0,0,1,19,35-44,F,Universitaria,1036,synthetic_user_1036@example.com,synthetic-uid-1036,1,1,0,0,1,0,0,1,0.7381554
synthetic,62,launched,email,,7,Recompensa + Personalización,Beneficio exclusivo para usted,Plantilla combinada,0,0,1,1,16,25-34,M,Posgrado,1855,synthetic_user_1855@example.com,synthetic-uid-1855,1,1,0,0,1,0,0,0,0.46019113
synthetic,30,launched,email,,3,Recompensa,Beneficio disponible,Plantilla con señal de recompensa,0,0,1,0,2,18-24,F,Tecnica,891,synthetic_user_891@example.com,synthetic-uid-891,1,0,0,0,0,0,0,1,0.7564446
synthetic,58,launched,email,,6,Autoridad + Personalización,Notificación importante para usted,Plantilla combinada,0,1,0,1,5,18-24,M,Secundaria,1725,synthetic_user_1725@example.com,synthetic-uid-1725,1,1,0,0,1,0,0,1,0.5413378
synthetic,67,launched,email,,7,Recompensa + Personalización,Beneficio exclusivo para usted,Plantilla combinada,0,0,1,1,12,25-34,F,Posgrado,1995,synthetic_user_1995@example.com,synthetic-uid-1995,1,1,0,0,1,0,0,1,0.6740579
synthetic,49,launched,email,,5,Urgencia + Autoridad,Aviso urgente institucional,Plantilla combinada,1,1,0,0,11,25-34,F,Universitaria,1453,synthetic_user_1453@example.com,synthetic-uid-1453,1,0,0,0,0,0,0,0,0.3789603
synthetic,19,launched,email,,2,Autoridad,Comunicado institucional,Plantilla con señal de autoridad,0,1,0,0,28,45-54,F,Posgrado,552,synthetic_user_552@example.com,synthetic-uid-552,1,0,0,0,0,0,0,0,0.41480678
synthetic,76,launched,email,,8,Control neutro,Información general,Plantilla sin señales fuertes,0,0,0,0,39,55+,M,Universitaria,2264,synthetic_user_2264@example.com,synthetic-uid-2264,1,1,1,0,1,1,0,0,0.013828652
synthetic,53,launched,email,,6,Autoridad + Personalización,Notificación importante para usted,Plantilla combinada,0,1,0,1,27,45-54,F,Universitaria,1563,synthetic_user_1563@example.com,synthetic-uid-1563,1,1,0,0,1,0,0,0,0.48943886
synthetic,41,launched,email,,5,Urgencia + Autoridad,Aviso urgente institucional,Plantilla combinada,1,1,0,0,34,55+,F,Tecnica,1211,synthetic_user_1211@example.com,synthetic-uid-1211,1,0,0,0,0,0,0,0,0.4211873
synthetic,29,launched,email,,3,Recompensa,Beneficio disponible,Plantilla con señal de recompensa,0,0,1,0,22,35-44,M,Tecnica,850,synthetic_user_850@example.com,synthetic-uid-850,1,1,0,0,1,0,0,0,0.40897503
synthetic,62,launched,email,,7,Recompensa + Personalización,Beneficio exclusivo para usted,Plantilla combinada,0,0,1,1,16,25-34,M,Posgrado,1840,synthetic_user_1840@example.com,synthetic-uid-1840,1,0,0,0,0,0,0,0,0.46019113
synthetic,52,launched,email,,6,Autoridad + Personalización,Notificación importante para usted,Plantilla combinada,0,1,0,1,29,45-54,M,Secundaria,1552,synthetic_user_1552@example.com,synthetic-uid-1552,1,0,0,0,0,0,0,0,0.4309743
synthetic,22,launched,email,,3,Recompensa,Beneficio disponible,Plantilla con señal de recompensa,0,0,1,0,7,18-24,M,Universitaria,641,synthetic_user_641@example.com,synthetic-uid-641,1,0,0,0,0,0,0,0,0.017026424
synthetic,34,launched,email,,4,Personalización,Actualización para usted,Plantilla con personalización,0,0,0,1,14,25-34,M,Tecnica,997,synthetic_user_997@example.com,synthetic-uid-997,1,0,0,0,0,0,0,0,0.45420492
synthetic,49,launched,email,,5,Urgencia + Autoridad,Aviso urgente institucional,Plantilla combinada,1,1,0,0,11,25-34,F,Universitaria,1455,synthetic_user_1455@example.com,synthetic-uid-1455,1,0,0,0,0,0,0,0,0.3789603
synthetic,52,launched,email,,6,Autoridad + Personalización,Notificación importante para usted,Plantilla combinada,0,1,0,1,29,45-54,M,Secundaria,1538,synthetic_user_1538@example.com,synthetic-uid-1538,1,0,0,0,0,0,0,0,0.4309743
synthetic,27,launched,email,,3,Recompensa,Beneficio disponible,Plantilla con señal de recompensa,0,0,1,0,14,25-34,M,Tecnica,808,synthetic_user_808@example.com,synthetic-uid-808,1,0,0,0,0,0,0,1,0.7282198
synthetic,8,launched,email,,1,Urgencia,Acción requerida,Plantilla con señal de urgencia,1,0,0,0,7,18-24,M,Universitaria,222,synthetic_user_222@example.com,synthetic-uid-222,1,1,0,0,1,0,0,0,0.3262631
synthetic,62,launched,email,,7,Recompensa + Personalización,Beneficio exclusivo para usted,Plantilla combinada,0,0,1,1,16,25-34,M,Posgrado,1856,synthetic_user_1856@example.com,synthetic-uid-1856,1,1,0,0,1,0,0,0,0.46019113
synthetic,80,launched,email,,8,Control neutro,Información general,Plantilla sin señales fuertes,0,0,0,0,6,18-24,M,Tecnica,2381,synthetic_user_2381@example.com,synthetic-uid-2381,1,0,0,0,0,0,0,0,0.41496468
synthetic,6,launched,email,,1,Urgencia,Acción requerida,Plantilla con señal de urgencia,1,0,0,0,4,18-24,F,Posgrado,168,synthetic_user_168@example.com,synthetic-uid-168,1,1,0,0,1,0,0,0,0.47263002
synthetic,73,launched,email,,8,Control neutro,Información general,Plantilla sin señales fuertes,0,0,0,0,6,18-24,M,Tecnica,2164,synthetic_user_2164@example.com,synthetic-uid-2164,1,0,0,0,0,0,0,0,0.41496468
synthetic,37,launched,email,,4,Personalización,Actualización para usted,Plantilla con personalización,0,0,0,1,16,25-34,M,Posgrado,1109,synthetic_user_1109@example.com,synthetic-uid-1109,1,0,0,0,0,0,0,1,0.7419761
synthetic,39,launched,email,,4,Personalización,Actualización para usted,Plantilla con personalización,0,0,0,1,25,45-54,F,Secundaria,1169,synthetic_user_1169@example.com,synthetic-uid-1169,1,1,0,0,1,0,0,1,0.6063206
synthetic,7,launched,email,,1,Urgencia,Acción requerida,Plantilla con señal de urgencia,1,0,0,0,38,55+,M,Tecnica,197,synthetic_user_197@example.com,synthetic-uid-197,1,1,0,0,1,0,0,0,0.4622815
synthetic,5,launched,email,,1,Urgencia,Acción requerida,Plantilla con señal de urgencia,1,0,0,0,38,55+,M,Tecnica,143,synthetic_user_143@example.com,synthetic-uid-143,1,1,0,0,1,0,0,0,0.4622815
synthetic,65,launched,email,,7,Recompensa + Personalización,Beneficio exclusivo para usted,Plantilla combinada,0,0,1,1,9,25-34,F,Secundaria,1949,synthetic_user_1949@example.com,synthetic-uid-1949,1,1,0,0,1,0,0,0,0.4819264
synthetic,56,launched,email,,6,Autoridad + Personalización,Notificación importante para usted,Plantilla combinada,0,1,0,1,29,45-54,M,Secundaria,1670,synthetic_user_1670@example.com,synthetic-uid-1670,1,1,0,0,1,0,0,0,0.4309743
synthetic,40,launched,email,,4,Personalización,Actualización para usted,Plantilla con personalización,0,0,0,1,12,25-34,F,Posgrado,1200,synthetic_user_1200@example.com,synthetic-uid-1200,1,0,0,0,0,0,0,1,0.56850386
synthetic,72,launched,email,,8,Control neutro,Información general,Plantilla sin señales fuertes,0,0,0,0,39,55+,M,Universitaria,2147,synthetic_user_2147@example.com,synthetic-uid-2147,1,0,0,0,0,0,0,0,0.013828652
synthetic,24,launched,email,,3,Recompensa,Beneficio disponible,Plantilla con señal de recompensa,0,0,1,0,1,18-24,F,Secundaria,706,synthetic_user_706@example.com,synthetic-uid-706,1,0,0,0,0,0,0,0,0.405088
synthetic,16,launched,email,,2,Autoridad,Comunicado institucional,Plantilla con señal de autoridad,0,1,0,0,22,35-44,M,Tecnica,464,synthetic_user_464@example.com,synthetic-uid-464,1,0,0,0,0,0,0,0,0.41755906
synthetic,43,launched,email,,5,Urgencia + Autoridad,Aviso urgente institucional,Plantilla combinada,1,1,0,0,7,18-24,M,Universitaria,1279,synthetic_user_1279@example.com,synthetic-uid-1279,1,1,1,0,1,1,0,0,0.047397476
synthetic,35,launched,email,,4,Personalización,Actualización para usted,Plantilla con personalización,0,0,0,1,19,35-44,F,Universitaria,1029,synthetic_user_1029@example.com,synthetic-uid-1029,1,0,0,0,0,0,0,1,0.7381554
synthetic,79,launched,email,,8,Control neutro,Información general,Plantilla sin señales fuertes,0,0,0,0,21,35-44,M,Secundaria,2347,synthetic_user_2347@example.com,synthetic-uid-2347,1,0,0,0,0,0,0,0,0.46539846
synthetic,59,launched,email,,6,Autoridad + Personalización,Notificación importante para usted,Plantilla combinada,0,1,0,1,38,55+,M,Tecnica,1763,synthetic_user_1763@example.com,synthetic-uid-1763,1,0,0,0,0,0,0,0,0.37490222
synthetic,71,launched,email,,8,Control neutro,Información general,Plantilla sin señales fuertes,0,0,0,0,22,35-44,M,Tecnica,2105,synthetic_user_2105@example.com,synthetic-uid-2105,1,0,0,0,0,0,0,0,0.3988958
synthetic,21,launched,email,,3,Recompensa,Beneficio disponible,Plantilla con señal de recompensa,0,0,1,0,18,35-44,F,Tecnica,622,synthetic_user_622@example.com,synthetic-uid-622,1,1,0,0,1,0,0,0,0.37404457
synthetic,11,launched,email,,2,Autoridad,Comunicado institucional,Plantilla con señal de autoridad,0,1,0,0,14,25-34,M,Tecnica,302,synthetic_user_302@example.com,synthetic-uid-302,1,0,0,0,0,0,0,0,0.112143084
synthetic,22,launched,email,,3,Recompensa,Beneficio disponible,Plantilla con señal de recompensa,0,0,1,0,7,18-24,M,Universitaria,646,synthetic_user_646@example.com,synthetic-uid-646,1,1,0,0,1,0,0,0,0.017026424
synthetic,33,launched,email,,4,Personalización,Actualización para usted,Plantilla con personalización,0,0,0,1,29,45-54,M,Secundaria,969,synthetic_user_969@example.com,synthetic-uid-969,1,0,0,0,0,0,0,0,0.4735538
synthetic,34,launched,email,,4,Personalización,Actualización para usted,Plantilla con personalización,0,0,0,1,14,25-34,M,Tecnica,1004,synthetic_user_1004@example.com,synthetic-uid-1004,1,0,0,0,0,0,0,0,0.45420492
synthetic,49,launched,email,,5,Urgencia + Autoridad,Aviso urgente institucional,Plantilla combinada,1,1,0,0,11,25-34,F,Universitaria,1461,synthetic_user_1461@example.com,synthetic-uid-1461,1,0,0,0,0,0,0,0,0.3789603
synthetic,68,launched,email,,7,Recompensa + Personalización,Beneficio exclusivo para usted,Plantilla combinada,0,0,1,1,27,45-54,F,Universitaria,2035,synthetic_user_2035@example.com,synthetic-uid-2035,1,1,0,0,1,0,0,0,0.41510788
synthetic,73,launched,email,,8,Control neutro,Información general,Plantilla sin señales fuertes,0,0,0,0,6,18-24,M,Tecnica,2166,synthetic_user_2166@example.com,synthetic-uid-2166,1,0,0,0,0,0,0,0,0.41496468
synthetic,20,launched,email,,2,Autoridad,Comunicado institucional,Plantilla con señal de autoridad,0,1,0,0,1,18-24,F,Secundaria,573,synthetic_user_573@example.com,synthetic-uid-573,1,0,0,0,0,0,0,0,0.41640192
synthetic,44,launched,email,,5,Urgencia + Autoridad,Aviso urgente institucional,Plantilla combinada,1,1,0,0,20,35-44,F,Posgrado,1311,synthetic_user_1311@example.com,synthetic-uid-1311,1,0,0,0,0,0,0,0,0.36463103
synthetic,80,launched,email,,8,Control neutro,Información general,Plantilla sin señales fuertes,0,0,0,0,6,18-24,M,Tecnica,2382,synthetic_user_2382@example.com,synthetic-uid-2382,1,0,0,0,0,0,0,0,0.41496468
synthetic,49,launched,email,,5,Urgencia + Autoridad,Aviso urgente institucional,Plantilla combinada,1,1,0,0,11,25-34,F,Universitaria,1464,synthetic_user_1464@example.com,synthetic-uid-1464,1,0,0,0,0,0,0,0,0.3789603
synthetic,17,launched,email,,2,Autoridad,Comunicado institucional,Plantilla con señal de autoridad,0,1,0,0,38,55+,M,Tecnica,483,synthetic_user_483@example.com,synthetic-uid-483,1,1,1,0,1,1,0,0,0.49669933
synthetic,41,launched,email,,5,Urgencia + Autoridad,Aviso urgente institucional,Plantilla combinada,1,1,0,0,34,55+,F,Tecnica,1217,synthetic_user_1217@example.com,synthetic-uid-1217,1,0,0,0,0,0,0,0,0.4211873
synthetic,80,launched,email,,8,Control neutro,Información general,Plantilla sin señales fuertes,0,0,0,0,6,18-24,M,Tecnica,2373,synthetic_user_2373@example.com,synthetic-uid-2373,1,0,0,0,0,0,0,0,0.41496468
synthetic,2,launched,email,,1,Urgencia,Acción requerida,Plantilla con señal de urgencia,1,0,0,0,3,18-24,F,Universitaria,59,synthetic_user_59@example.com,synthetic-uid-59,1,1,1,0,1,1,0,0,0.11401329
synthetic,75,launched,email,,8,Control neutro,Información general,Plantilla sin señales fuertes,0,0,0,0,11,25-34,F,Universitaria,2246,synthetic_user_2246@example.com,synthetic-uid-2246,1,0,0,0,0,0,0,1,0.7932965
synthetic,26,launched,email,,3,Recompensa,Beneficio disponible,Plantilla con señal de recompensa,0,0,1,0,7,18-24,M,Universitaria,769,synthetic_user_769@example.com,synthetic-uid-769,1,0,0,0,0,0,0,0,0.017026424
synthetic,4,launched,email,,1,Urgencia,Acción requerida,Plantilla con señal de urgencia,1,0,0,0,35,55+,F,Universitaria,116,synthetic_user_116@example.com,synthetic-uid-116,1,0,0,0,0,0,0,0,0.40946198
synthetic,46,launched,email,,5,Urgencia + Autoridad,Aviso urgente institucional,Plantilla combinada,1,1,0,0,29,45-54,M,Secundaria,1352,synthetic_user_1352@example.com,synthetic-uid-1352,1,0,0,0,0,0,0,1,0.71277994
synthetic,25,launched,email,,3,Recompensa,Beneficio disponible,Plantilla con señal de recompensa,0,0,1,0,19,35-44,F,Universitaria,725,synthetic_user_725@example.com,synthetic-uid-725,1,0,0,0,0,0,0,0,0.30604535
observed,9,draft,email,,2,Template educativo v2,unknown,,0,0,0,0,1,18-24,unknown,Universitaria,3,daniels.a.m.m1234@gmail.com,27665e96-4411-4c93-95bf-7ea05491b433,0,0,0,0,0,0,0,1,0.6983378
synthetic,6,launched,email,,1,Urgencia,Acción requerida,Plantilla con señal de urgencia,1,0,0,0,4,18-24,F,Posgrado,176,synthetic_user_176@example.com,synthetic-uid-176,1,1,1,0,1,1,0,0,0.47263002
synthetic,59,launched,email,,6,Autoridad + Personalización,Notificación importante para usted,Plantilla combinada,0,1,0,1,38,55+,M,Tecnica,1765,synthetic_user_1765@example.com,synthetic-uid-1765,1,0,0,0,0,0,0,0,0.37490222
synthetic,41,launched,email,,5,Urgencia + Autoridad,Aviso urgente institucional,Plantilla combinada,1,1,0,0,34,55+,F,Tecnica,1230,synthetic_user_1230@example.com,synthetic-uid-1230,1,0,0,0,0,0,0,0,0.4211873
synthetic,32,launched,email,,4,Personalización,Actualización para usted,Plantilla con personalización,0,0,0,1,37,55+,M,Secundaria,935,synthetic_user_935@example.com,synthetic-uid-935,1,1,0,0,1,0,0,0,0.062653676
synthetic,16,launched,email,,2,Autoridad,Comunicado institucional,Plantilla con señal de autoridad,0,1,0,0,22,35-44,M,Tecnica,470,synthetic_user_470@example.com,synthetic-uid-470,1,0,0,0,0,0,0,0,0.41755906
synthetic,66,launched,email,,7,Recompensa + Personalización,Beneficio exclusivo para usted,Plantilla combinada,0,0,1,1,37,55+,M,Secundaria,1973,synthetic_user_1973@example.com,synthetic-uid-1973,1,0,0,0,0,0,0,0,0.25561902
synthetic,4,launched,email,,1,Urgencia,Acción requerida,Plantilla con señal de urgencia,1,0,0,0,35,55+,F,Universitaria,106,synthetic_user_106@example.com,synthetic-uid-106,1,0,0,0,0,0,0,0,0.40946198
synthetic,41,launched,email,,5,Urgencia + Autoridad,Aviso urgente institucional,Plantilla combinada,1,1,0,0,34,55+,F,Tecnica,1225,synthetic_user_1225@example.com,synthetic-uid-1225,1,0,0,0,0,0,0,0,0.4211873
synthetic,41,launched,email,,5,Urgencia + Autoridad,Aviso urgente institucional,Plantilla combinada,1,1,0,0,34,55+,F,Tecnica,1206,synthetic_user_1206@example.com,synthetic-uid-1206,1,0,0,0,0,0,0,0,0.4211873
synthetic,36,launched,email,,4,Personalización,Actualización para usted,Plantilla con personalización,0,0,0,1,9,25-34,F,Secundaria,1063,synthetic_user_1063@example.com,synthetic-uid-1063,1,1,0,0,1,0,0,0,0.44335085
synthetic,41,launched,email,,5,Urgencia + Autoridad,Aviso urgente institucional,Plantilla combinada,1,1,0,0,34,55+,F,Tecnica,1219,synthetic_user_1219@example.com,synthetic-uid-1219,1,0,0,0,0,0,0,0,0.4211873
synthetic,43,launched,email,,5,Urgencia + Autoridad,Aviso urgente institucional,Plantilla combinada,1,1,0,0,7,18-24,M,Universitaria,1280,synthetic_user_1280@example.com,synthetic-uid-1280,1,1,0,0,1,0,0,0,0.047397476
synthetic,45,launched,email,,5,Urgencia + Autoridad,Aviso urgente institucional,Plantilla combinada,1,1,0,0,31,45-54,M,Universitaria,1350,synthetic_user_1350@example.com,synthetic-uid-1350,1,0,0,0,0,0,0,1,0.5635481
synthetic,55,launched,email,,6,Autoridad + Personalización,Notificación importante para usted,Plantilla combinada,0,1,0,1,34,55+,F,Tecnica,1624,synthetic_user_1624@example.com,synthetic-uid-1624,1,0,0,0,0,0,0,0,0.020981394
synthetic,45,launched,email,,5,Urgencia + Autoridad,Aviso urgente institucional,Plantilla combinada,1,1,0,0,31,45-54,M,Universitaria,1333,synthetic_user_1333@example.com,synthetic-uid-1333,1,1,0,0,1,0,0,1,0.5635481
synthetic,62,launched,email,,7,Recompensa + Personalización,Beneficio exclusivo para usted,Plantilla combinada,0,0,1,1,16,25-34,M,Posgrado,1837,synthetic_user_1837@example.com,synthetic-uid-1837,1,1,0,0,1,0,0,0,0.46019113
synthetic,65,launched,email,,7,Recompensa + Personalización,Beneficio exclusivo para usted,Plantilla combinada,0,0,1,1,9,25-34,F,Secundaria,1926,synthetic_user_1926@example.com,synthetic-uid-1926,1,1,0,0,1,0,0,0,0.4819264
synthetic,59,launched,email,,6,Autoridad + Personalización,Notificación importante para usted,Plantilla combinada,0,1,0,1,38,55+,M,Tecnica,1756,synthetic_user_1756@example.com,synthetic-uid-1756,1,1,0,0,1,0,0,0,0.37490222
synthetic,50,launched,email,,5,Urgencia + Autoridad,Aviso urgente institucional,Plantilla combinada,1,1,0,0,35,55+,F,Universitaria,1482,synthetic_user_1482@example.com,synthetic-uid-1482,1,1,0,0,1,0,0,1,0.60309714
synthetic,16,launched,email,,2,Autoridad,Comunicado institucional,Plantilla con señal de autoridad,0,1,0,0,22,35-44,M,Tecnica,452,synthetic_user_452@example.com,synthetic-uid-452,1,1,0,0,1,0,0,0,0.41755906
synthetic,73,launched,email,,8,Control neutro,Información general,Plantilla sin señales fuertes,0,0,0,0,6,18-24,M,Tecnica,2177,synthetic_user_2177@example.com,synthetic-uid-2177,1,0,0,0,0,0,0,0,0.41496468
synthetic,25,launched,email,,3,Recompensa,Beneficio disponible,Plantilla con señal de recompensa,0,0,1,0,19,35-44,F,Universitaria,736,synthetic_user_736@example.com,synthetic-uid-736,1,0,0,0,0,0,0,0,0.30604535
synthetic,46,launched,email,,5,Urgencia + Autoridad,Aviso urgente institucional,Plantilla combinada,1,1,0,0,29,45-54,M,Secundaria,1371,synthetic_user_1371@example.com,synthetic-uid-1371,1,1,0,0,1,0,0,1,0.71277994
synthetic,67,launched,email,,7,Recompensa + Personalización,Beneficio exclusivo para usted,Plantilla combinada,0,0,1,1,12,25-34,F,Posgrado,1985,synthetic_user_1985@example.com,synthetic-uid-1985,1,0,0,0,0,0,0,1,0.6740579
synthetic,65,launched,email,,7,Recompensa + Personalización,Beneficio exclusivo para usted,Plantilla combinada,0,0,1,1,9,25-34,F,Secundaria,1928,synthetic_user_1928@example.com,synthetic-uid-1928,1,0,0,0,0,0,0,0,0.4819264
synthetic,69,launched,email,,7,Recompensa + Personalización,Beneficio exclusivo para usted,Plantilla combinada,0,0,1,1,25,45-54,F,Secundaria,2043,synthetic_user_2043@example.com,synthetic-uid-2043,1,1,0,0,1,0,0,1,0.6797176
synthetic,27,launched,email,,3,Recompensa,Beneficio disponible,Plantilla con señal de recompensa,0,0,1,0,14,25-34,M,Tecnica,784,synthetic_user_784@example.com,synthetic-uid-784,1,1,1,0,1,1,0,1,0.7282198
synthetic,16,launched,email,,2,Autoridad,Comunicado institucional,Plantilla con señal de autoridad,0,1,0,0,22,35-44,M,Tecnica,468,synthetic_user_468@example.com,synthetic-uid-468,1,1,0,0,1,0,0,0,0.41755906
synthetic,59,launched,email,,6,Autoridad + Personalización,Notificación importante para usted,Plantilla combinada,0,1,0,1,38,55+,M,Tecnica,1753,synthetic_user_1753@example.com,synthetic-uid-1753,1,0,0,0,0,0,0,0,0.37490222
synthetic,26,launched,email,,3,Recompensa,Beneficio disponible,Plantilla con señal de recompensa,0,0,1,0,7,18-24,M,Universitaria,759,synthetic_user_759@example.com,synthetic-uid-759,1,0,0,0,0,0,0,0,0.017026424
synthetic,67,launched,email,,7,Recompensa + Personalización,Beneficio exclusivo para usted,Plantilla combinada,0,0,1,1,12,25-34,F,Posgrado,2005,synthetic_user_2005@example.com,synthetic-uid-2005,1,0,0,0,0,0,0,1,0.6740579
synthetic,51,launched,email,,6,Autoridad + Personalización,Notificación importante para usted,Plantilla combinada,0,1,0,1,15,25-34,M,Universitaria,1526,synthetic_user_1526@example.com,synthetic-uid-1526,1,0,0,0,0,0,0,0,0.007973573
synthetic,16,launched,email,,2,Autoridad,Comunicado institucional,Plantilla con señal de autoridad,0,1,0,0,22,35-44,M,Tecnica,460,synthetic_user_460@example.com,synthetic-uid-460,1,0,0,0,0,0,0,0,0.41755906
synthetic,36,launched,email,,4,Personalización,Actualización para usted,Plantilla con personalización,0,0,0,1,9,25-34,F,Secundaria,1051,synthetic_user_1051@example.com,synthetic-uid-1051,1,0,0,0,0,0,0,0,0.44335085
synthetic,79,launched,email,,8,Control neutro,Información general,Plantilla sin señales fuertes,0,0,0,0,21,35-44,M,Secundaria,2353,synthetic_user_2353@example.com,synthetic-uid-2353,1,0,0,0,0,0,0,0,0.46539846
synthetic,45,launched,email,,5,Urgencia + Autoridad,Aviso urgente institucional,Plantilla combinada,1,1,0,0,31,45-54,M,Universitaria,1337,synthetic_user_1337@example.com,synthetic-uid-1337,1,0,0,0,0,0,0,1,0.5635481
synthetic,79,launched,email,,8,Control neutro,Información general,Plantilla sin señales fuertes,0,0,0,0,21,35-44,M,Secundaria,2341,synthetic_user_2341@example.com,synthetic-uid-2341,1,1,0,0,1,0,0,0,0.46539846
synthetic,61,launched,email,,7,Recompensa + Personalización,Beneficio exclusivo para usted,Plantilla combinada,0,0,1,1,36,55+,F,Posgrado,1816,synthetic_user_1816@example.com,synthetic-uid-1816,1,1,1,0,1,1,0,0,0.03361355
synthetic,78,launched,email,,8,Control neutro,Información general,Plantilla sin señales fuertes,0,0,0,0,10,25-34,F,Tecnica,2334,synthetic_user_2334@example.com,synthetic-uid-2334,1,1,0,0,1,0,0,0,0.39535424
synthetic,30,launched,email,,3,Recompensa,Beneficio disponible,Plantilla con señal de recompensa,0,0,1,0,2,18-24,F,Tecnica,882,synthetic_user_882@example.com,synthetic-uid-882,1,0,0,0,0,0,0,1,0.7564446
synthetic,30,launched,email,,3,Recompensa,Beneficio disponible,Plantilla con señal de recompensa,0,0,1,0,2,18-24,F,Tecnica,898,synthetic_user_898@example.com,synthetic-uid-898,1,1,0,0,1,0,0,1,0.7564446
synthetic,31,launched,email,,4,Personalización,Actualización para usted,Plantilla con personalización,0,0,0,1,3,18-24,F,Universitaria,917,synthetic_user_917@example.com,synthetic-uid-917,1,1,0,0,1,0,0,1,0.61282253
synthetic,4,launched,email,,1,Urgencia,Acción requerida,Plantilla con señal de urgencia,1,0,0,0,35,55+,F,Universitaria,95,synthetic_user_95@example.com,synthetic-uid-95,1,0,0,0,0,0,0,0,0.40946198
synthetic,40,launched,email,,4,Personalización,Actualización para usted,Plantilla con personalización,0,0,0,1,12,25-34,F,Posgrado,1173,synthetic_user_1173@example.com,synthetic-uid-1173,1,1,0,0,1,0,0,1,0.56850386
synthetic,36,launched,email,,4,Personalización,Actualización para usted,Plantilla con personalización,0,0,0,1,9,25-34,F,Secundaria,1060,synthetic_user_1060@example.com,synthetic-uid-1060,1,1,1,0,1,1,0,0,0.44335085
synthetic,7,launched,email,,1,Urgencia,Acción requerida,Plantilla con señal de urgencia,1,0,0,0,38,55+,M,Tecnica,182,synthetic_user_182@example.com,synthetic-uid-182,1,0,0,0,0,0,0,0,0.4622815
synthetic,65,launched,email,,7,Recompensa + Personalización,Beneficio exclusivo para usted,Plantilla combinada,0,0,1,1,9,25-34,F,Secundaria,1939,synthetic_user_1939@example.com,synthetic-uid-1939,1,1,0,0,1,0,0,0,0.4819264
observed,8,draft,email,,4,Template educativo formal,Notificación de seguridad para {{ name }},Plantilla base para simulación académica con seguimiento de apertura y clic.,0,1,0,1,1,18-24,unknown,Universitaria,3,daniels.a.m.m1234@gmail.com,27665e96-4411-4c93-95bf-7ea05491b433,0,0,0,0,0,0,0,1,0.6935889
synthetic,14,launched,email,,2,Autoridad,Comunicado institucional,Plantilla con señal de autoridad,0,1,0,0,30,45-54,M,Tecnica,407,synthetic_user_407@example.com,synthetic-uid-407,1,0,0,0,0,0,0,1,0.73470706
synthetic,37,launched,email,,4,Personalización,Actualización para usted,Plantilla con personalización,0,0,0,1,16,25-34,M,Posgrado,1081,synthetic_user_1081@example.com,synthetic-uid-1081,1,0,0,0,0,0,0,1,0.7419761
synthetic,16,launched,email,,2,Autoridad,Comunicado institucional,Plantilla con señal de autoridad,0,1,0,0,22,35-44,M,Tecnica,469,synthetic_user_469@example.com,synthetic-uid-469,1,0,0,0,0,0,0,0,0.41755906
synthetic,58,launched,email,,6,Autoridad + Personalización,Notificación importante para usted,Plantilla combinada,0,1,0,1,5,18-24,M,Secundaria,1739,synthetic_user_1739@example.com,synthetic-uid-1739,1,0,0,0,0,0,0,1,0.5413378
synthetic,14,launched,email,,2,Autoridad,Comunicado institucional,Plantilla con señal de autoridad,0,1,0,0,30,45-54,M,Tecnica,408,synthetic_user_408@example.com,synthetic-uid-408,1,0,0,0,0,0,0,1,0.73470706
synthetic,40,launched,email,,4,Personalización,Actualización para usted,Plantilla con personalización,0,0,0,1,12,25-34,F,Posgrado,1199,synthetic_user_1199@example.com,synthetic-uid-1199,1,1,0,0,1,0,0,1,0.56850386
synthetic,49,launched,email,,5,Urgencia + Autoridad,Aviso urgente institucional,Plantilla combinada,1,1,0,0,11,25-34,F,Universitaria,1449,synthetic_user_1449@example.com,synthetic-uid-1449,1,1,0,0,1,0,0,0,0.3789603
synthetic,73,launched,email,,8,Control neutro,Información general,Plantilla sin señales fuertes,0,0,0,0,6,18-24,M,Tecnica,2189,synthetic_user_2189@example.com,synthetic-uid-2189,1,0,0,0,0,0,0,0,0.41496468
synthetic,38,launched,email,,4,Personalización,Actualización para usted,Plantilla con personalización,0,0,0,1,12,25-34,F,Posgrado,1113,synthetic_user_1113@example.com,synthetic-uid-1113,1,0,0,0,0,0,0,1,0.56850386
synthetic,62,launched,email,,7,Recompensa + Personalización,Beneficio exclusivo para usted,Plantilla combinada,0,0,1,1,16,25-34,M,Posgrado,1838,synthetic_user_1838@example.com,synthetic-uid-1838,1,0,0,0,0,0,0,0,0.46019113
synthetic,62,launched,email,,7,Recompensa + Personalización,Beneficio exclusivo para usted,Plantilla combinada,0,0,1,1,16,25-34,M,Posgrado,1850,synthetic_user_1850@example.com,synthetic-uid-1850,1,1,0,0,1,0,0,0,0.46019113
synthetic,61,launched,email,,7,Recompensa + Personalización,Beneficio exclusivo para usted,Plantilla combinada,0,0,1,1,36,55+,F,Posgrado,1801,synthetic_user_1801@example.com,synthetic-uid-1801,1,1,0,0,1,0,0,0,0.03361355
synthetic,74,launched,email,,8,Control neutro,Información general,Plantilla sin señales fuertes,0,0,0,0,1,18-24,F,Secundaria,2201,synthetic_user_2201@example.com,synthetic-uid-2201,1,1,0,0,1,0,0,0,0.4184974
synthetic,37,launched,email,,4,Personalización,Actualización para usted,Plantilla con personalización,0,0,0,1,16,25-34,M,Posgrado,1098,synthetic_user_1098@example.com,synthetic-uid-1098,1,0,0,0,0,0,0,1,0.7419761
synthetic,58,launched,email,,6,Autoridad + Personalización,Notificación importante para usted,Plantilla combinada,0,1,0,1,5,18-24,M,Secundaria,1738,synthetic_user_1738@example.com,synthetic-uid-1738,1,0,0,0,0,0,0,1,0.5413378
observed,2,launched,email,2026-03-08 21:00:46.586632,1,Template educativo v1,unknown,,0,0,0,0,1,18-24,unknown,Universitaria,2,test2@example.com,dfc0c600-4321-46ea-96cd-cd7e23f58043,1,0,0,0,0,0,0,1,0.6983378
synthetic,19,launched,email,,2,Autoridad,Comunicado institucional,Plantilla con señal de autoridad,0,1,0,0,28,45-54,F,Posgrado,561,synthetic_user_561@example.com,synthetic-uid-561,1,1,0,0,1,0,0,0,0.41480678
synthetic,55,launched,email,,6,Autoridad + Personalización,Notificación importante para usted,Plantilla combinada,0,1,0,1,34,55+,F,Tecnica,1641,synthetic_user_1641@example.com,synthetic-uid-1641,1,0,0,0,0,0,0,0,0.020981394
synthetic,50,launched,email,,5,Urgencia + Autoridad,Aviso urgente institucional,Plantilla combinada,1,1,0,0,35,55+,F,Universitaria,1500,synthetic_user_1500@example.com,synthetic-uid-1500,1,1,0,0,1,0,0,1,0.60309714
synthetic,63,launched,email,,7,Recompensa + Personalización,Beneficio exclusivo para usted,Plantilla combinada,0,0,1,1,37,55+,M,Secundaria,1867,synthetic_user_1867@example.com,synthetic-uid-1867,1,0,0,0,0,0,0,0,0.25561902
synthetic,30,launched,email,,3,Recompensa,Beneficio disponible,Plantilla con señal de recompensa,0,0,1,0,2,18-24,F,Tecnica,886,synthetic_user_886@example.com,synthetic-uid-886,1,0,0,0,0,0,0,1,0.7564446
synthetic,54,launched,email,,6,Autoridad + Personalización,Notificación importante para usted,Plantilla combinada,0,1,0,1,31,45-54,M,Universitaria,1592,synthetic_user_1592@example.com,synthetic-uid-1592,1,1,0,0,1,0,0,0,0.058025517
synthetic,35,launched,email,,4,Personalización,Actualización para usted,Plantilla con personalización,0,0,0,1,19,35-44,F,Universitaria,1049,synthetic_user_1049@example.com,synthetic-uid-1049,1,0,0,0,0,0,0,1,0.7381554
synthetic,30,launched,email,,3,Recompensa,Beneficio disponible,Plantilla con señal de recompensa,0,0,1,0,2,18-24,F,Tecnica,879,synthetic_user_879@example.com,synthetic-uid-879,1,0,0,0,0,0,0,1,0.7564446
synthetic,37,launched,email,,4,Personalización,Actualización para usted,Plantilla con personalización,0,0,0,1,16,25-34,M,Posgrado,1102,synthetic_user_1102@example.com,synthetic-uid-1102,1,1,0,0,1,0,0,1,0.7419761
synthetic,63,launched,email,,7,Recompensa + Personalización,Beneficio exclusivo para usted,Plantilla combinada,0,0,1,1,37,55+,M,Secundaria,1869,synthetic_user_1869@example.com,synthetic-uid-1869,1,0,0,0,0,0,0,0,0.25561902
synthetic,23,launched,email,,3,Recompensa,Beneficio disponible,Plantilla con señal de recompensa,0,0,1,0,19,35-44,F,Universitaria,670,synthetic_user_670@example.com,synthetic-uid-670,1,0,0,0,0,0,0,0,0.30604535
synthetic,62,launched,email,,7,Recompensa + Personalización,Beneficio exclusivo para usted,Plantilla combinada,0,0,1,1,16,25-34,M,Posgrado,1832,synthetic_user_1832@example.com,synthetic-uid-1832,1,0,0,0,0,0,0,0,0.46019113
synthetic,76,launched,email,,8,Control neutro,Información general,Plantilla sin señales fuertes,0,0,0,0,39,55+,M,Universitaria,2251,synthetic_user_2251@example.com,synthetic-uid-2251,1,0,0,0,0,0,0,0,0.013828652
synthetic,35,launched,email,,4,Personalización,Actualización para usted,Plantilla con personalización,0,0,0,1,19,35-44,F,Universitaria,1050,synthetic_user_1050@example.com,synthetic-uid-1050,1,0,0,0,0,0,0,1,0.7381554
observed,9,draft,email,,2,Template educativo v2,unknown,,0,0,0,0,1,18-24,unknown,Universitaria,2,test2@example.com,dfc0c600-4321-46ea-96cd-cd7e23f58043,0,0,0,0,0,0,0,1,0.6983378
synthetic,72,launched,email,,8,Control neutro,Información general,Plantilla sin señales fuertes,0,0,0,0,39,55+,M,Universitaria,2152,synthetic_user_2152@example.com,synthetic-uid-2152,1,1,0,0,1,0,0,0,0.013828652
synthetic,33,launched,email,,4,Personalización,Actualización para usted,Plantilla con personalización,0,0,0,1,29,45-54,M,Secundaria,971,synthetic_user_971@example.com,synthetic-uid-971,1,0,0,0,0,0,0,0,0.4735538
synthetic,69,launched,email,,7,Recompensa + Personalización,Beneficio exclusivo para usted,Plantilla combinada,0,0,1,1,25,45-54,F,Secundaria,2053,synthetic_user_2053@example.com,synthetic-uid-2053,1,1,1,0,1,1,0,1,0.6797176
synthetic,33,launched,email,,4,Personalización,Actualización para usted,Plantilla con personalización,0,0,0,1,29,45-54,M,Secundaria,979,synthetic_user_979@example.com,synthetic-uid-979,1,0,0,0,0,0,0,0,0.4735538
synthetic,47,launched,email,,5,Urgencia + Autoridad,Aviso urgente institucional,Plantilla combinada,1,1,0,0,12,25-34,F,Posgrado,1386,synthetic_user_1386@example.com,synthetic-uid-1386,1,1,0,0,1,0,0,1,0.74262106
synthetic,32,launched,email,,4,Personalización,Actualización para usted,Plantilla con personalización,0,0,0,1,37,55+,M,Secundaria,952,synthetic_user_952@example.com,synthetic-uid-952,1,1,0,0,1,0,0,0,0.062653676
synthetic,25,launched,email,,3,Recompensa,Beneficio disponible,Plantilla con señal de recompensa,0,0,1,0,19,35-44,F,Universitaria,734,synthetic_user_734@example.com,synthetic-uid-734,1,0,0,0,0,0,0,0,0.30604535
synthetic,72,launched,email,,8,Control neutro,Información general,Plantilla sin señales fuertes,0,0,0,0,39,55+,M,Universitaria,2159,synthetic_user_2159@example.com,synthetic-uid-2159,1,0,0,0,0,0,0,0,0.013828652
synthetic,63,launched,email,,7,Recompensa + Personalización,Beneficio exclusivo para usted,Plantilla combinada,0,0,1,1,37,55+,M,Secundaria,1877,synthetic_user_1877@example.com,synthetic-uid-1877,1,0,0,0,0,0,0,0,0.25561902
synthetic,17,launched,email,,2,Autoridad,Comunicado institucional,Plantilla con señal de autoridad,0,1,0,0,38,55+,M,Tecnica,499,synthetic_user_499@example.com,synthetic-uid-499,1,0,0,0,0,0,0,0,0.49669933
synthetic,75,launched,email,,8,Control neutro,Información general,Plantilla sin señales fuertes,0,0,0,0,11,25-34,F,Universitaria,2243,synthetic_user_2243@example.com,synthetic-uid-2243,1,0,0,0,0,0,0,1,0.7932965
synthetic,65,launched,email,,7,Recompensa + Personalización,Beneficio exclusivo para usted,Plantilla combinada,0,0,1,1,9,25-34,F,Secundaria,1944,synthetic_user_1944@example.com,synthetic-uid-1944,1,0,0,0,0,0,0,0,0.4819264
synthetic,20,launched,email,,2,Autoridad,Comunicado institucional,Plantilla con señal de autoridad,0,1,0,0,1,18-24,F,Secundaria,572,synthetic_user_572@example.com,synthetic-uid-572,1,0,0,0,0,0,0,0,0.41640192
synthetic,27,launched,email,,3,Recompensa,Beneficio disponible,Plantilla con señal de recompensa,0,0,1,0,14,25-34,M,Tecnica,798,synthetic_user_798@example.com,synthetic-uid-798,1,0,0,0,0,0,0,1,0.7282198
synthetic,25,launched,email,,3,Recompensa,Beneficio disponible,Plantilla con señal de recompensa,0,0,1,0,19,35-44,F,Universitaria,742,synthetic_user_742@example.com,synthetic-uid-742,1,0,0,0,0,0,0,0,0.30604535
synthetic,11,launched,email,,2,Autoridad,Comunicado institucional,Plantilla con señal de autoridad,0,1,0,0,14,25-34,M,Tecnica,326,synthetic_user_326@example.com,synthetic-uid-326,1,1,0,0,1,0,0,0,0.112143084
synthetic,48,launched,email,,5,Urgencia + Autoridad,Aviso urgente institucional,Plantilla combinada,1,1,0,0,1,18-24,F,Secundaria,1436,synthetic_user_1436@example.com,synthetic-uid-1436,1,0,0,0,0,0,0,0,0.37171927
synthetic,73,launched,email,,8,Control neutro,Información general,Plantilla sin señales fuertes,0,0,0,0,6,18-24,M,Tecnica,2175,synthetic_user_2175@example.com,synthetic-uid-2175,1,0,0,0,0,0,0,0,0.41496468
synthetic,55,launched,email,,6,Autoridad + Personalización,Notificación importante para usted,Plantilla combinada,0,1,0,1,34,55+,F,Tecnica,1625,synthetic_user_1625@example.com,synthetic-uid-1625,1,1,0,0,1,0,0,0,0.020981394
synthetic,28,launched,email,,3,Recompensa,Beneficio disponible,Plantilla con señal de recompensa,0,0,1,0,29,45-54,M,Secundaria,838,synthetic_user_838@example.com,synthetic-uid-838,1,0,0,0,0,0,0,1,0.57612395
synthetic,65,launched,email,,7,Recompensa + Personalización,Beneficio exclusivo para usted,Plantilla combinada,0,0,1,1,9,25-34,F,Secundaria,1927,synthetic_user_1927@example.com,synthetic-uid-1927,1,0,0,0,0,0,0,0,0.4819264
synthetic,78,launched,email,,8,Control neutro,Información general,Plantilla sin señales fuertes,0,0,0,0,10,25-34,F,Tecnica,2321,synthetic_user_2321@example.com,synthetic-uid-2321,1,0,0,0,0,0,0,0,0.39535424
synthetic,76,launched,email,,8,Control neutro,Información general,Plantilla sin señales fuertes,0,0,0,0,39,55+,M,Universitaria,2271,synthetic_user_2271@example.com,synthetic-uid-2271,1,0,0,0,0,0,0,0,0.013828652
synthetic,56,launched,email,,6,Autoridad + Personalización,Notificación importante para usted,Plantilla combinada,0,1,0,1,29,45-54,M,Secundaria,1668,synthetic_user_1668@example.com,synthetic-uid-1668,1,0,0,0,0,0,0,0,0.4309743
synthetic,23,launched,email,,3,Recompensa,Beneficio disponible,Plantilla con señal de recompensa,0,0,1,0,19,35-44,F,Universitaria,664,synthetic_user_664@example.com,synthetic-uid-664,1,0,0,0,0,0,0,0,0.30604535
synthetic,32,launched,email,,4,Personalización,Actualización para usted,Plantilla con personalización,0,0,0,1,37,55+,M,Secundaria,959,synthetic_user_959@example.com,synthetic-uid-959,1,1,0,0,1,0,0,0,0.062653676
synthetic,10,launched,email,,1,Urgencia,Acción requerida,Plantilla con señal de urgencia,1,0,0,0,21,35-44,M,Secundaria,278,synthetic_user_278@example.com,synthetic-uid-278,1,0,0,0,0,0,0,0,0.36110762
synthetic,40,launched,email,,4,Personalización,Actualización para usted,Plantilla con personalización,0,0,0,1,12,25-34,F,Posgrado,1179,synthetic_user_1179@example.com,synthetic-uid-1179,1,0,0,0,0,0,0,1,0.56850386
synthetic,62,launched,email,,7,Recompensa + Personalización,Beneficio exclusivo para usted,Plantilla combinada,0,0,1,1,16,25-34,M,Posgrado,1849,synthetic_user_1849@example.com,synthetic-uid-1849,1,0,0,0,0,0,0,0,0.46019113
synthetic,72,launched,email,,8,Control neutro,Información general,Plantilla sin señales fuertes,0,0,0,0,39,55+,M,Universitaria,2133,synthetic_user_2133@example.com,synthetic-uid-2133,1,1,0,0,1,0,0,0,0.013828652
synthetic,71,launched,email,,8,Control neutro,Información general,Plantilla sin señales fuertes,0,0,0,0,22,35-44,M,Tecnica,2120,synthetic_user_2120@example.com,synthetic-uid-2120,1,0,0,0,0,0,0,0,0.3988958
synthetic,35,launched,email,,4,Personalización,Actualización para usted,Plantilla con personalización,0,0,0,1,19,35-44,F,Universitaria,1023,synthetic_user_1023@example.com,synthetic-uid-1023,1,0,0,0,0,0,0,1,0.7381554
synthetic,55,launched,email,,6,Autoridad + Personalización,Notificación importante para usted,Plantilla combinada,0,1,0,1,34,55+,F,Tecnica,1638,synthetic_user_1638@example.com,synthetic-uid-1638,1,0,0,0,0,0,0,0,0.020981394
synthetic,69,launched,email,,7,Recompensa + Personalización,Beneficio exclusivo para usted,Plantilla combinada,0,0,1,1,25,45-54,F,Secundaria,2041,synthetic_user_2041@example.com,synthetic-uid-2041,1,0,0,0,0,0,0,1,0.6797176
synthetic,79,launched,email,,8,Control neutro,Información general,Plantilla sin señales fuertes,0,0,0,0,21,35-44,M,Secundaria,2354,synthetic_user_2354@example.com,synthetic-uid-2354,1,1,0,0,1,0,0,0,0.46539846
synthetic,30,launched,email,,3,Recompensa,Beneficio disponible,Plantilla con señal de recompensa,0,0,1,0,2,18-24,F,Tecnica,893,synthetic_user_893@example.com,synthetic-uid-893,1,0,0,0,0,0,0,1,0.7564446
synthetic,77,launched,email,,8,Control neutro,Información general,Plantilla sin señales fuertes,0,0,0,0,16,25-34,M,Posgrado,2291,synthetic_user_2291@example.com,synthetic-uid-2291,1,0,0,0,0,0,0,0,0.11792853
synthetic,53,launched,email,,6,Autoridad + Personalización,Notificación importante para usted,Plantilla combinada,0,1,0,1,27,45-54,F,Universitaria,1589,synthetic_user_1589@example.com,synthetic-uid-1589,1,1,0,0,1,0,0,0,0.48943886
synthetic,42,launched,email,,5,Urgencia + Autoridad,Aviso urgente institucional,Plantilla combinada,1,1,0,0,14,25-34,M,Tecnica,1233,synthetic_user_1233@example.com,synthetic-uid-1233,1,1,0,0,1,0,0,1,0.6156395
synthetic,60,launched,email,,6,Autoridad + Personalización,Notificación importante para usted,Plantilla combinada,0,1,0,1,29,45-54,M,Secundaria,1795,synthetic_user_1795@example.com,synthetic-uid-1795,1,0,0,0,0,0,0,0,0.4309743
synthetic,3,launched,email,,1,Urgencia,Acción requerida,Plantilla con señal de urgencia,1,0,0,0,35,55+,F,Universitaria,65,synthetic_user_65@example.com,synthetic-uid-65,1,0,0,0,0,0,0,0,0.40946198
synthetic,3,launched,email,,1,Urgencia,Acción requerida,Plantilla con señal de urgencia,1,0,0,0,35,55+,F,Universitaria,68,synthetic_user_68@example.com,synthetic-uid-68,1,0,0,0,0,0,0,0,0.40946198
synthetic,17,launched,email,,2,Autoridad,Comunicado institucional,Plantilla con señal de autoridad,0,1,0,0,38,55+,M,Tecnica,494,synthetic_user_494@example.com,synthetic-uid-494,1,0,0,0,0,0,0,0,0.49669933
synthetic,15,launched,email,,2,Autoridad,Comunicado institucional,Plantilla con señal de autoridad,0,1,0,0,5,18-24,M,Secundaria,447,synthetic_user_447@example.com,synthetic-uid-447,1,1,0,0,1,0,0,1,0.59710675
synthetic,24,launched,email,,3,Recompensa,Beneficio disponible,Plantilla con señal de recompensa,0,0,1,0,1,18-24,F,Secundaria,691,synthetic_user_691@example.com,synthetic-uid-691,1,0,0,0,0,0,0,0,0.405088
synthetic,74,launched,email,,8,Control neutro,Información general,Plantilla sin señales fuertes,0,0,0,0,1,18-24,F,Secundaria,2192,synthetic_user_2192@example.com,synthetic-uid-2192,1,0,0,0,0,0,0,0,0.4184974
synthetic,26,launched,email,,3,Recompensa,Beneficio disponible,Plantilla con señal de recompensa,0,0,1,0,7,18-24,M,Universitaria,762,synthetic_user_762@example.com,synthetic-uid-762,1,0,0,0,0,0,0,0,0.017026424
synthetic,30,launched,email,,3,Recompensa,Beneficio disponible,Plantilla con señal de recompensa,0,0,1,0,2,18-24,F,Tecnica,884,synthetic_user_884@example.com,synthetic-uid-884,1,1,1,0,1,1,0,1,0.7564446
synthetic,11,launched,email,,2,Autoridad,Comunicado institucional,Plantilla con señal de autoridad,0,1,0,0,14,25-34,M,Tecnica,323,synthetic_user_323@example.com,synthetic-uid-323,1,0,0,0,0,0,0,0,0.112143084
synthetic,53,launched,email,,6,Autoridad + Personalización,Notificación importante para usted,Plantilla combinada,0,1,0,1,27,45-54,F,Universitaria,1587,synthetic_user_1587@example.com,synthetic-uid-1587,1,1,1,0,1,1,0,0,0.48943886
synthetic,54,launched,email,,6,Autoridad + Personalización,Notificación importante para usted,Plantilla combinada,0,1,0,1,31,45-54,M,Universitaria,1604,synthetic_user_1604@example.com,synthetic-uid-1604,1,0,0,0,0,0,0,0,0.058025517
synthetic,54,launched,email,,6,Autoridad + Personalización,Notificación importante para usted,Plantilla combinada,0,1,0,1,31,45-54,M,Universitaria,1599,synthetic_user_1599@example.com,synthetic-uid-1599,1,0,0,0,0,0,0,0,0.058025517
synthetic,15,launched,email,,2,Autoridad,Comunicado institucional,Plantilla con señal de autoridad,0,1,0,0,5,18-24,M,Secundaria,444,synthetic_user_444@example.com,synthetic-uid-444,1,0,0,0,0,0,0,1,0.59710675
synthetic,78,launched,email,,8,Control neutro,Información general,Plantilla sin señales fuertes,0,0,0,0,10,25-34,F,Tecnica,2339,synthetic_user_2339@example.com,synthetic-uid-2339,1,0,0,0,0,0,0,0,0.39535424
synthetic,24,launched,email,,3,Recompensa,Beneficio disponible,Plantilla con señal de recompensa,0,0,1,0,1,18-24,F,Secundaria,709,synthetic_user_709@example.com,synthetic-uid-709,1,0,0,0,0,0,0,0,0.405088
synthetic,69,launched,email,,7,Recompensa + Personalización,Beneficio exclusivo para usted,Plantilla combinada,0,0,1,1,25,45-54,F,Secundaria,2050,synthetic_user_2050@example.com,synthetic-uid-2050,1,0,0,0,0,0,0,1,0.6797176
synthetic,43,launched,email,,5,Urgencia + Autoridad,Aviso urgente institucional,Plantilla combinada,1,1,0,0,7,18-24,M,Universitaria,1271,synthetic_user_1271@example.com,synthetic-uid-1271,1,0,0,0,0,0,0,0,0.047397476
synthetic,73,launched,email,,8,Control neutro,Información general,Plantilla sin señales fuertes,0,0,0,0,6,18-24,M,Tecnica,2188,synthetic_user_2188@example.com,synthetic-uid-2188,1,0,0,0,0,0,0,0,0.41496468
synthetic,53,launched,email,,6,Autoridad + Personalización,Notificación importante para usted,Plantilla combinada,0,1,0,1,27,45-54,F,Universitaria,1568,synthetic_user_1568@example.com,synthetic-uid-1568,1,1,0,0,1,0,0,0,0.48943886
synthetic,17,launched,email,,2,Autoridad,Comunicado institucional,Plantilla con señal de autoridad,0,1,0,0,38,55+,M,Tecnica,481,synthetic_user_481@example.com,synthetic-uid-481,1,0,0,0,0,0,0,0,0.49669933
synthetic,58,launched,email,,6,Autoridad + Personalización,Notificación importante para usted,Plantilla combinada,0,1,0,1,5,18-24,M,Secundaria,1712,synthetic_user_1712@example.com,synthetic-uid-1712,1,0,0,0,0,0,0,1,0.5413378
synthetic,76,launched,email,,8,Control neutro,Información general,Plantilla sin señales fuertes,0,0,0,0,39,55+,M,Universitaria,2275,synthetic_user_2275@example.com,synthetic-uid-2275,1,0,0,0,0,0,0,0,0.013828652
synthetic,79,launched,email,,8,Control neutro,Información general,Plantilla sin señales fuertes,0,0,0,0,21,35-44,M,Secundaria,2350,synthetic_user_2350@example.com,synthetic-uid-2350,1,1,0,0,1,0,0,0,0.46539846
synthetic,54,launched,email,,6,Autoridad + Personalización,Notificación importante para usted,Plantilla combinada,0,1,0,1,31,45-54,M,Universitaria,1598,synthetic_user_1598@example.com,synthetic-uid-1598,1,0,0,0,0,0,0,0,0.058025517
synthetic,60,launched,email,,6,Autoridad + Personalización,Notificación importante para usted,Plantilla combinada,0,1,0,1,29,45-54,M,Secundaria,1773,synthetic_user_1773@example.com,synthetic-uid-1773,1,0,0,0,0,0,0,0,0.4309743
synthetic,64,launched,email,,7,Recompensa + Personalización,Beneficio exclusivo para usted,Plantilla combinada,0,0,1,1,30,45-54,M,Tecnica,1908,synthetic_user_1908@example.com,synthetic-uid-1908,1,1,1,0,1,1,0,0,0.46546313
synthetic,23,launched,email,,3,Recompensa,Beneficio disponible,Plantilla con señal de recompensa,0,0,1,0,19,35-44,F,Universitaria,682,synthetic_user_682@example.com,synthetic-uid-682,1,0,0,0,0,0,0,0,0.30604535
synthetic,48,launched,email,,5,Urgencia + Autoridad,Aviso urgente institucional,Plantilla combinada,1,1,0,0,1,18-24,F,Secundaria,1437,synthetic_user_1437@example.com,synthetic-uid-1437,1,1,0,0,1,0,0,0,0.37171927
synthetic,61,launched,email,,7,Recompensa + Personalización,Beneficio exclusivo para usted,Plantilla combinada,0,0,1,1,36,55+,F,Posgrado,1817,synthetic_user_1817@example.com,synthetic-uid-1817,1,1,0,0,1,0,0,0,0.03361355
synthetic,24,launched,email,,3,Recompensa,Beneficio disponible,Plantilla con señal de recompensa,0,0,1,0,1,18-24,F,Secundaria,697,synthetic_user_697@example.com,synthetic-uid-697,1,1,0,0,1,0,0,0,0.405088
synthetic,38,launched,email,,4,Personalización,Actualización para usted,Plantilla con personalización,0,0,0,1,12,25-34,F,Posgrado,1118,synthetic_user_1118@example.com,synthetic-uid-1118,1,0,0,0,0,0,0,1,0.56850386
synthetic,29,launched,email,,3,Recompensa,Beneficio disponible,Plantilla con señal de recompensa,0,0,1,0,22,35-44,M,Tecnica,846,synthetic_user_846@example.com,synthetic-uid-846,1,0,0,0,0,0,0,0,0.40897503
synthetic,76,launched,email,,8,Control neutro,Información general,Plantilla sin señales fuertes,0,0,0,0,39,55+,M,Universitaria,2277,synthetic_user_2277@example.com,synthetic-uid-2277,1,0,0,0,0,0,0,0,0.013828652
synthetic,31,launched,email,,4,Personalización,Actualización para usted,Plantilla con personalización,0,0,0,1,3,18-24,F,Universitaria,926,synthetic_user_926@example.com,synthetic-uid-926,1,1,0,0,1,0,0,1,0.61282253
synthetic,3,launched,email,,1,Urgencia,Acción requerida,Plantilla con señal de urgencia,1,0,0,0,35,55+,F,Universitaria,62,synthetic_user_62@example.com,synthetic-uid-62,1,0,0,0,0,0,0,0,0.40946198
synthetic,54,launched,email,,6,Autoridad + Personalización,Notificación importante para usted,Plantilla combinada,0,1,0,1,31,45-54,M,Universitaria,1605,synthetic_user_1605@example.com,synthetic-uid-1605,1,1,0,0,1,0,0,0,0.058025517
synthetic,51,launched,email,,6,Autoridad + Personalización,Notificación importante para usted,Plantilla combinada,0,1,0,1,15,25-34,M,Universitaria,1511,synthetic_user_1511@example.com,synthetic-uid-1511,1,0,0,0,0,0,0,0,0.007973573
synthetic,61,launched,email,,7,Recompensa + Personalización,Beneficio exclusivo para usted,Plantilla combinada,0,0,1,1,36,55+,F,Posgrado,1810,synthetic_user_1810@example.com,synthetic-uid-1810,1,0,0,0,0,0,0,0,0.03361355
synthetic,27,launched,email,,3,Recompensa,Beneficio disponible,Plantilla con señal de recompensa,0,0,1,0,14,25-34,M,Tecnica,793,synthetic_user_793@example.com,synthetic-uid-793,1,1,1,0,1,1,0,1,0.7282198
synthetic,18,launched,email,,2,Autoridad,Comunicado institucional,Plantilla con señal de autoridad,0,1,0,0,29,45-54,M,Secundaria,523,synthetic_user_523@example.com,synthetic-uid-523,1,1,0,0,1,0,0,1,0.6022294
synthetic,63,launched,email,,7,Recompensa + Personalización,Beneficio exclusivo para usted,Plantilla combinada,0,0,1,1,37,55+,M,Secundaria,1871,synthetic_user_1871@example.com,synthetic-uid-1871,1,0,0,0,0,0,0,0,0.25561902
synthetic,31,launched,email,,4,Personalización,Actualización para usted,Plantilla con personalización,0,0,0,1,3,18-24,F,Universitaria,902,synthetic_user_902@example.com,synthetic-uid-902,1,0,0,0,0,0,0,1,0.61282253
synthetic,5,launched,email,,1,Urgencia,Acción requerida,Plantilla con señal de urgencia,1,0,0,0,38,55+,M,Tecnica,136,synthetic_user_136@example.com,synthetic-uid-136,1,0,0,0,0,0,0,0,0.4622815
synthetic,53,launched,email,,6,Autoridad + Personalización,Notificación importante para usted,Plantilla combinada,0,1,0,1,27,45-54,F,Universitaria,1584,synthetic_user_1584@example.com,synthetic-uid-1584,1,1,0,0,1,0,0,0,0.48943886
synthetic,5,launched,email,,1,Urgencia,Acción requerida,Plantilla con señal de urgencia,1,0,0,0,38,55+,M,Tecnica,149,synthetic_user_149@example.com,synthetic-uid-149,1,0,0,0,0,0,0,0,0.4622815
synthetic,79,launched,email,,8,Control neutro,Información general,Plantilla sin señales fuertes,0,0,0,0,21,35-44,M,Secundaria,2349,synthetic_user_2349@example.com,synthetic-uid-2349,1,0,0,0,0,0,0,0,0.46539846
synthetic,40,launched,email,,4,Personalización,Actualización para usted,Plantilla con personalización,0,0,0,1,12,25-34,F,Posgrado,1192,synthetic_user_1192@example.com,synthetic-uid-1192,1,0,0,0,0,0,0,1,0.56850386
synthetic,1,launched,email,,1,Urgencia,Acción requerida,Plantilla con señal de urgencia,1,0,0,0,8,18-24,M,Posgrado,17,synthetic_user_17@example.com,synthetic-uid-17,1,1,1,0,1,1,0,0,0.4772992
synthetic,68,launched,email,,7,Recompensa + Personalización,Beneficio exclusivo para usted,Plantilla combinada,0,0,1,1,27,45-54,F,Universitaria,2013,synthetic_user_2013@example.com,synthetic-uid-2013,1,0,0,0,0,0,0,0,0.41510788
synthetic,42,launched,email,,5,Urgencia + Autoridad,Aviso urgente institucional,Plantilla combinada,1,1,0,0,14,25-34,M,Tecnica,1249,synthetic_user_1249@example.com,synthetic-uid-1249,1,0,0,0,0,0,0,1,0.6156395
synthetic,43,launched,email,,5,Urgencia + Autoridad,Aviso urgente institucional,Plantilla combinada,1,1,0,0,7,18-24,M,Universitaria,1264,synthetic_user_1264@example.com,synthetic-uid-1264,1,0,0,0,0,0,0,0,0.047397476
synthetic,40,launched,email,,4,Personalización,Actualización para usted,Plantilla con personalización,0,0,0,1,12,25-34,F,Posgrado,1195,synthetic_user_1195@example.com,synthetic-uid-1195,1,0,0,0,0,0,0,1,0.56850386
synthetic,71,launched,email,,8,Control neutro,Información general,Plantilla sin señales fuertes,0,0,0,0,22,35-44,M,Tecnica,2103,synthetic_user_2103@example.com,synthetic-uid-2103,1,0,0,0,0,0,0,0,0.3988958
synthetic,15,launched,email,,2,Autoridad,Comunicado institucional,Plantilla con señal de autoridad,0,1,0,0,5,18-24,M,Secundaria,435,synthetic_user_435@example.com,synthetic-uid-435,1,0,0,0,0,0,0,1,0.59710675
synthetic,40,launched,email,,4,Personalización,Actualización para usted,Plantilla con personalización,0,0,0,1,12,25-34,F,Posgrado,1191,synthetic_user_1191@example.com,synthetic-uid-1191,1,0,0,0,0,0,0,1,0.56850386
synthetic,61,launched,email,,7,Recompensa + Personalización,Beneficio exclusivo para usted,Plantilla combinada,0,0,1,1,36,55+,F,Posgrado,1814,synthetic_user_1814@example.com,synthetic-uid-1814,1,1,0,0,1,0,0,0,0.03361355
synthetic,6,launched,email,,1,Urgencia,Acción requerida,Plantilla con señal de urgencia,1,0,0,0,4,18-24,F,Posgrado,158,synthetic_user_158@example.com,synthetic-uid-158,1,0,0,0,0,0,0,0,0.47263002
synthetic,38,launched,email,,4,Personalización,Actualización para usted,Plantilla con personalización,0,0,0,1,12,25-34,F,Posgrado,1131,synthetic_user_1131@example.com,synthetic-uid-1131,1,1,0,0,1,0,0,1,0.56850386
synthetic,14,launched,email,,2,Autoridad,Comunicado institucional,Plantilla con señal de autoridad,0,1,0,0,30,45-54,M,Tecnica,394,synthetic_user_394@example.com,synthetic-uid-394,1,0,0,0,0,0,0,1,0.73470706
synthetic,28,launched,email,,3,Recompensa,Beneficio disponible,Plantilla con señal de recompensa,0,0,1,0,29,45-54,M,Secundaria,830,synthetic_user_830@example.com,synthetic-uid-830,1,1,0,0,1,0,0,1,0.57612395
synthetic,3,launched,email,,1,Urgencia,Acción requerida,Plantilla con señal de urgencia,1,0,0,0,35,55+,F,Universitaria,87,synthetic_user_87@example.com,synthetic-uid-87,1,0,0,0,0,0,0,0,0.40946198
synthetic,59,launched,email,,6,Autoridad + Personalización,Notificación importante para usted,Plantilla combinada,0,1,0,1,38,55+,M,Tecnica,1757,synthetic_user_1757@example.com,synthetic-uid-1757,1,1,0,0,1,0,0,0,0.37490222
synthetic,25,launched,email,,3,Recompensa,Beneficio disponible,Plantilla con señal de recompensa,0,0,1,0,19,35-44,F,Universitaria,721,synthetic_user_721@example.com,synthetic-uid-721,1,0,0,0,0,0,0,0,0.30604535
synthetic,77,launched,email,,8,Control neutro,Información general,Plantilla sin señales fuertes,0,0,0,0,16,25-34,M,Posgrado,2289,synthetic_user_2289@example.com,synthetic-uid-2289,1,1,0,0,1,0,0,0,0.11792853
synthetic,13,launched,email,,2,Autoridad,Comunicado institucional,Plantilla con señal de autoridad,0,1,0,0,38,55+,M,Tecnica,378,synthetic_user_378@example.com,synthetic-uid-378,1,0,0,0,0,0,0,0,0.49669933
synthetic,10,launched,email,,1,Urgencia,Acción requerida,Plantilla con señal de urgencia,1,0,0,0,21,35-44,M,Secundaria,286,synthetic_user_286@example.com,synthetic-uid-286,1,1,0,0,1,0,0,0,0.36110762
synthetic,33,launched,email,,4,Personalización,Actualización para usted,Plantilla con personalización,0,0,0,1,29,45-54,M,Secundaria,978,synthetic_user_978@example.com,synthetic-uid-978,1,1,0,0,1,0,0,0,0.4735538
synthetic,73,launched,email,,8,Control neutro,Información general,Plantilla sin señales fuertes,0,0,0,0,6,18-24,M,Tecnica,2165,synthetic_user_2165@example.com,synthetic-uid-2165,1,1,0,0,1,0,0,0,0.41496468
synthetic,2,launched,email,,1,Urgencia,Acción requerida,Plantilla con señal de urgencia,1,0,0,0,3,18-24,F,Universitaria,32,synthetic_user_32@example.com,synthetic-uid-32,1,0,0,0,0,0,0,0,0.11401329
synthetic,75,launched,email,,8,Control neutro,Información general,Plantilla sin señales fuertes,0,0,0,0,11,25-34,F,Universitaria,2230,synthetic_user_2230@example.com,synthetic-uid-2230,1,0,0,0,0,0,0,1,0.7932965
synthetic,54,launched,email,,6,Autoridad + Personalización,Notificación importante para usted,Plantilla combinada,0,1,0,1,31,45-54,M,Universitaria,1610,synthetic_user_1610@example.com,synthetic-uid-1610,1,0,0,0,0,0,0,0,0.058025517
synthetic,23,launched,email,,3,Recompensa,Beneficio disponible,Plantilla con señal de recompensa,0,0,1,0,19,35-44,F,Universitaria,663,synthetic_user_663@example.com,synthetic-uid-663,1,1,0,0,1,0,0,0,0.30604535
synthetic,7,launched,email,,1,Urgencia,Acción requerida,Plantilla con señal de urgencia,1,0,0,0,38,55+,M,Tecnica,205,synthetic_user_205@example.com,synthetic-uid-205,1,0,0,0,0,0,0,0,0.4622815
synthetic,22,launched,email,,3,Recompensa,Beneficio disponible,Plantilla con señal de recompensa,0,0,1,0,7,18-24,M,Universitaria,639,synthetic_user_639@example.com,synthetic-uid-639,1,0,0,0,0,0,0,0,0.017026424
synthetic,54,launched,email,,6,Autoridad + Personalización,Notificación importante para usted,Plantilla combinada,0,1,0,1,31,45-54,M,Universitaria,1601,synthetic_user_1601@example.com,synthetic-uid-1601,1,0,0,0,0,0,0,0,0.058025517
synthetic,71,launched,email,,8,Control neutro,Información general,Plantilla sin señales fuertes,0,0,0,0,22,35-44,M,Tecnica,2124,synthetic_user_2124@example.com,synthetic-uid-2124,1,0,0,0,0,0,0,0,0.3988958
synthetic,80,launched,email,,8,Control neutro,Información general,Plantilla sin señales fuertes,0,0,0,0,6,18-24,M,Tecnica,2376,synthetic_user_2376@example.com,synthetic-uid-2376,1,0,0,0,0,0,0,0,0.41496468
synthetic,13,launched,email,,2,Autoridad,Comunicado institucional,Plantilla con señal de autoridad,0,1,0,0,38,55+,M,Tecnica,365,synthetic_user_365@example.com,synthetic-uid-365,1,0,0,0,0,0,0,0,0.49669933
synthetic,17,launched,email,,2,Autoridad,Comunicado institucional,Plantilla con señal de autoridad,0,1,0,0,38,55+,M,Tecnica,496,synthetic_user_496@example.com,synthetic-uid-496,1,1,1,0,1,1,0,0,0.49669933
synthetic,44,launched,email,,5,Urgencia + Autoridad,Aviso urgente institucional,Plantilla combinada,1,1,0,0,20,35-44,F,Posgrado,1307,synthetic_user_1307@example.com,synthetic-uid-1307,1,0,0,0,0,0,0,0,0.36463103
synthetic,80,launched,email,,8,Control neutro,Información general,Plantilla sin señales fuertes,0,0,0,0,6,18-24,M,Tecnica,2399,synthetic_user_2399@example.com,synthetic-uid-2399,1,0,0,0,0,0,0,0,0.41496468
synthetic,45,launched,email,,5,Urgencia + Autoridad,Aviso urgente institucional,Plantilla combinada,1,1,0,0,31,45-54,M,Universitaria,1329,synthetic_user_1329@example.com,synthetic-uid-1329,1,0,0,0,0,0,0,1,0.5635481
synthetic,39,launched,email,,4,Personalización,Actualización para usted,Plantilla con personalización,0,0,0,1,25,45-54,F,Secundaria,1159,synthetic_user_1159@example.com,synthetic-uid-1159,1,1,1,0,1,1,0,1,0.6063206
synthetic,73,launched,email,,8,Control neutro,Información general,Plantilla sin señales fuertes,0,0,0,0,6,18-24,M,Tecnica,2181,synthetic_user_2181@example.com,synthetic-uid-2181,1,0,0,0,0,0,0,0,0.41496468
synthetic,33,launched,email,,4,Personalización,Actualización para usted,Plantilla con personalización,0,0,0,1,29,45-54,M,Secundaria,980,synthetic_user_980@example.com,synthetic-uid-980,1,1,0,0,1,0,0,0,0.4735538
synthetic,6,launched,email,,1,Urgencia,Acción requerida,Plantilla con señal de urgencia,1,0,0,0,4,18-24,F,Posgrado,169,synthetic_user_169@example.com,synthetic-uid-169,1,1,0,0,1,0,0,0,0.47263002
synthetic,24,launched,email,,3,Recompensa,Beneficio disponible,Plantilla con señal de recompensa,0,0,1,0,1,18-24,F,Secundaria,703,synthetic_user_703@example.com,synthetic-uid-703,1,0,0,0,0,0,0,0,0.405088
synthetic,4,launched,email,,1,Urgencia,Acción requerida,Plantilla con señal de urgencia,1,0,0,0,35,55+,F,Universitaria,120,synthetic_user_120@example.com,synthetic-uid-120,1,1,0,0,1,0,0,0,0.40946198
synthetic,44,launched,email,,5,Urgencia + Autoridad,Aviso urgente institucional,Plantilla combinada,1,1,0,0,20,35-44,F,Posgrado,1291,synthetic_user_1291@example.com,synthetic-uid-1291,1,0,0,0,0,0,0,0,0.36463103
synthetic,3,launched,email,,1,Urgencia,Acción requerida,Plantilla con señal de urgencia,1,0,0,0,35,55+,F,Universitaria,81,synthetic_user_81@example.com,synthetic-uid-81,1,0,0,0,0,0,0,0,0.40946198
synthetic,65,launched,email,,7,Recompensa + Personalización,Beneficio exclusivo para usted,Plantilla combinada,0,0,1,1,9,25-34,F,Secundaria,1938,synthetic_user_1938@example.com,synthetic-uid-1938,1,1,0,0,1,0,0,0,0.4819264
synthetic,9,launched,email,,1,Urgencia,Acción requerida,Plantilla con señal de urgencia,1,0,0,0,16,25-34,M,Posgrado,245,synthetic_user_245@example.com,synthetic-uid-245,1,1,0,0,1,0,0,1,0.5661355
synthetic,49,launched,email,,5,Urgencia + Autoridad,Aviso urgente institucional,Plantilla combinada,1,1,0,0,11,25-34,F,Universitaria,1465,synthetic_user_1465@example.com,synthetic-uid-1465,1,0,0,0,0,0,0,0,0.3789603
synthetic,39,launched,email,,4,Personalización,Actualización para usted,Plantilla con personalización,0,0,0,1,25,45-54,F,Secundaria,1156,synthetic_user_1156@example.com,synthetic-uid-1156,1,0,0,0,0,0,0,1,0.6063206
synthetic,58,launched,email,,6,Autoridad + Personalización,Notificación importante para usted,Plantilla combinada,0,1,0,1,5,18-24,M,Secundaria,1724,synthetic_user_1724@example.com,synthetic-uid-1724,1,0,0,0,0,0,0,1,0.5413378
synthetic,69,launched,email,,7,Recompensa + Personalización,Beneficio exclusivo para usted,Plantilla combinada,0,0,1,1,25,45-54,F,Secundaria,2069,synthetic_user_2069@example.com,synthetic-uid-2069,1,0,0,0,0,0,0,1,0.6797176
synthetic,75,launched,email,,8,Control neutro,Información general,Plantilla sin señales fuertes,0,0,0,0,11,25-34,F,Universitaria,2227,synthetic_user_2227@example.com,synthetic-uid-2227,1,1,1,0,1,1,0,1,0.7932965
synthetic,68,launched,email,,7,Recompensa + Personalización,Beneficio exclusivo para usted,Plantilla combinada,0,0,1,1,27,45-54,F,Universitaria,2030,synthetic_user_2030@example.com,synthetic-uid-2030,1,0,0,0,0,0,0,0,0.41510788
synthetic,74,launched,email,,8,Control neutro,Información general,Plantilla sin señales fuertes,0,0,0,0,1,18-24,F,Secundaria,2208,synthetic_user_2208@example.com,synthetic-uid-2208,1,1,0,0,1,0,0,0,0.4184974
synthetic,40,launched,email,,4,Personalización,Actualización para usted,Plantilla con personalización,0,0,0,1,12,25-34,F,Posgrado,1182,synthetic_user_1182@example.com,synthetic-uid-1182,1,0,0,0,0,0,0,1,0.56850386
synthetic,76,launched,email,,8,Control neutro,Información general,Plantilla sin señales fuertes,0,0,0,0,39,55+,M,Universitaria,2273,synthetic_user_2273@example.com,synthetic-uid-2273,1,0,0,0,0,0,0,0,0.013828652
synthetic,39,launched,email,,4,Personalización,Actualización para usted,Plantilla con personalización,0,0,0,1,25,45-54,F,Secundaria,1142,synthetic_user_1142@example.com,synthetic-uid-1142,1,1,1,0,1,1,0,1,0.6063206
synthetic,55,launched,email,,6,Autoridad + Personalización,Notificación importante para usted,Plantilla combinada,0,1,0,1,34,55+,F,Tecnica,1640,synthetic_user_1640@example.com,synthetic-uid-1640,1,0,0,0,0,0,0,0,0.020981394
synthetic,63,launched,email,,7,Recompensa + Personalización,Beneficio exclusivo para usted,Plantilla combinada,0,0,1,1,37,55+,M,Secundaria,1888,synthetic_user_1888@example.com,synthetic-uid-1888,1,0,0,0,0,0,0,0,0.25561902
synthetic,31,launched,email,,4,Personalización,Actualización para usted,Plantilla con personalización,0,0,0,1,3,18-24,F,Universitaria,912,synthetic_user_912@example.com,synthetic-uid-912,1,1,0,0,1,0,0,1,0.61282253
synthetic,23,launched,email,,3,Recompensa,Beneficio disponible,Plantilla con señal de recompensa,0,0,1,0,19,35-44,F,Universitaria,669,synthetic_user_669@example.com,synthetic-uid-669,1,0,0,0,0,0,0,0,0.30604535
synthetic,51,launched,email,,6,Autoridad + Personalización,Notificación importante para usted,Plantilla combinada,0,1,0,1,15,25-34,M,Universitaria,1502,synthetic_user_1502@example.com,synthetic-uid-1502,1,0,0,0,0,0,0,0,0.007973573
synthetic,32,launched,email,,4,Personalización,Actualización para usted,Plantilla con personalización,0,0,0,1,37,55+,M,Secundaria,957,synthetic_user_957@example.com,synthetic-uid-957,1,0,0,0,0,0,0,0,0.062653676
synthetic,66,launched,email,,7,Recompensa + Personalización,Beneficio exclusivo para usted,Plantilla combinada,0,0,1,1,37,55+,M,Secundaria,1970,synthetic_user_1970@example.com,synthetic-uid-1970,1,0,0,0,0,0,0,0,0.25561902
synthetic,21,launched,email,,3,Recompensa,Beneficio disponible,Plantilla con señal de recompensa,0,0,1,0,18,35-44,F,Tecnica,629,synthetic_user_629@example.com,synthetic-uid-629,1,1,0,0,1,0,0,0,0.37404457
synthetic,36,launched,email,,4,Personalización,Actualización para usted,Plantilla con personalización,0,0,0,1,9,25-34,F,Secundaria,1071,synthetic_user_1071@example.com,synthetic-uid-1071,1,1,0,0,1,0,0,0,0.44335085
synthetic,74,launched,email,,8,Control neutro,Información general,Plantilla sin señales fuertes,0,0,0,0,1,18-24,F,Secundaria,2214,synthetic_user_2214@example.com,synthetic-uid-2214,1,0,0,0,0,0,0,0,0.4184974
synthetic,19,launched,email,,2,Autoridad,Comunicado institucional,Plantilla con señal de autoridad,0,1,0,0,28,45-54,F,Posgrado,548,synthetic_user_548@example.com,synthetic-uid-548,1,0,0,0,0,0,0,0,0.41480678
synthetic,71,launched,email,,8,Control neutro,Información general,Plantilla sin señales fuertes,0,0,0,0,22,35-44,M,Tecnica,2116,synthetic_user_2116@example.com,synthetic-uid-2116,1,0,0,0,0,0,0,0,0.3988958
synthetic,42,launched,email,,5,Urgencia + Autoridad,Aviso urgente institucional,Plantilla combinada,1,1,0,0,14,25-34,M,Tecnica,1231,synthetic_user_1231@example.com,synthetic-uid-1231,1,1,1,0,1,1,0,1,0.6156395
synthetic,73,launched,email,,8,Control neutro,Información general,Plantilla sin señales fuertes,0,0,0,0,6,18-24,M,Tecnica,2182,synthetic_user_2182@example.com,synthetic-uid-2182,1,1,0,0,1,0,0,0,0.41496468
synthetic,66,launched,email,,7,Recompensa + Personalización,Beneficio exclusivo para usted,Plantilla combinada,0,0,1,1,37,55+,M,Secundaria,1968,synthetic_user_1968@example.com,synthetic-uid-1968,1,0,0,0,0,0,0,0,0.25561902
synthetic,22,launched,email,,3,Recompensa,Beneficio disponible,Plantilla con señal de recompensa,0,0,1,0,7,18-24,M,Universitaria,649,synthetic_user_649@example.com,synthetic-uid-649,1,1,1,0,1,1,0,0,0.017026424
synthetic,24,launched,email,,3,Recompensa,Beneficio disponible,Plantilla con señal de recompensa,0,0,1,0,1,18-24,F,Secundaria,696,synthetic_user_696@example.com,synthetic-uid-696,1,0,0,0,0,0,0,0,0.405088
synthetic,59,launched,email,,6,Autoridad + Personalización,Notificación importante para usted,Plantilla combinada,0,1,0,1,38,55+,M,Tecnica,1766,synthetic_user_1766@example.com,synthetic-uid-1766,1,0,0,0,0,0,0,0,0.37490222
synthetic,43,launched,email,,5,Urgencia + Autoridad,Aviso urgente institucional,Plantilla combinada,1,1,0,0,7,18-24,M,Universitaria,1261,synthetic_user_1261@example.com,synthetic-uid-1261,1,0,0,0,0,0,0,0,0.047397476
synthetic,17,launched,email,,2,Autoridad,Comunicado institucional,Plantilla con señal de autoridad,0,1,0,0,38,55+,M,Tecnica,484,synthetic_user_484@example.com,synthetic-uid-484,1,1,0,0,1,0,0,0,0.49669933
synthetic,19,launched,email,,2,Autoridad,Comunicado institucional,Plantilla con señal de autoridad,0,1,0,0,28,45-54,F,Posgrado,565,synthetic_user_565@example.com,synthetic-uid-565,1,0,0,0,0,0,0,0,0.41480678
synthetic,73,launched,email,,8,Control neutro,Información general,Plantilla sin señales fuertes,0,0,0,0,6,18-24,M,Tecnica,2172,synthetic_user_2172@example.com,synthetic-uid-2172,1,0,0,0,0,0,0,0,0.41496468
synthetic,76,launched,email,,8,Control neutro,Información general,Plantilla sin señales fuertes,0,0,0,0,39,55+,M,Universitaria,2266,synthetic_user_2266@example.com,synthetic-uid-2266,1,0,0,0,0,0,0,0,0.013828652
synthetic,5,launched,email,,1,Urgencia,Acción requerida,Plantilla con señal de urgencia,1,0,0,0,38,55+,M,Tecnica,137,synthetic_user_137@example.com,synthetic-uid-137,1,0,0,0,0,0,0,0,0.4622815
synthetic,66,launched,email,,7,Recompensa + Personalización,Beneficio exclusivo para usted,Plantilla combinada,0,0,1,1,37,55+,M,Secundaria,1971,synthetic_user_1971@example.com,synthetic-uid-1971,1,0,0,0,0,0,0,0,0.25561902
synthetic,17,launched,email,,2,Autoridad,Comunicado institucional,Plantilla con señal de autoridad,0,1,0,0,38,55+,M,Tecnica,487,synthetic_user_487@example.com,synthetic-uid-487,1,1,0,0,1,0,0,0,0.49669933
synthetic,52,launched,email,,6,Autoridad + Personalización,Notificación importante para usted,Plantilla combinada,0,1,0,1,29,45-54,M,Secundaria,1550,synthetic_user_1550@example.com,synthetic-uid-1550,1,0,0,0,0,0,0,0,0.4309743
synthetic,8,launched,email,,1,Urgencia,Acción requerida,Plantilla con señal de urgencia,1,0,0,0,7,18-24,M,Universitaria,234,synthetic_user_234@example.com,synthetic-uid-234,1,1,0,0,1,0,0,0,0.3262631
synthetic,75,launched,email,,8,Control neutro,Información general,Plantilla sin señales fuertes,0,0,0,0,11,25-34,F,Universitaria,2236,synthetic_user_2236@example.com,synthetic-uid-2236,1,0,0,0,0,0,0,1,0.7932965
synthetic,37,launched,email,,4,Personalización,Actualización para usted,Plantilla con personalización,0,0,0,1,16,25-34,M,Posgrado,1084,synthetic_user_1084@example.com,synthetic-uid-1084,1,0,0,0,0,0,0,1,0.7419761
synthetic,68,launched,email,,7,Recompensa + Personalización,Beneficio exclusivo para usted,Plantilla combinada,0,0,1,1,27,45-54,F,Universitaria,2020,synthetic_user_2020@example.com,synthetic-uid-2020,1,0,0,0,0,0,0,0,0.41510788
synthetic,76,launched,email,,8,Control neutro,Información general,Plantilla sin señales fuertes,0,0,0,0,39,55+,M,Universitaria,2279,synthetic_user_2279@example.com,synthetic-uid-2279,1,0,0,0,0,0,0,0,0.013828652
synthetic,1,launched,email,,1,Urgencia,Acción requerida,Plantilla con señal de urgencia,1,0,0,0,8,18-24,M,Posgrado,28,synthetic_user_28@example.com,synthetic-uid-28,1,0,0,0,0,0,0,0,0.4772992
synthetic,51,launched,email,,6,Autoridad + Personalización,Notificación importante para usted,Plantilla combinada,0,1,0,1,15,25-34,M,Universitaria,1518,synthetic_user_1518@example.com,synthetic-uid-1518,1,1,0,0,1,0,0,0,0.007973573
synthetic,61,launched,email,,7,Recompensa + Personalización,Beneficio exclusivo para usted,Plantilla combinada,0,0,1,1,36,55+,F,Posgrado,1802,synthetic_user_1802@example.com,synthetic-uid-1802,1,1,0,0,1,0,0,0,0.03361355
synthetic,78,launched,email,,8,Control neutro,Información general,Plantilla sin señales fuertes,0,0,0,0,10,25-34,F,Tecnica,2335,synthetic_user_2335@example.com,synthetic-uid-2335,1,0,0,0,0,0,0,0,0.39535424
synthetic,30,launched,email,,3,Recompensa,Beneficio disponible,Plantilla con señal de recompensa,0,0,1,0,2,18-24,F,Tecnica,871,synthetic_user_871@example.com,synthetic-uid-871,1,1,0,0,1,0,0,1,0.7564446
synthetic,58,launched,email,,6,Autoridad + Personalización,Notificación importante para usted,Plantilla combinada,0,1,0,1,5,18-24,M,Secundaria,1714,synthetic_user_1714@example.com,synthetic-uid-1714,1,0,0,0,0,0,0,1,0.5413378
synthetic,11,launched,email,,2,Autoridad,Comunicado institucional,Plantilla con señal de autoridad,0,1,0,0,14,25-34,M,Tecnica,305,synthetic_user_305@example.com,synthetic-uid-305,1,0,0,0,0,0,0,0,0.112143084
synthetic,70,launched,email,,7,Recompensa + Personalización,Beneficio exclusivo para usted,Plantilla combinada,0,0,1,1,14,25-34,M,Tecnica,2099,synthetic_user_2099@example.com,synthetic-uid-2099,1,0,0,0,0,0,0,1,0.6167321
synthetic,12,launched,email,,2,Autoridad,Comunicado institucional,Plantilla con señal de autoridad,0,1,0,0,8,18-24,M,Posgrado,333,synthetic_user_333@example.com,synthetic-uid-333,1,0,0,0,0,0,0,0,0.30526403
observed,8,draft,email,,4,Template educativo formal,Notificación de seguridad para {{ name }},Plantilla base para simulación académica con seguimiento de apertura y clic.,0,1,0,1,1,18-24,unknown,Universitaria,1,test1@example.com,a830353b-347c-4a16-9095-dd40198fbf42,0,0,0,0,0,0,0,1,0.6935889
synthetic,8,launched,email,,1,Urgencia,Acción requerida,Plantilla con señal de urgencia,1,0,0,0,7,18-24,M,Universitaria,235,synthetic_user_235@example.com,synthetic-uid-235,1,0,0,0,0,0,0,0,0.3262631
synthetic,13,launched,email,,2,Autoridad,Comunicado institucional,Plantilla con señal de autoridad,0,1,0,0,38,55+,M,Tecnica,382,synthetic_user_382@example.com,synthetic-uid-382,1,0,0,0,0,0,0,0,0.49669933
synthetic,64,launched,email,,7,Recompensa + Personalización,Beneficio exclusivo para usted,Plantilla combinada,0,0,1,1,30,45-54,M,Tecnica,1898,synthetic_user_1898@example.com,synthetic-uid-1898,1,1,0,0,1,0,0,0,0.46546313
synthetic,38,launched,email,,4,Personalización,Actualización para usted,Plantilla con personalización,0,0,0,1,12,25-34,F,Posgrado,1119,synthetic_user_1119@example.com,synthetic-uid-1119,1,0,0,0,0,0,0,1,0.56850386
synthetic,51,launched,email,,6,Autoridad + Personalización,Notificación importante para usted,Plantilla combinada,0,1,0,1,15,25-34,M,Universitaria,1507,synthetic_user_1507@example.com,synthetic-uid-1507,1,1,0,0,1,0,0,0,0.007973573
synthetic,8,launched,email,,1,Urgencia,Acción requerida,Plantilla con señal de urgencia,1,0,0,0,7,18-24,M,Universitaria,239,synthetic_user_239@example.com,synthetic-uid-239,1,0,0,0,0,0,0,0,0.3262631
synthetic,13,launched,email,,2,Autoridad,Comunicado institucional,Plantilla con señal de autoridad,0,1,0,0,38,55+,M,Tecnica,384,synthetic_user_384@example.com,synthetic-uid-384,1,0,0,0,0,0,0,0,0.49669933
synthetic,59,launched,email,,6,Autoridad + Personalización,Notificación importante para usted,Plantilla combinada,0,1,0,1,38,55+,M,Tecnica,1764,synthetic_user_1764@example.com,synthetic-uid-1764,1,0,0,0,0,0,0,0,0.37490222
synthetic,38,launched,email,,4,Personalización,Actualización para usted,Plantilla con personalización,0,0,0,1,12,25-34,F,Posgrado,1135,synthetic_user_1135@example.com,synthetic-uid-1135,1,0,0,0,0,0,0,1,0.56850386
synthetic,7,launched,email,,1,Urgencia,Acción requerida,Plantilla con señal de urgencia,1,0,0,0,38,55+,M,Tecnica,196,synthetic_user_196@example.com,synthetic-uid-196,1,1,0,0,1,0,0,0,0.4622815
synthetic,40,launched,email,,4,Personalización,Actualización para usted,Plantilla con personalización,0,0,0,1,12,25-34,F,Posgrado,1193,synthetic_user_1193@example.com,synthetic-uid-1193,1,0,0,0,0,0,0,1,0.56850386
synthetic,5,launched,email,,1,Urgencia,Acción requerida,Plantilla con señal de urgencia,1,0,0,0,38,55+,M,Tecnica,133,synthetic_user_133@example.com,synthetic-uid-133,1,1,1,0,1,1,0,0,0.4622815
synthetic,46,launched,email,,5,Urgencia + Autoridad,Aviso urgente institucional,Plantilla combinada,1,1,0,0,29,45-54,M,Secundaria,1365,synthetic_user_1365@example.com,synthetic-uid-1365,1,1,0,0,1,0,0,1,0.71277994
synthetic,63,launched,email,,7,Recompensa + Personalización,Beneficio exclusivo para usted,Plantilla combinada,0,0,1,1,37,55+,M,Secundaria,1881,synthetic_user_1881@example.com,synthetic-uid-1881,1,0,0,0,0,0,0,0,0.25561902
synthetic,42,launched,email,,5,Urgencia + Autoridad,Aviso urgente institucional,Plantilla combinada,1,1,0,0,14,25-34,M,Tecnica,1240,synthetic_user_1240@example.com,synthetic-uid-1240,1,0,0,0,0,0,0,1,0.6156395
synthetic,40,launched,email,,4,Personalización,Actualización para usted,Plantilla con personalización,0,0,0,1,12,25-34,F,Posgrado,1183,synthetic_user_1183@example.com,synthetic-uid-1183,1,0,0,0,0,0,0,1,0.56850386
synthetic,77,launched,email,,8,Control neutro,Información general,Plantilla sin señales fuertes,0,0,0,0,16,25-34,M,Posgrado,2285,synthetic_user_2285@example.com,synthetic-uid-2285,1,0,0,0,0,0,0,0,0.11792853
synthetic,30,launched,email,,3,Recompensa,Beneficio disponible,Plantilla con señal de recompensa,0,0,1,0,2,18-24,F,Tecnica,897,synthetic_user_897@example.com,synthetic-uid-897,1,1,0,0,1,0,0,1,0.7564446
synthetic,27,launched,email,,3,Recompensa,Beneficio disponible,Plantilla con señal de recompensa,0,0,1,0,14,25-34,M,Tecnica,782,synthetic_user_782@example.com,synthetic-uid-782,1,1,0,0,1,0,0,1,0.7282198
synthetic,31,launched,email,,4,Personalización,Actualización para usted,Plantilla con personalización,0,0,0,1,3,18-24,F,Universitaria,916,synthetic_user_916@example.com,synthetic-uid-916,1,0,0,0,0,0,0,1,0.61282253
synthetic,17,launched,email,,2,Autoridad,Comunicado institucional,Plantilla con señal de autoridad,0,1,0,0,38,55+,M,Tecnica,508,synthetic_user_508@example.com,synthetic-uid-508,1,0,0,0,0,0,0,0,0.49669933
synthetic,29,launched,email,,3,Recompensa,Beneficio disponible,Plantilla con señal de recompensa,0,0,1,0,22,35-44,M,Tecnica,867,synthetic_user_867@example.com,synthetic-uid-867,1,0,0,0,0,0,0,0,0.40897503
synthetic,43,launched,email,,5,Urgencia + Autoridad,Aviso urgente institucional,Plantilla combinada,1,1,0,0,7,18-24,M,Universitaria,1269,synthetic_user_1269@example.com,synthetic-uid-1269,1,0,0,0,0,0,0,0,0.047397476
synthetic,58,launched,email,,6,Autoridad + Personalización,Notificación importante para usted,Plantilla combinada,0,1,0,1,5,18-24,M,Secundaria,1719,synthetic_user_1719@example.com,synthetic-uid-1719,1,0,0,0,0,0,0,1,0.5413378
synthetic,21,launched,email,,3,Recompensa,Beneficio disponible,Plantilla con señal de recompensa,0,0,1,0,18,35-44,F,Tecnica,614,synthetic_user_614@example.com,synthetic-uid-614,1,0,0,0,0,0,0,0,0.37404457
synthetic,32,launched,email,,4,Personalización,Actualización para usted,Plantilla con personalización,0,0,0,1,37,55+,M,Secundaria,958,synthetic_user_958@example.com,synthetic-uid-958,1,0,0,0,0,0,0,0,0.062653676
synthetic,19,launched,email,,2,Autoridad,Comunicado institucional,Plantilla con señal de autoridad,0,1,0,0,28,45-54,F,Posgrado,569,synthetic_user_569@example.com,synthetic-uid-569,1,0,0,0,0,0,0,0,0.41480678
synthetic,67,launched,email,,7,Recompensa + Personalización,Beneficio exclusivo para usted,Plantilla combinada,0,0,1,1,12,25-34,F,Posgrado,2004,synthetic_user_2004@example.com,synthetic-uid-2004,1,1,0,0,1,0,0,1,0.6740579
synthetic,60,launched,email,,6,Autoridad + Personalización,Notificación importante para usted,Plantilla combinada,0,1,0,1,29,45-54,M,Secundaria,1776,synthetic_user_1776@example.com,synthetic-uid-1776,1,1,1,0,1,1,0,0,0.4309743
synthetic,38,launched,email,,4,Personalización,Actualización para usted,Plantilla con personalización,0,0,0,1,12,25-34,F,Posgrado,1114,synthetic_user_1114@example.com,synthetic-uid-1114,1,0,0,0,0,0,0,1,0.56850386
synthetic,58,launched,email,,6,Autoridad + Personalización,Notificación importante para usted,Plantilla combinada,0,1,0,1,5,18-24,M,Secundaria,1740,synthetic_user_1740@example.com,synthetic-uid-1740,1,1,0,0,1,0,0,1,0.5413378
synthetic,44,launched,email,,5,Urgencia + Autoridad,Aviso urgente institucional,Plantilla combinada,1,1,0,0,20,35-44,F,Posgrado,1310,synthetic_user_1310@example.com,synthetic-uid-1310,1,1,0,0,1,0,0,0,0.36463103
synthetic,28,launched,email,,3,Recompensa,Beneficio disponible,Plantilla con señal de recompensa,0,0,1,0,29,45-54,M,Secundaria,829,synthetic_user_829@example.com,synthetic-uid-829,1,0,0,0,0,0,0,1,0.57612395
synthetic,65,launched,email,,7,Recompensa + Personalización,Beneficio exclusivo para usted,Plantilla combinada,0,0,1,1,9,25-34,F,Secundaria,1943,synthetic_user_1943@example.com,synthetic-uid-1943,1,0,0,0,0,0,0,0,0.4819264
synthetic,9,launched,email,,1,Urgencia,Acción requerida,Plantilla con señal de urgencia,1,0,0,0,16,25-34,M,Posgrado,246,synthetic_user_246@example.com,synthetic-uid-246,1,0,0,0,0,0,0,1,0.5661355
synthetic,79,launched,email,,8,Control neutro,Información general,Plantilla sin señales fuertes,0,0,0,0,21,35-44,M,Secundaria,2342,synthetic_user_2342@example.com,synthetic-uid-2342,1,0,0,0,0,0,0,0,0.46539846
synthetic,69,launched,email,,7,Recompensa + Personalización,Beneficio exclusivo para usted,Plantilla combinada,0,0,1,1,25,45-54,F,Secundaria,2061,synthetic_user_2061@example.com,synthetic-uid-2061,1,0,0,0,0,0,0,1,0.6797176
synthetic,29,launched,email,,3,Recompensa,Beneficio disponible,Plantilla con señal de recompensa,0,0,1,0,22,35-44,M,Tecnica,869,synthetic_user_869@example.com,synthetic-uid-869,1,0,0,0,0,0,0,0,0.40897503
synthetic,57,launched,email,,6,Autoridad + Personalización,Notificación importante para usted,Plantilla combinada,0,1,0,1,5,18-24,M,Secundaria,1700,synthetic_user_1700@example.com,synthetic-uid-1700,1,0,0,0,0,0,0,1,0.5413378
synthetic,33,launched,email,,4,Personalización,Actualización para usted,Plantilla con personalización,0,0,0,1,29,45-54,M,Secundaria,986,synthetic_user_986@example.com,synthetic-uid-986,1,0,0,0,0,0,0,0,0.4735538
synthetic,30,launched,email,,3,Recompensa,Beneficio disponible,Plantilla con señal de recompensa,0,0,1,0,2,18-24,F,Tecnica,900,synthetic_user_900@example.com,synthetic-uid-900,1,1,0,0,1,0,0,1,0.7564446
synthetic,80,launched,email,,8,Control neutro,Información general,Plantilla sin señales fuertes,0,0,0,0,6,18-24,M,Tecnica,2372,synthetic_user_2372@example.com,synthetic-uid-2372,1,1,0,0,1,0,0,0,0.41496468
synthetic,26,launched,email,,3,Recompensa,Beneficio disponible,Plantilla con señal de recompensa,0,0,1,0,7,18-24,M,Universitaria,767,synthetic_user_767@example.com,synthetic-uid-767,1,0,0,0,0,0,0,0,0.017026424
synthetic,78,launched,email,,8,Control neutro,Información general,Plantilla sin señales fuertes,0,0,0,0,10,25-34,F,Tecnica,2333,synthetic_user_2333@example.com,synthetic-uid-2333,1,0,0,0,0,0,0,0,0.39535424
synthetic,6,launched,email,,1,Urgencia,Acción requerida,Plantilla con señal de urgencia,1,0,0,0,4,18-24,F,Posgrado,177,synthetic_user_177@example.com,synthetic-uid-177,1,0,0,0,0,0,0,0,0.47263002
synthetic,1,launched,email,,1,Urgencia,Acción requerida,Plantilla con señal de urgencia,1,0,0,0,8,18-24,M,Posgrado,16,synthetic_user_16@example.com,synthetic-uid-16,1,0,0,0,0,0,0,0,0.4772992
synthetic,28,launched,email,,3,Recompensa,Beneficio disponible,Plantilla con señal de recompensa,0,0,1,0,29,45-54,M,Secundaria,839,synthetic_user_839@example.com,synthetic-uid-839,1,0,0,0,0,0,0,1,0.57612395
synthetic,60,launched,email,,6,Autoridad + Personalización,Notificación importante para usted,Plantilla combinada,0,1,0,1,29,45-54,M,Secundaria,1784,synthetic_user_1784@example.com,synthetic-uid-1784,1,0,0,0,0,0,0,0,0.4309743
synthetic,63,launched,email,,7,Recompensa + Personalización,Beneficio exclusivo para usted,Plantilla combinada,0,0,1,1,37,55+,M,Secundaria,1876,synthetic_user_1876@example.com,synthetic-uid-1876,1,0,0,0,0,0,0,0,0.25561902
synthetic,65,launched,email,,7,Recompensa + Personalización,Beneficio exclusivo para usted,Plantilla combinada,0,0,1,1,9,25-34,F,Secundaria,1941,synthetic_user_1941@example.com,synthetic-uid-1941,1,1,0,0,1,0,0,0,0.4819264
synthetic,18,launched,email,,2,Autoridad,Comunicado institucional,Plantilla con señal de autoridad,0,1,0,0,29,45-54,M,Secundaria,515,synthetic_user_515@example.com,synthetic-uid-515,1,1,0,0,1,0,0,1,0.6022294
synthetic,60,launched,email,,6,Autoridad + Personalización,Notificación importante para usted,Plantilla combinada,0,1,0,1,29,45-54,M,Secundaria,1771,synthetic_user_1771@example.com,synthetic-uid-1771,1,0,0,0,0,0,0,0,0.4309743
synthetic,64,launched,email,,7,Recompensa + Personalización,Beneficio exclusivo para usted,Plantilla combinada,0,0,1,1,30,45-54,M,Tecnica,1914,synthetic_user_1914@example.com,synthetic-uid-1914,1,0,0,0,0,0,0,0,0.46546313
synthetic,19,launched,email,,2,Autoridad,Comunicado institucional,Plantilla con señal de autoridad,0,1,0,0,28,45-54,F,Posgrado,564,synthetic_user_564@example.com,synthetic-uid-564,1,0,0,0,0,0,0,0,0.41480678
synthetic,8,launched,email,,1,Urgencia,Acción requerida,Plantilla con señal de urgencia,1,0,0,0,7,18-24,M,Universitaria,215,synthetic_user_215@example.com,synthetic-uid-215,1,0,0,0,0,0,0,0,0.3262631
synthetic,75,launched,email,,8,Control neutro,Información general,Plantilla sin señales fuertes,0,0,0,0,11,25-34,F,Universitaria,2228,synthetic_user_2228@example.com,synthetic-uid-2228,1,0,0,0,0,0,0,1,0.7932965
synthetic,24,launched,email,,3,Recompensa,Beneficio disponible,Plantilla con señal de recompensa,0,0,1,0,1,18-24,F,Secundaria,717,synthetic_user_717@example.com,synthetic-uid-717,1,0,0,0,0,0,0,0,0.405088
synthetic,78,launched,email,,8,Control neutro,Información general,Plantilla sin señales fuertes,0,0,0,0,10,25-34,F,Tecnica,2311,synthetic_user_2311@example.com,synthetic-uid-2311,1,0,0,0,0,0,0,0,0.39535424
synthetic,42,launched,email,,5,Urgencia + Autoridad,Aviso urgente institucional,Plantilla combinada,1,1,0,0,14,25-34,M,Tecnica,1256,synthetic_user_1256@example.com,synthetic-uid-1256,1,1,1,0,1,1,0,1,0.6156395
synthetic,67,launched,email,,7,Recompensa + Personalización,Beneficio exclusivo para usted,Plantilla combinada,0,0,1,1,12,25-34,F,Posgrado,1986,synthetic_user_1986@example.com,synthetic-uid-1986,1,0,0,0,0,0,0,1,0.6740579
synthetic,22,launched,email,,3,Recompensa,Beneficio disponible,Plantilla con señal de recompensa,0,0,1,0,7,18-24,M,Universitaria,633,synthetic_user_633@example.com,synthetic-uid-633,1,0,0,0,0,0,0,0,0.017026424
synthetic,58,launched,email,,6,Autoridad + Personalización,Notificación importante para usted,Plantilla combinada,0,1,0,1,5,18-24,M,Secundaria,1711,synthetic_user_1711@example.com,synthetic-uid-1711,1,0,0,0,0,0,0,1,0.5413378
synthetic,29,launched,email,,3,Recompensa,Beneficio disponible,Plantilla con señal de recompensa,0,0,1,0,22,35-44,M,Tecnica,852,synthetic_user_852@example.com,synthetic-uid-852,1,0,0,0,0,0,0,0,0.40897503
synthetic,33,launched,email,,4,Personalización,Actualización para usted,Plantilla con personalización,0,0,0,1,29,45-54,M,Secundaria,987,synthetic_user_987@example.com,synthetic-uid-987,1,0,0,0,0,0,0,0,0.4735538
synthetic,10,launched,email,,1,Urgencia,Acción requerida,Plantilla con señal de urgencia,1,0,0,0,21,35-44,M,Secundaria,289,synthetic_user_289@example.com,synthetic-uid-289,1,1,0,0,1,0,0,0,0.36110762
synthetic,17,launched,email,,2,Autoridad,Comunicado institucional,Plantilla con señal de autoridad,0,1,0,0,38,55+,M,Tecnica,510,synthetic_user_510@example.com,synthetic-uid-510,1,0,0,0,0,0,0,0,0.49669933
synthetic,36,launched,email,,4,Personalización,Actualización para usted,Plantilla con personalización,0,0,0,1,9,25-34,F,Secundaria,1077,synthetic_user_1077@example.com,synthetic-uid-1077,1,1,0,0,1,0,0,0,0.44335085
synthetic,13,launched,email,,2,Autoridad,Comunicado institucional,Plantilla con señal de autoridad,0,1,0,0,38,55+,M,Tecnica,383,synthetic_user_383@example.com,synthetic-uid-383,1,0,0,0,0,0,0,0,0.49669933
synthetic,10,launched,email,,1,Urgencia,Acción requerida,Plantilla con señal de urgencia,1,0,0,0,21,35-44,M,Secundaria,298,synthetic_user_298@example.com,synthetic-uid-298,1,0,0,0,0,0,0,0,0.36110762
synthetic,14,launched,email,,2,Autoridad,Comunicado institucional,Plantilla con señal de autoridad,0,1,0,0,30,45-54,M,Tecnica,400,synthetic_user_400@example.com,synthetic-uid-400,1,0,0,0,0,0,0,1,0.73470706
synthetic,31,launched,email,,4,Personalización,Actualización para usted,Plantilla con personalización,0,0,0,1,3,18-24,F,Universitaria,905,synthetic_user_905@example.com,synthetic-uid-905,1,0,0,0,0,0,0,1,0.61282253
synthetic,19,launched,email,,2,Autoridad,Comunicado institucional,Plantilla con señal de autoridad,0,1,0,0,28,45-54,F,Posgrado,567,synthetic_user_567@example.com,synthetic-uid-567,1,1,1,0,1,1,0,0,0.41480678
