campaign_id,campaign_status,campaign_channel,campaign_launched_at,template_id,template_name,template_subject,template_description,signal_urgency,signal_authority,signal_reward,signal_personalization,segment_id,age_bracket,gender,education,target_id,target_recipient,target_uid,delivered,opened,clicked,opened_flag,clicked_flag,source,pred_clicked_flag,pred_clicked_prob
36,launched,email,,4,Personalización,Actualización para usted,Plantilla con personalización,0,0,0,1,9,25-34,F,Secundaria,1071,synthetic_user_1071@example.com,synthetic-uid-1071,1,1,0,1,0,synthetic,1,0.68945503
6,launched,email,,1,Urgencia,Acción requerida,Plantilla con señal de urgencia,1,0,0,0,4,18-24,F,Posgrado,163,synthetic_user_163@example.com,synthetic-uid-163,1,1,0,1,0,synthetic,1,0.67375076
79,launched,email,,8,Control neutro,Información general,Plantilla sin señales fuertes,0,0,0,0,21,35-44,M,Secundaria,2349,synthetic_user_2349@example.com,synthetic-uid-2349,1,0,0,0,0,synthetic,0,0.08492131
78,launched,email,,8,Control neutro,Información general,Plantilla sin señales fuertes,0,0,0,0,10,25-34,F,Tecnica,2340,synthetic_user_2340@example.com,synthetic-uid-2340,1,0,0,0,0,synthetic,0,0.4588928
52,launched,email,,6,Autoridad + Personalización,Notificación importante para usted,Plantilla combinada,0,1,0,1,29,45-54,M,Secundaria,1535,synthetic_user_1535@example.com,synthetic-uid-1535,1,0,0,0,0,synthetic,0,0.3247557
5,launched,email,,1,Urgencia,Acción requerida,Plantilla con señal de urgencia,1,0,0,0,38,55+,M,Tecnica,147,synthetic_user_147@example.com,synthetic-uid-147,1,0,0,0,0,synthetic,0,0.41445437
31,launched,email,,4,Personalización,Actualización para usted,Plantilla con personalización,0,0,0,1,3,18-24,F,Universitaria,928,synthetic_user_928@example.com,synthetic-uid-928,1,0,0,0,0,synthetic,1,0.63728005
55,launched,email,,6,Autoridad + Personalización,Notificación importante para usted,Plantilla combinada,0,1,0,1,34,55+,F,Tecnica,1648,synthetic_user_1648@example.com,synthetic-uid-1648,1,0,0,0,0,synthetic,0,0.046595123
54,launched,email,,6,Autoridad + Personalización,Notificación importante para usted,Plantilla combinada,0,1,0,1,31,45-54,M,Universitaria,1616,synthetic_user_1616@example.com,synthetic-uid-1616,1,1,0,1,0,synthetic,0,0.05123183
25,launched,email,,3,Recompensa,Beneficio disponible,Plantilla con señal de recompensa,0,0,1,0,19,35-44,F,Universitaria,743,synthetic_user_743@example.com,synthetic-uid-743,1,1,1,1,1,synthetic,0,0.018337216
1,launched,email,,1,Urgencia,Acción requerida,Plantilla con señal de urgencia,1,0,0,0,8,18-24,M,Posgrado,10,synthetic_user_10@example.com,synthetic-uid-10,1,0,0,0,0,synthetic,0,0.39603683
65,launched,email,,7,Recompensa + Personalización,Beneficio exclusivo para usted,Plantilla combinada,0,0,1,1,9,25-34,F,Secundaria,1924,synthetic_user_1924@example.com,synthetic-uid-1924,1,0,0,0,0,synthetic,0,0.120642595
60,launched,email,,6,Autoridad + Personalización,Notificación importante para usted,Plantilla combinada,0,1,0,1,29,45-54,M,Secundaria,1789,synthetic_user_1789@example.com,synthetic-uid-1789,1,0,0,0,0,synthetic,0,0.3247557
65,launched,email,,7,Recompensa + Personalización,Beneficio exclusivo para usted,Plantilla combinada,0,0,1,1,9,25-34,F,Secundaria,1928,synthetic_user_1928@example.com,synthetic-uid-1928,1,0,0,0,0,synthetic,0,0.120642595
58,launched,email,,6,Autoridad + Personalización,Notificación importante para usted,Plantilla combinada,0,1,0,1,5,18-24,M,Secundaria,1734,synthetic_user_1734@example.com,synthetic-uid-1734,1,0,0,0,0,synthetic,1,0.6264148
61,launched,email,,7,Recompensa + Personalización,Beneficio exclusivo para usted,Plantilla combinada,0,0,1,1,36,55+,F,Posgrado,1803,synthetic_user_1803@example.com,synthetic-uid-1803,1,0,0,0,0,synthetic,0,0.030974945
59,launched,email,,6,Autoridad + Personalización,Notificación importante para usted,Plantilla combinada,0,1,0,1,38,55+,M,Tecnica,1744,synthetic_user_1744@example.com,synthetic-uid-1744,1,1,0,1,0,synthetic,0,0.34027064
20,launched,email,,2,Autoridad,Comunicado institucional,Plantilla con señal de autoridad,0,1,0,0,1,18-24,F,Secundaria,588,synthetic_user_588@example.com,synthetic-uid-588,1,0,0,0,0,synthetic,0,0.45012188
76,launched,email,,8,Control neutro,Información general,Plantilla sin señales fuertes,0,0,0,0,39,55+,M,Universitaria,2271,synthetic_user_2271@example.com,synthetic-uid-2271,1,0,0,0,0,synthetic,0,0.4144991
9,launched,email,,1,Urgencia,Acción requerida,Plantilla con señal de urgencia,1,0,0,0,16,25-34,M,Posgrado,260,synthetic_user_260@example.com,synthetic-uid-260,1,0,0,0,0,synthetic,1,0.57543087
70,launched,email,,7,Recompensa + Personalización,Beneficio exclusivo para usted,Plantilla combinada,0,0,1,1,14,25-34,M,Tecnica,2096,synthetic_user_2096@example.com,synthetic-uid-2096,1,0,0,0,0,synthetic,1,0.61100185
1,launched,email,,1,Urgencia,Acción requerida,Plantilla con señal de urgencia,1,0,0,0,8,18-24,M,Posgrado,29,synthetic_user_29@example.com,synthetic-uid-29,1,0,0,0,0,synthetic,0,0.39603683
31,launched,email,,4,Personalización,Actualización para usted,Plantilla con personalización,0,0,0,1,3,18-24,F,Universitaria,906,synthetic_user_906@example.com,synthetic-uid-906,1,0,0,0,0,synthetic,1,0.63728005
60,launched,email,,6,Autoridad + Personalización,Notificación importante para usted,Plantilla combinada,0,1,0,1,29,45-54,M,Secundaria,1788,synthetic_user_1788@example.com,synthetic-uid-1788,1,0,0,0,0,synthetic,0,0.3247557
14,launched,email,,2,Autoridad,Comunicado institucional,Plantilla con señal de autoridad,0,1,0,0,30,45-54,M,Tecnica,410,synthetic_user_410@example.com,synthetic-uid-410,1,0,0,0,0,synthetic,1,0.7399603
38,launched,email,,4,Personalización,Actualización para usted,Plantilla con personalización,0,0,0,1,12,25-34,F,Posgrado,1122,synthetic_user_1122@example.com,synthetic-uid-1122,1,1,0,1,0,synthetic,1,0.6206687
33,launched,email,,4,Personalización,Actualización para usted,Plantilla con personalización,0,0,0,1,29,45-54,M,Secundaria,985,synthetic_user_985@example.com,synthetic-uid-985,1,0,0,0,0,synthetic,1,0.54385066
23,launched,email,,3,Recompensa,Beneficio disponible,Plantilla con señal de recompensa,0,0,1,0,19,35-44,F,Universitaria,672,synthetic_user_672@example.com,synthetic-uid-672,1,0,0,0,0,synthetic,0,0.018337216
45,launched,email,,5,Urgencia + Autoridad,Aviso urgente institucional,Plantilla combinada,1,1,0,0,31,45-54,M,Universitaria,1334,synthetic_user_1334@example.com,synthetic-uid-1334,1,0,0,0,0,synthetic,1,0.5888963
38,launched,email,,4,Personalización,Actualización para usted,Plantilla con personalización,0,0,0,1,12,25-34,F,Posgrado,1132,synthetic_user_1132@example.com,synthetic-uid-1132,1,0,0,0,0,synthetic,1,0.6206687
19,launched,email,,2,Autoridad,Comunicado institucional,Plantilla con señal de autoridad,0,1,0,0,28,45-54,F,Posgrado,547,synthetic_user_547@example.com,synthetic-uid-547,1,1,0,1,0,synthetic,0,0.36537373
59,launched,email,,6,Autoridad + Personalización,Notificación importante para usted,Plantilla combinada,0,1,0,1,38,55+,M,Tecnica,1761,synthetic_user_1761@example.com,synthetic-uid-1761,1,0,0,0,0,synthetic,0,0.34027064
69,launched,email,,7,Recompensa + Personalización,Beneficio exclusivo para usted,Plantilla combinada,0,0,1,1,25,45-54,F,Secundaria,2045,synthetic_user_2045@example.com,synthetic-uid-2045,1,1,0,1,0,synthetic,1,0.56930554
65,launched,email,,7,Recompensa + Personalización,Beneficio exclusivo para usted,Plantilla combinada,0,0,1,1,9,25-34,F,Secundaria,1944,synthetic_user_1944@example.com,synthetic-uid-1944,1,0,0,0,0,synthetic,0,0.120642595
21,launched,email,,3,Recompensa,Beneficio disponible,Plantilla con señal de recompensa,0,0,1,0,18,35-44,F,Tecnica,630,synthetic_user_630@example.com,synthetic-uid-630,1,0,0,0,0,synthetic,0,0.35440245
14,launched,email,,2,Autoridad,Comunicado institucional,Plantilla con señal de autoridad,0,1,0,0,30,45-54,M,Tecnica,418,synthetic_user_418@example.com,synthetic-uid-418,1,0,0,0,0,synthetic,1,0.7399603
14,launched,email,,2,Autoridad,Comunicado institucional,Plantilla con señal de autoridad,0,1,0,0,30,45-54,M,Tecnica,396,synthetic_user_396@example.com,synthetic-uid-396,1,1,1,1,1,synthetic,1,0.7399603
41,launched,email,,5,Urgencia + Autoridad,Aviso urgente institucional,Plantilla combinada,1,1,0,0,34,55+,F,Tecnica,1218,synthetic_user_1218@example.com,synthetic-uid-1218,1,0,0,0,0,synthetic,1,0.6509482
32,launched,email,,4,Personalización,Actualización para usted,Plantilla con personalización,0,0,0,1,37,55+,M,Secundaria,942,synthetic_user_942@example.com,synthetic-uid-942,1,1,0,1,0,synthetic,0,0.08825932
72,launched,email,,8,Control neutro,Información general,Plantilla sin señales fuertes,0,0,0,0,39,55+,M,Universitaria,2134,synthetic_user_2134@example.com,synthetic-uid-2134,1,0,0,0,0,synthetic,0,0.4144991
41,launched,email,,5,Urgencia + Autoridad,Aviso urgente institucional,Plantilla combinada,1,1,0,0,34,55+,F,Tecnica,1222,synthetic_user_1222@example.com,synthetic-uid-1222,1,0,0,0,0,synthetic,1,0.6509482
65,launched,email,,7,Recompensa + Personalización,Beneficio exclusivo para usted,Plantilla combinada,0,0,1,1,9,25-34,F,Secundaria,1933,synthetic_user_1933@example.com,synthetic-uid-1933,1,1,0,1,0,synthetic,0,0.120642595
2,launched,email,,1,Urgencia,Acción requerida,Plantilla con señal de urgencia,1,0,0,0,3,18-24,F,Universitaria,31,synthetic_user_31@example.com,synthetic-uid-31,1,0,0,0,0,synthetic,0,0.40512323
36,launched,email,,4,Personalización,Actualización para usted,Plantilla con personalización,0,0,0,1,9,25-34,F,Secundaria,1063,synthetic_user_1063@example.com,synthetic-uid-1063,1,1,0,1,0,synthetic,1,0.68945503
44,launched,email,,5,Urgencia + Autoridad,Aviso urgente institucional,Plantilla combinada,1,1,0,0,20,35-44,F,Posgrado,1296,synthetic_user_1296@example.com,synthetic-uid-1296,1,0,0,0,0,synthetic,0,0.37978777
51,launched,email,,6,Autoridad + Personalización,Notificación importante para usted,Plantilla combinada,0,1,0,1,15,25-34,M,Universitaria,1508,synthetic_user_1508@example.com,synthetic-uid-1508,1,1,0,1,0,synthetic,0,0.020252198
55,launched,email,,6,Autoridad + Personalización,Notificación importante para usted,Plantilla combinada,0,1,0,1,34,55+,F,Tecnica,1622,synthetic_user_1622@example.com,synthetic-uid-1622,1,1,0,1,0,synthetic,0,0.046595123
22,launched,email,,3,Recompensa,Beneficio disponible,Plantilla con señal de recompensa,0,0,1,0,7,18-24,M,Universitaria,656,synthetic_user_656@example.com,synthetic-uid-656,1,0,0,0,0,synthetic,0,0.238878
76,launched,email,,8,Control neutro,Información general,Plantilla sin señales fuertes,0,0,0,0,39,55+,M,Universitaria,2268,synthetic_user_2268@example.com,synthetic-uid-2268,1,0,0,0,0,synthetic,0,0.4144991
34,launched,email,,4,Personalización,Actualización para usted,Plantilla con personalización,0,0,0,1,14,25-34,M,Tecnica,1008,synthetic_user_1008@example.com,synthetic-uid-1008,1,1,0,1,0,synthetic,0,0.42770037
73,launched,email,,8,Control neutro,Información general,Plantilla sin señales fuertes,0,0,0,0,6,18-24,M,Tecnica,2177,synthetic_user_2177@example.com,synthetic-uid-2177,1,0,0,0,0,synthetic,0,0.49216765
25,launched,email,,3,Recompensa,Beneficio disponible,Plantilla con señal de recompensa,0,0,1,0,19,35-44,F,Universitaria,728,synthetic_user_728@example.com,synthetic-uid-728,1,0,0,0,0,synthetic,0,0.018337216
53,launched,email,,6,Autoridad + Personalización,Notificación importante para usted,Plantilla combinada,0,1,0,1,27,45-54,F,Universitaria,1576,synthetic_user_1576@example.com,synthetic-uid-1576,1,0,0,0,0,synthetic,0,0.45254278
73,launched,email,,8,Control neutro,Información general,Plantilla sin señales fuertes,0,0,0,0,6,18-24,M,Tecnica,2185,synthetic_user_2185@example.com,synthetic-uid-2185,1,0,0,0,0,synthetic,0,0.49216765
18,launched,email,,2,Autoridad,Comunicado institucional,Plantilla con señal de autoridad,0,1,0,0,29,45-54,M,Secundaria,519,synthetic_user_519@example.com,synthetic-uid-519,1,1,0,1,0,synthetic,1,0.7679676
72,launched,email,,8,Control neutro,Información general,Plantilla sin señales fuertes,0,0,0,0,39,55+,M,Universitaria,2144,synthetic_user_2144@example.com,synthetic-uid-2144,1,0,0,0,0,synthetic,0,0.4144991
79,launched,email,,8,Control neutro,Información general,Plantilla sin señales fuertes,0,0,0,0,21,35-44,M,Secundaria,2342,synthetic_user_2342@example.com,synthetic-uid-2342,1,0,0,0,0,synthetic,0,0.08492131
27,launched,email,,3,Recompensa,Beneficio disponible,Plantilla con señal de recompensa,0,0,1,0,14,25-34,M,Tecnica,788,synthetic_user_788@example.com,synthetic-uid-788,1,1,1,1,1,synthetic,1,0.79492116
73,launched,email,,8,Control neutro,Información general,Plantilla sin señales fuertes,0,0,0,0,6,18-24,M,Tecnica,2163,synthetic_user_2163@example.com,synthetic-uid-2163,1,1,0,1,0,synthetic,0,0.49216765
56,launched,email,,6,Autoridad + Personalización,Notificación importante para usted,Plantilla combinada,0,1,0,1,29,45-54,M,Secundaria,1676,synthetic_user_1676@example.com,synthetic-uid-1676,1,0,0,0,0,synthetic,0,0.3247557
31,launched,email,,4,Personalización,Actualización para usted,Plantilla con personalización,0,0,0,1,3,18-24,F,Universitaria,921,synthetic_user_921@example.com,synthetic-uid-921,1,1,0,1,0,synthetic,1,0.63728005
31,launched,email,,4,Personalización,Actualización para usted,Plantilla con personalización,0,0,0,1,3,18-24,F,Universitaria,918,synthetic_user_918@example.com,synthetic-uid-918,1,1,0,1,0,synthetic,1,0.63728005
16,launched,email,,2,Autoridad,Comunicado institucional,Plantilla con señal de autoridad,0,1,0,0,22,35-44,M,Tecnica,477,synthetic_user_477@example.com,synthetic-uid-477,1,1,0,1,0,synthetic,0,0.40628836
29,launched,email,,3,Recompensa,Beneficio disponible,Plantilla con señal de recompensa,0,0,1,0,22,35-44,M,Tecnica,856,synthetic_user_856@example.com,synthetic-uid-856,1,0,0,0,0,synthetic,1,0.61362773
36,launched,email,,4,Personalización,Actualización para usted,Plantilla con personalización,0,0,0,1,9,25-34,F,Secundaria,1067,synthetic_user_1067@example.com,synthetic-uid-1067,1,0,0,0,0,synthetic,1,0.68945503
28,launched,email,,3,Recompensa,Beneficio disponible,Plantilla con señal de recompensa,0,0,1,0,29,45-54,M,Secundaria,829,synthetic_user_829@example.com,synthetic-uid-829,1,0,0,0,0,synthetic,1,0.6282339
1,launched,email,,1,Urgencia,Acción requerida,Plantilla con señal de urgencia,1,0,0,0,8,18-24,M,Posgrado,14,synthetic_user_14@example.com,synthetic-uid-14,1,0,0,0,0,synthetic,0,0.39603683
54,launched,email,,6,Autoridad + Personalización,Notificación importante para usted,Plantilla combinada,0,1,0,1,31,45-54,M,Universitaria,1592,synthetic_user_1592@example.com,synthetic-uid-1592,1,1,0,1,0,synthetic,0,0.05123183
63,launched,email,,7,Recompensa + Personalización,Beneficio exclusivo para usted,Plantilla combinada,0,0,1,1,37,55+,M,Secundaria,1879,synthetic_user_1879@example.com,synthetic-uid-1879,1,0,0,0,0,synthetic,0,0.24323508
34,launched,email,,4,Personalización,Actualización para usted,Plantilla con personalización,0,0,0,1,14,25-34,M,Tecnica,1010,synthetic_user_1010@example.com,synthetic-uid-1010,1,0,0,0,0,synthetic,0,0.42770037
75,launched,email,,8,Control neutro,Información general,Plantilla sin señales fuertes,0,0,0,0,11,25-34,F,Universitaria,2246,synthetic_user_2246@example.com,synthetic-uid-2246,1,0,0,0,0,synthetic,1,0.714256
70,launched,email,,7,Recompensa + Personalización,Beneficio exclusivo para usted,Plantilla combinada,0,0,1,1,14,25-34,M,Tecnica,2079,synthetic_user_2079@example.com,synthetic-uid-2079,1,0,0,0,0,synthetic,1,0.61100185
30,launched,email,,3,Recompensa,Beneficio disponible,Plantilla con señal de recompensa,0,0,1,0,2,18-24,F,Tecnica,893,synthetic_user_893@example.com,synthetic-uid-893,1,0,0,0,0,synthetic,1,0.7367882
30,launched,email,,3,Recompensa,Beneficio disponible,Plantilla con señal de recompensa,0,0,1,0,2,18-24,F,Tecnica,875,synthetic_user_875@example.com,synthetic-uid-875,1,0,0,0,0,synthetic,1,0.7367882
77,launched,email,,8,Control neutro,Información general,Plantilla sin señales fuertes,0,0,0,0,16,25-34,M,Posgrado,2292,synthetic_user_2292@example.com,synthetic-uid-2292,1,0,0,0,0,synthetic,0,0.099757716
49,launched,email,,5,Urgencia + Autoridad,Aviso urgente institucional,Plantilla combinada,1,1,0,0,11,25-34,F,Universitaria,1461,synthetic_user_1461@example.com,synthetic-uid-1461,1,0,0,0,0,synthetic,0,0.39874858
15,launched,email,,2,Autoridad,Comunicado institucional,Plantilla con señal de autoridad,0,1,0,0,5,18-24,M,Secundaria,448,synthetic_user_448@example.com,synthetic-uid-448,1,0,0,0,0,synthetic,1,0.5730762
33,launched,email,,4,Personalización,Actualización para usted,Plantilla con personalización,0,0,0,1,29,45-54,M,Secundaria,968,synthetic_user_968@example.com,synthetic-uid-968,1,1,0,1,0,synthetic,1,0.54385066
41,launched,email,,5,Urgencia + Autoridad,Aviso urgente institucional,Plantilla combinada,1,1,0,0,34,55+,F,Tecnica,1221,synthetic_user_1221@example.com,synthetic-uid-1221,1,0,0,0,0,synthetic,1,0.6509482
74,launched,email,,8,Control neutro,Información general,Plantilla sin señales fuertes,0,0,0,0,1,18-24,F,Secundaria,2213,synthetic_user_2213@example.com,synthetic-uid-2213,1,0,0,0,0,synthetic,0,0.43259647
26,launched,email,,3,Recompensa,Beneficio disponible,Plantilla con señal de recompensa,0,0,1,0,7,18-24,M,Universitaria,773,synthetic_user_773@example.com,synthetic-uid-773,1,0,0,0,0,synthetic,0,0.238878
61,launched,email,,7,Recompensa + Personalización,Beneficio exclusivo para usted,Plantilla combinada,0,0,1,1,36,55+,F,Posgrado,1813,synthetic_user_1813@example.com,synthetic-uid-1813,1,0,0,0,0,synthetic,0,0.030974945
80,launched,email,,8,Control neutro,Información general,Plantilla sin señales fuertes,0,0,0,0,6,18-24,M,Tecnica,2382,synthetic_user_2382@example.com,synthetic-uid-2382,1,0,0,0,0,synthetic,0,0.49216765
73,launched,email,,8,Control neutro,Información general,Plantilla sin señales fuertes,0,0,0,0,6,18-24,M,Tecnica,2171,synthetic_user_2171@example.com,synthetic-uid-2171,1,0,0,0,0,synthetic,0,0.49216765
22,launched,email,,3,Recompensa,Beneficio disponible,Plantilla con señal de recompensa,0,0,1,0,7,18-24,M,Universitaria,638,synthetic_user_638@example.com,synthetic-uid-638,1,1,0,1,0,synthetic,0,0.238878
53,launched,email,,6,Autoridad + Personalización,Notificación importante para usted,Plantilla combinada,0,1,0,1,27,45-54,F,Universitaria,1577,synthetic_user_1577@example.com,synthetic-uid-1577,1,0,0,0,0,synthetic,0,0.45254278
30,launched,email,,3,Recompensa,Beneficio disponible,Plantilla con señal de recompensa,0,0,1,0,2,18-24,F,Tecnica,897,synthetic_user_897@example.com,synthetic-uid-897,1,1,0,1,0,synthetic,1,0.7367882
38,launched,email,,4,Personalización,Actualización para usted,Plantilla con personalización,0,0,0,1,12,25-34,F,Posgrado,1131,synthetic_user_1131@example.com,synthetic-uid-1131,1,1,0,1,0,synthetic,1,0.6206687
70,launched,email,,7,Recompensa + Personalización,Beneficio exclusivo para usted,Plantilla combinada,0,0,1,1,14,25-34,M,Tecnica,2088,synthetic_user_2088@example.com,synthetic-uid-2088,1,0,0,0,0,synthetic,1,0.61100185
1,launched,email,,1,Urgencia,Acción requerida,Plantilla con señal de urgencia,1,0,0,0,8,18-24,M,Posgrado,21,synthetic_user_21@example.com,synthetic-uid-21,1,0,0,0,0,synthetic,0,0.39603683
29,launched,email,,3,Recompensa,Beneficio disponible,Plantilla con señal de recompensa,0,0,1,0,22,35-44,M,Tecnica,841,synthetic_user_841@example.com,synthetic-uid-841,1,0,0,0,0,synthetic,1,0.61362773
41,launched,email,,5,Urgencia + Autoridad,Aviso urgente institucional,Plantilla combinada,1,1,0,0,34,55+,F,Tecnica,1204,synthetic_user_1204@example.com,synthetic-uid-1204,1,0,0,0,0,synthetic,1,0.6509482
2,launched,email,,1,Urgencia,Acción requerida,Plantilla con señal de urgencia,1,0,0,0,3,18-24,F,Universitaria,60,synthetic_user_60@example.com,synthetic-uid-60,1,0,0,0,0,synthetic,0,0.40512323
54,launched,email,,6,Autoridad + Personalización,Notificación importante para usted,Plantilla combinada,0,1,0,1,31,45-54,M,Universitaria,1610,synthetic_user_1610@example.com,synthetic-uid-1610,1,0,0,0,0,synthetic,0,0.05123183
6,launched,email,,1,Urgencia,Acción requerida,Plantilla con señal de urgencia,1,0,0,0,4,18-24,F,Posgrado,159,synthetic_user_159@example.com,synthetic-uid-159,1,1,1,1,1,synthetic,1,0.67375076
77,launched,email,,8,Control neutro,Información general,Plantilla sin señales fuertes,0,0,0,0,16,25-34,M,Posgrado,2307,synthetic_user_2307@example.com,synthetic-uid-2307,1,0,0,0,0,synthetic,0,0.099757716
37,launched,email,,4,Personalización,Actualización para usted,Plantilla con personalización,0,0,0,1,16,25-34,M,Posgrado,1086,synthetic_user_1086@example.com,synthetic-uid-1086,1,0,0,0,0,synthetic,1,0.59278464
26,launched,email,,3,Recompensa,Beneficio disponible,Plantilla con señal de recompensa,0,0,1,0,7,18-24,M,Universitaria,765,synthetic_user_765@example.com,synthetic-uid-765,1,1,0,1,0,synthetic,0,0.238878
4,launched,email,,1,Urgencia,Acción requerida,Plantilla con señal de urgencia,1,0,0,0,35,55+,F,Universitaria,111,synthetic_user_111@example.com,synthetic-uid-111,1,0,0,0,0,synthetic,0,0.25696817
5,launched,email,,1,Urgencia,Acción requerida,Plantilla con señal de urgencia,1,0,0,0,38,55+,M,Tecnica,126,synthetic_user_126@example.com,synthetic-uid-126,1,0,0,0,0,synthetic,0,0.41445437
51,launched,email,,6,Autoridad + Personalización,Notificación importante para usted,Plantilla combinada,0,1,0,1,15,25-34,M,Universitaria,1524,synthetic_user_1524@example.com,synthetic-uid-1524,1,0,0,0,0,synthetic,0,0.020252198
3,launched,email,,1,Urgencia,Acción requerida,Plantilla con señal de urgencia,1,0,0,0,35,55+,F,Universitaria,72,synthetic_user_72@example.com,synthetic-uid-72,1,0,0,0,0,synthetic,0,0.25696817
27,launched,email,,3,Recompensa,Beneficio disponible,Plantilla con señal de recompensa,0,0,1,0,14,25-34,M,Tecnica,782,synthetic_user_782@example.com,synthetic-uid-782,1,1,0,1,0,synthetic,1,0.79492116
34,launched,email,,4,Personalización,Actualización para usted,Plantilla con personalización,0,0,0,1,14,25-34,M,Tecnica,995,synthetic_user_995@example.com,synthetic-uid-995,1,0,0,0,0,synthetic,0,0.42770037
72,launched,email,,8,Control neutro,Información general,Plantilla sin señales fuertes,0,0,0,0,39,55+,M,Universitaria,2149,synthetic_user_2149@example.com,synthetic-uid-2149,1,0,0,0,0,synthetic,0,0.4144991
66,launched,email,,7,Recompensa + Personalización,Beneficio exclusivo para usted,Plantilla combinada,0,0,1,1,37,55+,M,Secundaria,1957,synthetic_user_1957@example.com,synthetic-uid-1957,1,0,0,0,0,synthetic,0,0.24323508
17,launched,email,,2,Autoridad,Comunicado institucional,Plantilla con señal de autoridad,0,1,0,0,38,55+,M,Tecnica,493,synthetic_user_493@example.com,synthetic-uid-493,1,0,0,0,0,synthetic,0,0.05363384
39,launched,email,,4,Personalización,Actualización para usted,Plantilla con personalización,0,0,0,1,25,45-54,F,Secundaria,1145,synthetic_user_1145@example.com,synthetic-uid-1145,1,0,0,0,0,synthetic,1,0.64553225
24,launched,email,,3,Recompensa,Beneficio disponible,Plantilla con señal de recompensa,0,0,1,0,1,18-24,F,Secundaria,694,synthetic_user_694@example.com,synthetic-uid-694,1,1,0,1,0,synthetic,0,0.3835021
25,launched,email,,3,Recompensa,Beneficio disponible,Plantilla con señal de recompensa,0,0,1,0,19,35-44,F,Universitaria,746,synthetic_user_746@example.com,synthetic-uid-746,1,0,0,0,0,synthetic,0,0.018337216
79,launched,email,,8,Control neutro,Información general,Plantilla sin señales fuertes,0,0,0,0,21,35-44,M,Secundaria,2347,synthetic_user_2347@example.com,synthetic-uid-2347,1,0,0,0,0,synthetic,0,0.08492131
66,launched,email,,7,Recompensa + Personalización,Beneficio exclusivo para usted,Plantilla combinada,0,0,1,1,37,55+,M,Secundaria,1951,synthetic_user_1951@example.com,synthetic-uid-1951,1,0,0,0,0,synthetic,0,0.24323508
77,launched,email,,8,Control neutro,Información general,Plantilla sin señales fuertes,0,0,0,0,16,25-34,M,Posgrado,2293,synthetic_user_2293@example.com,synthetic-uid-2293,1,1,0,1,0,synthetic,0,0.099757716
17,launched,email,,2,Autoridad,Comunicado institucional,Plantilla con señal de autoridad,0,1,0,0,38,55+,M,Tecnica,497,synthetic_user_497@example.com,synthetic-uid-497,1,0,0,0,0,synthetic,0,0.05363384
23,launched,email,,3,Recompensa,Beneficio disponible,Plantilla con señal de recompensa,0,0,1,0,19,35-44,F,Universitaria,689,synthetic_user_689@example.com,synthetic-uid-689,1,1,0,1,0,synthetic,0,0.018337216
61,launched,email,,7,Recompensa + Personalización,Beneficio exclusivo para usted,Plantilla combinada,0,0,1,1,36,55+,F,Posgrado,1827,synthetic_user_1827@example.com,synthetic-uid-1827,1,0,0,0,0,synthetic,0,0.030974945
75,launched,email,,8,Control neutro,Información general,Plantilla sin señales fuertes,0,0,0,0,11,25-34,F,Universitaria,2238,synthetic_user_2238@example.com,synthetic-uid-2238,1,1,0,1,0,synthetic,1,0.714256
35,launched,email,,4,Personalización,Actualización para usted,Plantilla con personalización,0,0,0,1,19,35-44,F,Universitaria,1048,synthetic_user_1048@example.com,synthetic-uid-1048,1,1,1,1,1,synthetic,1,0.5982488
64,launched,email,,7,Recompensa + Personalización,Beneficio exclusivo para usted,Plantilla combinada,0,0,1,1,30,45-54,M,Tecnica,1900,synthetic_user_1900@example.com,synthetic-uid-1900,1,1,0,1,0,synthetic,0,0.4325269
16,launched,email,,2,Autoridad,Comunicado institucional,Plantilla con señal de autoridad,0,1,0,0,22,35-44,M,Tecnica,461,synthetic_user_461@example.com,synthetic-uid-461,1,0,0,0,0,synthetic,0,0.40628836
12,launched,email,,2,Autoridad,Comunicado institucional,Plantilla con señal de autoridad,0,1,0,0,8,18-24,M,Posgrado,350,synthetic_user_350@example.com,synthetic-uid-350,1,0,0,0,0,synthetic,0,0.020455448
22,launched,email,,3,Recompensa,Beneficio disponible,Plantilla con señal de recompensa,0,0,1,0,7,18-24,M,Universitaria,636,synthetic_user_636@example.com,synthetic-uid-636,1,0,0,0,0,synthetic,0,0.238878
68,launched,email,,7,Recompensa + Personalización,Beneficio exclusivo para usted,Plantilla combinada,0,0,1,1,27,45-54,F,Universitaria,2034,synthetic_user_2034@example.com,synthetic-uid-2034,1,0,0,0,0,synthetic,0,0.4020645
74,launched,email,,8,Control neutro,Información general,Plantilla sin señales fuertes,0,0,0,0,1,18-24,F,Secundaria,2192,synthetic_user_2192@example.com,synthetic-uid-2192,1,0,0,0,0,synthetic,0,0.43259647
33,launched,email,,4,Personalización,Actualización para usted,Plantilla con personalización,0,0,0,1,29,45-54,M,Secundaria,976,synthetic_user_976@example.com,synthetic-uid-976,1,0,0,0,0,synthetic,1,0.54385066
46,launched,email,,5,Urgencia + Autoridad,Aviso urgente institucional,Plantilla combinada,1,1,0,0,29,45-54,M,Secundaria,1362,synthetic_user_1362@example.com,synthetic-uid-1362,1,0,0,0,0,synthetic,1,0.64717996
57,launched,email,,6,Autoridad + Personalización,Notificación importante para usted,Plantilla combinada,0,1,0,1,5,18-24,M,Secundaria,1683,synthetic_user_1683@example.com,synthetic-uid-1683,1,1,0,1,0,synthetic,1,0.6264148
36,launched,email,,4,Personalización,Actualización para usted,Plantilla con personalización,0,0,0,1,9,25-34,F,Secundaria,1066,synthetic_user_1066@example.com,synthetic-uid-1066,1,0,0,0,0,synthetic,1,0.68945503
35,launched,email,,4,Personalización,Actualización para usted,Plantilla con personalización,0,0,0,1,19,35-44,F,Universitaria,1049,synthetic_user_1049@example.com,synthetic-uid-1049,1,0,0,0,0,synthetic,1,0.5982488
76,launched,email,,8,Control neutro,Información general,Plantilla sin señales fuertes,0,0,0,0,39,55+,M,Universitaria,2275,synthetic_user_2275@example.com,synthetic-uid-2275,1,0,0,0,0,synthetic,0,0.4144991
18,launched,email,,2,Autoridad,Comunicado institucional,Plantilla con señal de autoridad,0,1,0,0,29,45-54,M,Secundaria,511,synthetic_user_511@example.com,synthetic-uid-511,1,1,0,1,0,synthetic,1,0.7679676
49,launched,email,,5,Urgencia + Autoridad,Aviso urgente institucional,Plantilla combinada,1,1,0,0,11,25-34,F,Universitaria,1462,synthetic_user_1462@example.com,synthetic-uid-1462,1,0,0,0,0,synthetic,0,0.39874858
22,launched,email,,3,Recompensa,Beneficio disponible,Plantilla con señal de recompensa,0,0,1,0,7,18-24,M,Universitaria,642,synthetic_user_642@example.com,synthetic-uid-642,1,0,0,0,0,synthetic,0,0.238878
33,launched,email,,4,Personalización,Actualización para usted,Plantilla con personalización,0,0,0,1,29,45-54,M,Secundaria,977,synthetic_user_977@example.com,synthetic-uid-977,1,0,0,0,0,synthetic,1,0.54385066
60,launched,email,,6,Autoridad + Personalización,Notificación importante para usted,Plantilla combinada,0,1,0,1,29,45-54,M,Secundaria,1791,synthetic_user_1791@example.com,synthetic-uid-1791,1,1,1,1,1,synthetic,0,0.3247557
46,launched,email,,5,Urgencia + Autoridad,Aviso urgente institucional,Plantilla combinada,1,1,0,0,29,45-54,M,Secundaria,1374,synthetic_user_1374@example.com,synthetic-uid-1374,1,0,0,0,0,synthetic,1,0.64717996
11,launched,email,,2,Autoridad,Comunicado institucional,Plantilla con señal de autoridad,0,1,0,0,14,25-34,M,Tecnica,302,synthetic_user_302@example.com,synthetic-uid-302,1,0,0,0,0,synthetic,0,0.09040243
25,launched,email,,3,Recompensa,Beneficio disponible,Plantilla con señal de recompensa,0,0,1,0,19,35-44,F,Universitaria,730,synthetic_user_730@example.com,synthetic-uid-730,1,0,0,0,0,synthetic,0,0.018337216
56,launched,email,,6,Autoridad + Personalización,Notificación importante para usted,Plantilla combinada,0,1,0,1,29,45-54,M,Secundaria,1659,synthetic_user_1659@example.com,synthetic-uid-1659,1,1,1,1,1,synthetic,0,0.3247557
56,launched,email,,6,Autoridad + Personalización,Notificación importante para usted,Plantilla combinada,0,1,0,1,29,45-54,M,Secundaria,1666,synthetic_user_1666@example.com,synthetic-uid-1666,1,1,1,1,1,synthetic,0,0.3247557
57,launched,email,,6,Autoridad + Personalización,Notificación importante para usted,Plantilla combinada,0,1,0,1,5,18-24,M,Secundaria,1702,synthetic_user_1702@example.com,synthetic-uid-1702,1,0,0,0,0,synthetic,1,0.6264148
23,launched,email,,3,Recompensa,Beneficio disponible,Plantilla con señal de recompensa,0,0,1,0,19,35-44,F,Universitaria,686,synthetic_user_686@example.com,synthetic-uid-686,1,1,0,1,0,synthetic,0,0.018337216
78,launched,email,,8,Control neutro,Información general,Plantilla sin señales fuertes,0,0,0,0,10,25-34,F,Tecnica,2311,synthetic_user_2311@example.com,synthetic-uid-2311,1,0,0,0,0,synthetic,0,0.4588928
18,launched,email,,2,Autoridad,Comunicado institucional,Plantilla con señal de autoridad,0,1,0,0,29,45-54,M,Secundaria,527,synthetic_user_527@example.com,synthetic-uid-527,1,0,0,0,0,synthetic,1,0.7679676
46,launched,email,,5,Urgencia + Autoridad,Aviso urgente institucional,Plantilla combinada,1,1,0,0,29,45-54,M,Secundaria,1380,synthetic_user_1380@example.com,synthetic-uid-1380,1,0,0,0,0,synthetic,1,0.64717996
58,launched,email,,6,Autoridad + Personalización,Notificación importante para usted,Plantilla combinada,0,1,0,1,5,18-24,M,Secundaria,1731,synthetic_user_1731@example.com,synthetic-uid-1731,1,1,0,1,0,synthetic,1,0.6264148
39,launched,email,,4,Personalización,Actualización para usted,Plantilla con personalización,0,0,0,1,25,45-54,F,Secundaria,1158,synthetic_user_1158@example.com,synthetic-uid-1158,1,1,1,1,1,synthetic,1,0.64553225
50,launched,email,,5,Urgencia + Autoridad,Aviso urgente institucional,Plantilla combinada,1,1,0,0,35,55+,F,Universitaria,1473,synthetic_user_1473@example.com,synthetic-uid-1473,1,0,0,0,0,synthetic,1,0.6283463
78,launched,email,,8,Control neutro,Información general,Plantilla sin señales fuertes,0,0,0,0,10,25-34,F,Tecnica,2326,synthetic_user_2326@example.com,synthetic-uid-2326,1,0,0,0,0,synthetic,0,0.4588928
73,launched,email,,8,Control neutro,Información general,Plantilla sin señales fuertes,0,0,0,0,6,18-24,M,Tecnica,2173,synthetic_user_2173@example.com,synthetic-uid-2173,1,1,0,1,0,synthetic,0,0.49216765
47,launched,email,,5,Urgencia + Autoridad,Aviso urgente institucional,Plantilla combinada,1,1,0,0,12,25-34,F,Posgrado,1397,synthetic_user_1397@example.com,synthetic-uid-1397,1,0,0,0,0,synthetic,1,0.6295889
37,launched,email,,4,Personalización,Actualización para usted,Plantilla con personalización,0,0,0,1,16,25-34,M,Posgrado,1109,synthetic_user_1109@example.com,synthetic-uid-1109,1,0,0,0,0,synthetic,1,0.59278464
30,launched,email,,3,Recompensa,Beneficio disponible,Plantilla con señal de recompensa,0,0,1,0,2,18-24,F,Tecnica,884,synthetic_user_884@example.com,synthetic-uid-884,1,1,1,1,1,synthetic,1,0.7367882
11,launched,email,,2,Autoridad,Comunicado institucional,Plantilla con señal de autoridad,0,1,0,0,14,25-34,M,Tecnica,311,synthetic_user_311@example.com,synthetic-uid-311,1,1,1,1,1,synthetic,0,0.09040243
46,launched,email,,5,Urgencia + Autoridad,Aviso urgente institucional,Plantilla combinada,1,1,0,0,29,45-54,M,Secundaria,1365,synthetic_user_1365@example.com,synthetic-uid-1365,1,1,0,1,0,synthetic,1,0.64717996
55,launched,email,,6,Autoridad + Personalización,Notificación importante para usted,Plantilla combinada,0,1,0,1,34,55+,F,Tecnica,1628,synthetic_user_1628@example.com,synthetic-uid-1628,1,0,0,0,0,synthetic,0,0.046595123
7,launched,email,,1,Urgencia,Acción requerida,Plantilla con señal de urgencia,1,0,0,0,38,55+,M,Tecnica,201,synthetic_user_201@example.com,synthetic-uid-201,1,1,0,1,0,synthetic,0,0.41445437
78,launched,email,,8,Control neutro,Información general,Plantilla sin señales fuertes,0,0,0,0,10,25-34,F,Tecnica,2339,synthetic_user_2339@example.com,synthetic-uid-2339,1,0,0,0,0,synthetic,0,0.4588928
61,launched,email,,7,Recompensa + Personalización,Beneficio exclusivo para usted,Plantilla combinada,0,0,1,1,36,55+,F,Posgrado,1808,synthetic_user_1808@example.com,synthetic-uid-1808,1,0,0,0,0,synthetic,0,0.030974945
19,launched,email,,2,Autoridad,Comunicado institucional,Plantilla con señal de autoridad,0,1,0,0,28,45-54,F,Posgrado,550,synthetic_user_550@example.com,synthetic-uid-550,1,0,0,0,0,synthetic,0,0.36537373
80,launched,email,,8,Control neutro,Información general,Plantilla sin señales fuertes,0,0,0,0,6,18-24,M,Tecnica,2373,synthetic_user_2373@example.com,synthetic-uid-2373,1,0,0,0,0,synthetic,0,0.49216765
23,launched,email,,3,Recompensa,Beneficio disponible,Plantilla con señal de recompensa,0,0,1,0,19,35-44,F,Universitaria,687,synthetic_user_687@example.com,synthetic-uid-687,1,0,0,0,0,synthetic,0,0.018337216
64,launched,email,,7,Recompensa + Personalización,Beneficio exclusivo para usted,Plantilla combinada,0,0,1,1,30,45-54,M,Tecnica,1919,synthetic_user_1919@example.com,synthetic-uid-1919,1,1,0,1,0,synthetic,0,0.4325269
42,launched,email,,5,Urgencia + Autoridad,Aviso urgente institucional,Plantilla combinada,1,1,0,0,14,25-34,M,Tecnica,1233,synthetic_user_1233@example.com,synthetic-uid-1233,1,1,0,1,0,synthetic,1,0.77686954
66,launched,email,,7,Recompensa + Personalización,Beneficio exclusivo para usted,Plantilla combinada,0,0,1,1,37,55+,M,Secundaria,1970,synthetic_user_1970@example.com,synthetic-uid-1970,1,0,0,0,0,synthetic,0,0.24323508
54,launched,email,,6,Autoridad + Personalización,Notificación importante para usted,Plantilla combinada,0,1,0,1,31,45-54,M,Universitaria,1613,synthetic_user_1613@example.com,synthetic-uid-1613,1,0,0,0,0,synthetic,0,0.05123183
57,launched,email,,6,Autoridad + Personalización,Notificación importante para usted,Plantilla combinada,0,1,0,1,5,18-24,M,Secundaria,1685,synthetic_user_1685@example.com,synthetic-uid-1685,1,0,0,0,0,synthetic,1,0.6264148
47,launched,email,,5,Urgencia + Autoridad,Aviso urgente institucional,Plantilla combinada,1,1,0,0,12,25-34,F,Posgrado,1389,synthetic_user_1389@example.com,synthetic-uid-1389,1,0,0,0,0,synthetic,1,0.6295889
10,launched,email,,1,Urgencia,Acción requerida,Plantilla con señal de urgencia,1,0,0,0,21,35-44,M,Secundaria,292,synthetic_user_292@example.com,synthetic-uid-292,1,0,0,0,0,synthetic,0,0.3331187
56,launched,email,,6,Autoridad + Personalización,Notificación importante para usted,Plantilla combinada,0,1,0,1,29,45-54,M,Secundaria,1664,synthetic_user_1664@example.com,synthetic-uid-1664,1,1,0,1,0,synthetic,0,0.3247557
60,launched,email,,6,Autoridad + Personalización,Notificación importante para usted,Plantilla combinada,0,1,0,1,29,45-54,M,Secundaria,1792,synthetic_user_1792@example.com,synthetic-uid-1792,1,1,0,1,0,synthetic,0,0.3247557
26,launched,email,,3,Recompensa,Beneficio disponible,Plantilla con señal de recompensa,0,0,1,0,7,18-24,M,Universitaria,767,synthetic_user_767@example.com,synthetic-uid-767,1,0,0,0,0,synthetic,0,0.238878
23,launched,email,,3,Recompensa,Beneficio disponible,Plantilla con señal de recompensa,0,0,1,0,19,35-44,F,Universitaria,690,synthetic_user_690@example.com,synthetic-uid-690,1,0,0,0,0,synthetic,0,0.018337216
8,launched,email,,1,Urgencia,Acción requerida,Plantilla con señal de urgencia,1,0,0,0,7,18-24,M,Universitaria,222,synthetic_user_222@example.com,synthetic-uid-222,1,1,0,1,0,synthetic,0,0.4410509
66,launched,email,,7,Recompensa + Personalización,Beneficio exclusivo para usted,Plantilla combinada,0,0,1,1,37,55+,M,Secundaria,1974,synthetic_user_1974@example.com,synthetic-uid-1974,1,1,0,1,0,synthetic,0,0.24323508
43,launched,email,,5,Urgencia + Autoridad,Aviso urgente institucional,Plantilla combinada,1,1,0,0,7,18-24,M,Universitaria,1275,synthetic_user_1275@example.com,synthetic-uid-1275,1,1,0,1,0,synthetic,0,0.45370194
71,launched,email,,8,Control neutro,Información general,Plantilla sin señales fuertes,0,0,0,0,22,35-44,M,Tecnica,2126,synthetic_user_2126@example.com,synthetic-uid-2126,1,0,0,0,0,synthetic,0,0.4408605
34,launched,email,,4,Personalización,Actualización para usted,Plantilla con personalización,0,0,0,1,14,25-34,M,Tecnica,1011,synthetic_user_1011@example.com,synthetic-uid-1011,1,0,0,0,0,synthetic,0,0.42770037
40,launched,email,,4,Personalización,Actualización para usted,Plantilla con personalización,0,0,0,1,12,25-34,F,Posgrado,1196,synthetic_user_1196@example.com,synthetic-uid-1196,1,0,0,0,0,synthetic,1,0.6206687
34,launched,email,,4,Personalización,Actualización para usted,Plantilla con personalización,0,0,0,1,14,25-34,M,Tecnica,1020,synthetic_user_1020@example.com,synthetic-uid-1020,1,0,0,0,0,synthetic,0,0.42770037
45,launched,email,,5,Urgencia + Autoridad,Aviso urgente institucional,Plantilla combinada,1,1,0,0,31,45-54,M,Universitaria,1321,synthetic_user_1321@example.com,synthetic-uid-1321,1,0,0,0,0,synthetic,1,0.5888963
68,launched,email,,7,Recompensa + Personalización,Beneficio exclusivo para usted,Plantilla combinada,0,0,1,1,27,45-54,F,Universitaria,2038,synthetic_user_2038@example.com,synthetic-uid-2038,1,0,0,0,0,synthetic,0,0.4020645
75,launched,email,,8,Control neutro,Información general,Plantilla sin señales fuertes,0,0,0,0,11,25-34,F,Universitaria,2228,synthetic_user_2228@example.com,synthetic-uid-2228,1,0,0,0,0,synthetic,1,0.714256
74,launched,email,,8,Control neutro,Información general,Plantilla sin señales fuertes,0,0,0,0,1,18-24,F,Secundaria,2208,synthetic_user_2208@example.com,synthetic-uid-2208,1,1,0,1,0,synthetic,0,0.43259647
70,launched,email,,7,Recompensa + Personalización,Beneficio exclusivo para usted,Plantilla combinada,0,0,1,1,14,25-34,M,Tecnica,2082,synthetic_user_2082@example.com,synthetic-uid-2082,1,0,0,0,0,synthetic,1,0.61100185
58,launched,email,,6,Autoridad + Personalización,Notificación importante para usted,Plantilla combinada,0,1,0,1,5,18-24,M,Secundaria,1725,synthetic_user_1725@example.com,synthetic-uid-1725,1,1,0,1,0,synthetic,1,0.6264148
50,launched,email,,5,Urgencia + Autoridad,Aviso urgente institucional,Plantilla combinada,1,1,0,0,35,55+,F,Universitaria,1488,synthetic_user_1488@example.com,synthetic-uid-1488,1,0,0,0,0,synthetic,1,0.6283463
69,launched,email,,7,Recompensa + Personalización,Beneficio exclusivo para usted,Plantilla combinada,0,0,1,1,25,45-54,F,Secundaria,2053,synthetic_user_2053@example.com,synthetic-uid-2053,1,1,1,1,1,synthetic,1,0.56930554
64,launched,email,,7,Recompensa + Personalización,Beneficio exclusivo para usted,Plantilla combinada,0,0,1,1,30,45-54,M,Tecnica,1910,synthetic_user_1910@example.com,synthetic-uid-1910,1,0,0,0,0,synthetic,0,0.4325269
75,launched,email,,8,Control neutro,Información general,Plantilla sin señales fuertes,0,0,0,0,11,25-34,F,Universitaria,2249,synthetic_user_2249@example.com,synthetic-uid-2249,1,1,1,1,1,synthetic,1,0.714256
64,launched,email,,7,Recompensa + Personalización,Beneficio exclusivo para usted,Plantilla combinada,0,0,1,1,30,45-54,M,Tecnica,1897,synthetic_user_1897@example.com,synthetic-uid-1897,1,0,0,0,0,synthetic,0,0.4325269
54,launched,email,,6,Autoridad + Personalización,Notificación importante para usted,Plantilla combinada,0,1,0,1,31,45-54,M,Universitaria,1594,synthetic_user_1594@example.com,synthetic-uid-1594,1,1,0,1,0,synthetic,0,0.05123183
62,launched,email,,7,Recompensa + Personalización,Beneficio exclusivo para usted,Plantilla combinada,0,0,1,1,16,25-34,M,Posgrado,1859,synthetic_user_1859@example.com,synthetic-uid-1859,1,0,0,0,0,synthetic,0,0.41931945
17,launched,email,,2,Autoridad,Comunicado institucional,Plantilla con señal de autoridad,0,1,0,0,38,55+,M,Tecnica,510,synthetic_user_510@example.com,synthetic-uid-510,1,0,0,0,0,synthetic,0,0.05363384
26,launched,email,,3,Recompensa,Beneficio disponible,Plantilla con señal de recompensa,0,0,1,0,7,18-24,M,Universitaria,780,synthetic_user_780@example.com,synthetic-uid-780,1,0,0,0,0,synthetic,0,0.238878
44,launched,email,,5,Urgencia + Autoridad,Aviso urgente institucional,Plantilla combinada,1,1,0,0,20,35-44,F,Posgrado,1316,synthetic_user_1316@example.com,synthetic-uid-1316,1,0,0,0,0,synthetic,0,0.37978777
71,launched,email,,8,Control neutro,Información general,Plantilla sin señales fuertes,0,0,0,0,22,35-44,M,Tecnica,2119,synthetic_user_2119@example.com,synthetic-uid-2119,1,0,0,0,0,synthetic,0,0.4408605
18,launched,email,,2,Autoridad,Comunicado institucional,Plantilla con señal de autoridad,0,1,0,0,29,45-54,M,Secundaria,536,synthetic_user_536@example.com,synthetic-uid-536,1,0,0,0,0,synthetic,1,0.7679676
39,launched,email,,4,Personalización,Actualización para usted,Plantilla con personalización,0,0,0,1,25,45-54,F,Secundaria,1164,synthetic_user_1164@example.com,synthetic-uid-1164,1,0,0,0,0,synthetic,1,0.64553225
79,launched,email,,8,Control neutro,Información general,Plantilla sin señales fuertes,0,0,0,0,21,35-44,M,Secundaria,2360,synthetic_user_2360@example.com,synthetic-uid-2360,1,1,0,1,0,synthetic,0,0.08492131
80,launched,email,,8,Control neutro,Información general,Plantilla sin señales fuertes,0,0,0,0,6,18-24,M,Tecnica,2381,synthetic_user_2381@example.com,synthetic-uid-2381,1,0,0,0,0,synthetic,0,0.49216765
66,launched,email,,7,Recompensa + Personalización,Beneficio exclusivo para usted,Plantilla combinada,0,0,1,1,37,55+,M,Secundaria,1953,synthetic_user_1953@example.com,synthetic-uid-1953,1,1,0,1,0,synthetic,0,0.24323508
27,launched,email,,3,Recompensa,Beneficio disponible,Plantilla con señal de recompensa,0,0,1,0,14,25-34,M,Tecnica,783,synthetic_user_783@example.com,synthetic-uid-783,1,0,0,0,0,synthetic,1,0.79492116
73,launched,email,,8,Control neutro,Información general,Plantilla sin señales fuertes,0,0,0,0,6,18-24,M,Tecnica,2162,synthetic_user_2162@example.com,synthetic-uid-2162,1,1,0,1,0,synthetic,0,0.49216765
12,launched,email,,2,Autoridad,Comunicado institucional,Plantilla con señal de autoridad,0,1,0,0,8,18-24,M,Posgrado,340,synthetic_user_340@example.com,synthetic-uid-340,1,0,0,0,0,synthetic,0,0.020455448
55,launched,email,,6,Autoridad + Personalización,Notificación importante para usted,Plantilla combinada,0,1,0,1,34,55+,F,Tecnica,1623,synthetic_user_1623@example.com,synthetic-uid-1623,1,0,0,0,0,synthetic,0,0.046595123
46,launched,email,,5,Urgencia + Autoridad,Aviso urgente institucional,Plantilla combinada,1,1,0,0,29,45-54,M,Secundaria,1360,synthetic_user_1360@example.com,synthetic-uid-1360,1,1,0,1,0,synthetic,1,0.64717996
8,launched,email,,1,Urgencia,Acción requerida,Plantilla con señal de urgencia,1,0,0,0,7,18-24,M,Universitaria,211,synthetic_user_211@example.com,synthetic-uid-211,1,0,0,0,0,synthetic,0,0.4410509
38,launched,email,,4,Personalización,Actualización para usted,Plantilla con personalización,0,0,0,1,12,25-34,F,Posgrado,1117,synthetic_user_1117@example.com,synthetic-uid-1117,1,1,0,1,0,synthetic,1,0.6206687
21,launched,email,,3,Recompensa,Beneficio disponible,Plantilla con señal de recompensa,0,0,1,0,18,35-44,F,Tecnica,617,synthetic_user_617@example.com,synthetic-uid-617,1,0,0,0,0,synthetic,0,0.35440245
40,launched,email,,4,Personalización,Actualización para usted,Plantilla con personalización,0,0,0,1,12,25-34,F,Posgrado,1198,synthetic_user_1198@example.com,synthetic-uid-1198,1,1,0,1,0,synthetic,1,0.6206687
38,launched,email,,4,Personalización,Actualización para usted,Plantilla con personalización,0,0,0,1,12,25-34,F,Posgrado,1124,synthetic_user_1124@example.com,synthetic-uid-1124,1,0,0,0,0,synthetic,1,0.6206687
55,launched,email,,6,Autoridad + Personalización,Notificación importante para usted,Plantilla combinada,0,1,0,1,34,55+,F,Tecnica,1634,synthetic_user_1634@example.com,synthetic-uid-1634,1,1,0,1,0,synthetic,0,0.046595123
55,launched,email,,6,Autoridad + Personalización,Notificación importante para usted,Plantilla combinada,0,1,0,1,34,55+,F,Tecnica,1633,synthetic_user_1633@example.com,synthetic-uid-1633,1,0,0,0,0,synthetic,0,0.046595123
21,launched,email,,3,Recompensa,Beneficio disponible,Plantilla con señal de recompensa,0,0,1,0,18,35-44,F,Tecnica,625,synthetic_user_625@example.com,synthetic-uid-625,1,0,0,0,0,synthetic,0,0.35440245
58,launched,email,,6,Autoridad + Personalización,Notificación importante para usted,Plantilla combinada,0,1,0,1,5,18-24,M,Secundaria,1737,synthetic_user_1737@example.com,synthetic-uid-1737,1,0,0,0,0,synthetic,1,0.6264148
67,launched,email,,7,Recompensa + Personalización,Beneficio exclusivo para usted,Plantilla combinada,0,0,1,1,12,25-34,F,Posgrado,2004,synthetic_user_2004@example.com,synthetic-uid-2004,1,1,0,1,0,synthetic,1,0.5582459
43,launched,email,,5,Urgencia + Autoridad,Aviso urgente institucional,Plantilla combinada,1,1,0,0,7,18-24,M,Universitaria,1290,synthetic_user_1290@example.com,synthetic-uid-1290,1,0,0,0,0,synthetic,0,0.45370194
38,launched,email,,4,Personalización,Actualización para usted,Plantilla con personalización,0,0,0,1,12,25-34,F,Posgrado,1139,synthetic_user_1139@example.com,synthetic-uid-1139,1,0,0,0,0,synthetic,1,0.6206687
60,launched,email,,6,Autoridad + Personalización,Notificación importante para usted,Plantilla combinada,0,1,0,1,29,45-54,M,Secundaria,1781,synthetic_user_1781@example.com,synthetic-uid-1781,1,0,0,0,0,synthetic,0,0.3247557
48,launched,email,,5,Urgencia + Autoridad,Aviso urgente institucional,Plantilla combinada,1,1,0,0,1,18-24,F,Secundaria,1434,synthetic_user_1434@example.com,synthetic-uid-1434,1,0,0,0,0,synthetic,0,0.35708216
28,launched,email,,3,Recompensa,Beneficio disponible,Plantilla con señal de recompensa,0,0,1,0,29,45-54,M,Secundaria,834,synthetic_user_834@example.com,synthetic-uid-834,1,1,0,1,0,synthetic,1,0.6282339
7,launched,email,,1,Urgencia,Acción requerida,Plantilla con señal de urgencia,1,0,0,0,38,55+,M,Tecnica,195,synthetic_user_195@example.com,synthetic-uid-195,1,0,0,0,0,synthetic,0,0.41445437
32,launched,email,,4,Personalización,Actualización para usted,Plantilla con personalización,0,0,0,1,37,55+,M,Secundaria,959,synthetic_user_959@example.com,synthetic-uid-959,1,1,0,1,0,synthetic,0,0.08825932
79,launched,email,,8,Control neutro,Información general,Plantilla sin señales fuertes,0,0,0,0,21,35-44,M,Secundaria,2350,synthetic_user_2350@example.com,synthetic-uid-2350,1,1,0,1,0,synthetic,0,0.08492131
73,launched,email,,8,Control neutro,Información general,Plantilla sin señales fuertes,0,0,0,0,6,18-24,M,Tecnica,2189,synthetic_user_2189@example.com,synthetic-uid-2189,1,0,0,0,0,synthetic,0,0.49216765
4,launched,email,,1,Urgencia,Acción requerida,Plantilla con señal de urgencia,1,0,0,0,35,55+,F,Universitaria,116,synthetic_user_116@example.com,synthetic-uid-116,1,0,0,0,0,synthetic,0,0.25696817
40,launched,email,,4,Personalización,Actualización para usted,Plantilla con personalización,0,0,0,1,12,25-34,F,Posgrado,1193,synthetic_user_1193@example.com,synthetic-uid-1193,1,0,0,0,0,synthetic,1,0.6206687
50,launched,email,,5,Urgencia + Autoridad,Aviso urgente institucional,Plantilla combinada,1,1,0,0,35,55+,F,Universitaria,1489,synthetic_user_1489@example.com,synthetic-uid-1489,1,0,0,0,0,synthetic,1,0.6283463
43,launched,email,,5,Urgencia + Autoridad,Aviso urgente institucional,Plantilla combinada,1,1,0,0,7,18-24,M,Universitaria,1273,synthetic_user_1273@example.com,synthetic-uid-1273,1,0,0,0,0,synthetic,0,0.45370194
43,launched,email,,5,Urgencia + Autoridad,Aviso urgente institucional,Plantilla combinada,1,1,0,0,7,18-24,M,Universitaria,1282,synthetic_user_1282@example.com,synthetic-uid-1282,1,0,0,0,0,synthetic,0,0.45370194
24,launched,email,,3,Recompensa,Beneficio disponible,Plantilla con señal de recompensa,0,0,1,0,1,18-24,F,Secundaria,719,synthetic_user_719@example.com,synthetic-uid-719,1,1,0,1,0,synthetic,0,0.3835021
52,launched,email,,6,Autoridad + Personalización,Notificación importante para usted,Plantilla combinada,0,1,0,1,29,45-54,M,Secundaria,1542,synthetic_user_1542@example.com,synthetic-uid-1542,1,1,0,1,0,synthetic,0,0.3247557
51,launched,email,,6,Autoridad + Personalización,Notificación importante para usted,Plantilla combinada,0,1,0,1,15,25-34,M,Universitaria,1530,synthetic_user_1530@example.com,synthetic-uid-1530,1,1,0,1,0,synthetic,0,0.020252198
35,launched,email,,4,Personalización,Actualización para usted,Plantilla con personalización,0,0,0,1,19,35-44,F,Universitaria,1028,synthetic_user_1028@example.com,synthetic-uid-1028,1,0,0,0,0,synthetic,1,0.5982488
29,launched,email,,3,Recompensa,Beneficio disponible,Plantilla con señal de recompensa,0,0,1,0,22,35-44,M,Tecnica,870,synthetic_user_870@example.com,synthetic-uid-870,1,1,0,1,0,synthetic,1,0.61362773
10,launched,email,,1,Urgencia,Acción requerida,Plantilla con señal de urgencia,1,0,0,0,21,35-44,M,Secundaria,293,synthetic_user_293@example.com,synthetic-uid-293,1,0,0,0,0,synthetic,0,0.3331187
46,launched,email,,5,Urgencia + Autoridad,Aviso urgente institucional,Plantilla combinada,1,1,0,0,29,45-54,M,Secundaria,1378,synthetic_user_1378@example.com,synthetic-uid-1378,1,0,0,0,0,synthetic,1,0.64717996
1,launched,email,,1,Urgencia,Acción requerida,Plantilla con señal de urgencia,1,0,0,0,8,18-24,M,Posgrado,15,synthetic_user_15@example.com,synthetic-uid-15,1,1,1,1,1,synthetic,0,0.39603683
35,launched,email,,4,Personalización,Actualización para usted,Plantilla con personalización,0,0,0,1,19,35-44,F,Universitaria,1043,synthetic_user_1043@example.com,synthetic-uid-1043,1,0,0,0,0,synthetic,1,0.5982488
24,launched,email,,3,Recompensa,Beneficio disponible,Plantilla con señal de recompensa,0,0,1,0,1,18-24,F,Secundaria,717,synthetic_user_717@example.com,synthetic-uid-717,1,0,0,0,0,synthetic,0,0.3835021
79,launched,email,,8,Control neutro,Información general,Plantilla sin señales fuertes,0,0,0,0,21,35-44,M,Secundaria,2351,synthetic_user_2351@example.com,synthetic-uid-2351,1,0,0,0,0,synthetic,0,0.08492131
76,launched,email,,8,Control neutro,Información general,Plantilla sin señales fuertes,0,0,0,0,39,55+,M,Universitaria,2279,synthetic_user_2279@example.com,synthetic-uid-2279,1,0,0,0,0,synthetic,0,0.4144991
48,launched,email,,5,Urgencia + Autoridad,Aviso urgente institucional,Plantilla combinada,1,1,0,0,1,18-24,F,Secundaria,1436,synthetic_user_1436@example.com,synthetic-uid-1436,1,0,0,0,0,synthetic,0,0.35708216
39,launched,email,,4,Personalización,Actualización para usted,Plantilla con personalización,0,0,0,1,25,45-54,F,Secundaria,1157,synthetic_user_1157@example.com,synthetic-uid-1157,1,0,0,0,0,synthetic,1,0.64553225
32,launched,email,,4,Personalización,Actualización para usted,Plantilla con personalización,0,0,0,1,37,55+,M,Secundaria,931,synthetic_user_931@example.com,synthetic-uid-931,1,0,0,0,0,synthetic,0,0.08825932
60,launched,email,,6,Autoridad + Personalización,Notificación importante para usted,Plantilla combinada,0,1,0,1,29,45-54,M,Secundaria,1797,synthetic_user_1797@example.com,synthetic-uid-1797,1,1,0,1,0,synthetic,0,0.3247557
66,launched,email,,7,Recompensa + Personalización,Beneficio exclusivo para usted,Plantilla combinada,0,0,1,1,37,55+,M,Secundaria,1958,synthetic_user_1958@example.com,synthetic-uid-1958,1,0,0,0,0,synthetic,0,0.24323508
9,launched,email,,1,Urgencia,Acción requerida,Plantilla con señal de urgencia,1,0,0,0,16,25-34,M,Posgrado,252,synthetic_user_252@example.com,synthetic-uid-252,1,1,0,1,0,synthetic,1,0.57543087
48,launched,email,,5,Urgencia + Autoridad,Aviso urgente institucional,Plantilla combinada,1,1,0,0,1,18-24,F,Secundaria,1412,synthetic_user_1412@example.com,synthetic-uid-1412,1,1,0,1,0,synthetic,0,0.35708216
4,launched,email,,1,Urgencia,Acción requerida,Plantilla con señal de urgencia,1,0,0,0,35,55+,F,Universitaria,105,synthetic_user_105@example.com,synthetic-uid-105,1,1,0,1,0,synthetic,0,0.25696817
54,launched,email,,6,Autoridad + Personalización,Notificación importante para usted,Plantilla combinada,0,1,0,1,31,45-54,M,Universitaria,1601,synthetic_user_1601@example.com,synthetic-uid-1601,1,0,0,0,0,synthetic,0,0.05123183
43,launched,email,,5,Urgencia + Autoridad,Aviso urgente institucional,Plantilla combinada,1,1,0,0,7,18-24,M,Universitaria,1289,synthetic_user_1289@example.com,synthetic-uid-1289,1,0,0,0,0,synthetic,0,0.45370194
6,launched,email,,1,Urgencia,Acción requerida,Plantilla con señal de urgencia,1,0,0,0,4,18-24,F,Posgrado,164,synthetic_user_164@example.com,synthetic-uid-164,1,0,0,0,0,synthetic,1,0.67375076
54,launched,email,,6,Autoridad + Personalización,Notificación importante para usted,Plantilla combinada,0,1,0,1,31,45-54,M,Universitaria,1614,synthetic_user_1614@example.com,synthetic-uid-1614,1,0,0,0,0,synthetic,0,0.05123183
64,launched,email,,7,Recompensa + Personalización,Beneficio exclusivo para usted,Plantilla combinada,0,0,1,1,30,45-54,M,Tecnica,1916,synthetic_user_1916@example.com,synthetic-uid-1916,1,1,1,1,1,synthetic,0,0.4325269
67,launched,email,,7,Recompensa + Personalización,Beneficio exclusivo para usted,Plantilla combinada,0,0,1,1,12,25-34,F,Posgrado,1986,synthetic_user_1986@example.com,synthetic-uid-1986,1,0,0,0,0,synthetic,1,0.5582459
8,launched,email,,1,Urgencia,Acción requerida,Plantilla con señal de urgencia,1,0,0,0,7,18-24,M,Universitaria,235,synthetic_user_235@example.com,synthetic-uid-235,1,0,0,0,0,synthetic,0,0.4410509
15,launched,email,,2,Autoridad,Comunicado institucional,Plantilla con señal de autoridad,0,1,0,0,5,18-24,M,Secundaria,432,synthetic_user_432@example.com,synthetic-uid-432,1,0,0,0,0,synthetic,1,0.5730762
41,launched,email,,5,Urgencia + Autoridad,Aviso urgente institucional,Plantilla combinada,1,1,0,0,34,55+,F,Tecnica,1219,synthetic_user_1219@example.com,synthetic-uid-1219,1,0,0,0,0,synthetic,1,0.6509482
26,launched,email,,3,Recompensa,Beneficio disponible,Plantilla con señal de recompensa,0,0,1,0,7,18-24,M,Universitaria,761,synthetic_user_761@example.com,synthetic-uid-761,1,0,0,0,0,synthetic,0,0.238878
2,launched,email,,1,Urgencia,Acción requerida,Plantilla con señal de urgencia,1,0,0,0,3,18-24,F,Universitaria,56,synthetic_user_56@example.com,synthetic-uid-56,1,1,0,1,0,synthetic,0,0.40512323
67,launched,email,,7,Recompensa + Personalización,Beneficio exclusivo para usted,Plantilla combinada,0,0,1,1,12,25-34,F,Posgrado,2009,synthetic_user_2009@example.com,synthetic-uid-2009,1,0,0,0,0,synthetic,1,0.5582459
7,launched,email,,1,Urgencia,Acción requerida,Plantilla con señal de urgencia,1,0,0,0,38,55+,M,Tecnica,205,synthetic_user_205@example.com,synthetic-uid-205,1,0,0,0,0,synthetic,0,0.41445437
17,launched,email,,2,Autoridad,Comunicado institucional,Plantilla con señal de autoridad,0,1,0,0,38,55+,M,Tecnica,509,synthetic_user_509@example.com,synthetic-uid-509,1,1,0,1,0,synthetic,0,0.05363384
32,launched,email,,4,Personalización,Actualización para usted,Plantilla con personalización,0,0,0,1,37,55+,M,Secundaria,944,synthetic_user_944@example.com,synthetic-uid-944,1,0,0,0,0,synthetic,0,0.08825932
57,launched,email,,6,Autoridad + Personalización,Notificación importante para usted,Plantilla combinada,0,1,0,1,5,18-24,M,Secundaria,1687,synthetic_user_1687@example.com,synthetic-uid-1687,1,0,0,0,0,synthetic,1,0.6264148
1,launched,email,,1,Urgencia,Acción requerida,Plantilla con señal de urgencia,1,0,0,0,8,18-24,M,Posgrado,4,synthetic_user_4@example.com,synthetic-uid-4,1,0,0,0,0,synthetic,0,0.39603683
28,launched,email,,3,Recompensa,Beneficio disponible,Plantilla con señal de recompensa,0,0,1,0,29,45-54,M,Secundaria,823,synthetic_user_823@example.com,synthetic-uid-823,1,0,0,0,0,synthetic,1,0.6282339
18,launched,email,,2,Autoridad,Comunicado institucional,Plantilla con señal de autoridad,0,1,0,0,29,45-54,M,Secundaria,513,synthetic_user_513@example.com,synthetic-uid-513,1,0,0,0,0,synthetic,1,0.7679676
6,launched,email,,1,Urgencia,Acción requerida,Plantilla con señal de urgencia,1,0,0,0,4,18-24,F,Posgrado,155,synthetic_user_155@example.com,synthetic-uid-155,1,1,0,1,0,synthetic,1,0.67375076
35,launched,email,,4,Personalización,Actualización para usted,Plantilla con personalización,0,0,0,1,19,35-44,F,Universitaria,1026,synthetic_user_1026@example.com,synthetic-uid-1026,1,0,0,0,0,synthetic,1,0.5982488
16,launched,email,,2,Autoridad,Comunicado institucional,Plantilla con señal de autoridad,0,1,0,0,22,35-44,M,Tecnica,472,synthetic_user_472@example.com,synthetic-uid-472,1,0,0,0,0,synthetic,0,0.40628836
78,launched,email,,8,Control neutro,Información general,Plantilla sin señales fuertes,0,0,0,0,10,25-34,F,Tecnica,2336,synthetic_user_2336@example.com,synthetic-uid-2336,1,0,0,0,0,synthetic,0,0.4588928
76,launched,email,,8,Control neutro,Información general,Plantilla sin señales fuertes,0,0,0,0,39,55+,M,Universitaria,2251,synthetic_user_2251@example.com,synthetic-uid-2251,1,0,0,0,0,synthetic,0,0.4144991
80,launched,email,,8,Control neutro,Información general,Plantilla sin señales fuertes,0,0,0,0,6,18-24,M,Tecnica,2392,synthetic_user_2392@example.com,synthetic-uid-2392,1,0,0,0,0,synthetic,0,0.49216765
19,launched,email,,2,Autoridad,Comunicado institucional,Plantilla con señal de autoridad,0,1,0,0,28,45-54,F,Posgrado,567,synthetic_user_567@example.com,synthetic-uid-567,1,1,1,1,1,synthetic,0,0.36537373
37,launched,email,,4,Personalización,Actualización para usted,Plantilla con personalización,0,0,0,1,16,25-34,M,Posgrado,1105,synthetic_user_1105@example.com,synthetic-uid-1105,1,1,1,1,1,synthetic,1,0.59278464
41,launched,email,,5,Urgencia + Autoridad,Aviso urgente institucional,Plantilla combinada,1,1,0,0,34,55+,F,Tecnica,1223,synthetic_user_1223@example.com,synthetic-uid-1223,1,0,0,0,0,synthetic,1,0.6509482
1,launched,email,,1,Urgencia,Acción requerida,Plantilla con señal de urgencia,1,0,0,0,8,18-24,M,Posgrado,23,synthetic_user_23@example.com,synthetic-uid-23,1,0,0,0,0,synthetic,0,0.39603683
80,launched,email,,8,Control neutro,Información general,Plantilla sin señales fuertes,0,0,0,0,6,18-24,M,Tecnica,2389,synthetic_user_2389@example.com,synthetic-uid-2389,1,1,0,1,0,synthetic,0,0.49216765
49,launched,email,,5,Urgencia + Autoridad,Aviso urgente institucional,Plantilla combinada,1,1,0,0,11,25-34,F,Universitaria,1466,synthetic_user_1466@example.com,synthetic-uid-1466,1,0,0,0,0,synthetic,0,0.39874858
70,launched,email,,7,Recompensa + Personalización,Beneficio exclusivo para usted,Plantilla combinada,0,0,1,1,14,25-34,M,Tecnica,2077,synthetic_user_2077@example.com,synthetic-uid-2077,1,1,0,1,0,synthetic,1,0.61100185
67,launched,email,,7,Recompensa + Personalización,Beneficio exclusivo para usted,Plantilla combinada,0,0,1,1,12,25-34,F,Posgrado,1997,synthetic_user_1997@example.com,synthetic-uid-1997,1,0,0,0,0,synthetic,1,0.5582459
45,launched,email,,5,Urgencia + Autoridad,Aviso urgente institucional,Plantilla combinada,1,1,0,0,31,45-54,M,Universitaria,1336,synthetic_user_1336@example.com,synthetic-uid-1336,1,0,0,0,0,synthetic,1,0.5888963
52,launched,email,,6,Autoridad + Personalización,Notificación importante para usted,Plantilla combinada,0,1,0,1,29,45-54,M,Secundaria,1537,synthetic_user_1537@example.com,synthetic-uid-1537,1,1,0,1,0,synthetic,0,0.3247557
12,launched,email,,2,Autoridad,Comunicado institucional,Plantilla con señal de autoridad,0,1,0,0,8,18-24,M,Posgrado,345,synthetic_user_345@example.com,synthetic-uid-345,1,0,0,0,0,synthetic,0,0.020455448
53,launched,email,,6,Autoridad + Personalización,Notificación importante para usted,Plantilla combinada,0,1,0,1,27,45-54,F,Universitaria,1589,synthetic_user_1589@example.com,synthetic-uid-1589,1,1,0,1,0,synthetic,0,0.45254278
77,launched,email,,8,Control neutro,Información general,Plantilla sin señales fuertes,0,0,0,0,16,25-34,M,Posgrado,2301,synthetic_user_2301@example.com,synthetic-uid-2301,1,1,0,1,0,synthetic,0,0.099757716
1,launched,email,,1,Urgencia,Acción requerida,Plantilla con señal de urgencia,1,0,0,0,8,18-24,M,Posgrado,30,synthetic_user_30@example.com,synthetic-uid-30,1,0,0,0,0,synthetic,0,0.39603683
43,launched,email,,5,Urgencia + Autoridad,Aviso urgente institucional,Plantilla combinada,1,1,0,0,7,18-24,M,Universitaria,1262,synthetic_user_1262@example.com,synthetic-uid-1262,1,0,0,0,0,synthetic,0,0.45370194
29,launched,email,,3,Recompensa,Beneficio disponible,Plantilla con señal de recompensa,0,0,1,0,22,35-44,M,Tecnica,866,synthetic_user_866@example.com,synthetic-uid-866,1,0,0,0,0,synthetic,1,0.61362773
29,launched,email,,3,Recompensa,Beneficio disponible,Plantilla con señal de recompensa,0,0,1,0,22,35-44,M,Tecnica,869,synthetic_user_869@example.com,synthetic-uid-869,1,0,0,0,0,synthetic,1,0.61362773
15,launched,email,,2,Autoridad,Comunicado institucional,Plantilla con señal de autoridad,0,1,0,0,5,18-24,M,Secundaria,427,synthetic_user_427@example.com,synthetic-uid-427,1,0,0,0,0,synthetic,1,0.5730762
34,launched,email,,4,Personalización,Actualización para usted,Plantilla con personalización,0,0,0,1,14,25-34,M,Tecnica,1007,synthetic_user_1007@example.com,synthetic-uid-1007,1,0,0,0,0,synthetic,0,0.42770037
17,launched,email,,2,Autoridad,Comunicado institucional,Plantilla con señal de autoridad,0,1,0,0,38,55+,M,Tecnica,490,synthetic_user_490@example.com,synthetic-uid-490,1,1,0,1,0,synthetic,0,0.05363384
21,launched,email,,3,Recompensa,Beneficio disponible,Plantilla con señal de recompensa,0,0,1,0,18,35-44,F,Tecnica,616,synthetic_user_616@example.com,synthetic-uid-616,1,0,0,0,0,synthetic,0,0.35440245
68,launched,email,,7,Recompensa + Personalización,Beneficio exclusivo para usted,Plantilla combinada,0,0,1,1,27,45-54,F,Universitaria,2020,synthetic_user_2020@example.com,synthetic-uid-2020,1,0,0,0,0,synthetic,0,0.4020645
67,launched,email,,7,Recompensa + Personalización,Beneficio exclusivo para usted,Plantilla combinada,0,0,1,1,12,25-34,F,Posgrado,1992,synthetic_user_1992@example.com,synthetic-uid-1992,1,1,1,1,1,synthetic,1,0.5582459
1,launched,email,2026-03-14 18:32:19.913146,1,Template educativo v1,unknown,,0,0,0,0,1,18-24,unknown,Universitaria,3,daniels.a.m.m1234@gmail.com,27665e96-4411-4c93-95bf-7ea05491b433,2,1,1,1,1,observed,1,0.8681526
14,launched,email,,2,Autoridad,Comunicado institucional,Plantilla con señal de autoridad,0,1,0,0,30,45-54,M,Tecnica,398,synthetic_user_398@example.com,synthetic-uid-398,1,0,0,0,0,synthetic,1,0.7399603
3,launched,email,,1,Urgencia,Acción requerida,Plantilla con señal de urgencia,1,0,0,0,35,55+,F,Universitaria,87,synthetic_user_87@example.com,synthetic-uid-87,1,0,0,0,0,synthetic,0,0.25696817
6,launched,email,,1,Urgencia,Acción requerida,Plantilla con señal de urgencia,1,0,0,0,4,18-24,F,Posgrado,156,synthetic_user_156@example.com,synthetic-uid-156,1,0,0,0,0,synthetic,1,0.67375076
27,launched,email,,3,Recompensa,Beneficio disponible,Plantilla con señal de recompensa,0,0,1,0,14,25-34,M,Tecnica,806,synthetic_user_806@example.com,synthetic-uid-806,1,0,0,0,0,synthetic,1,0.79492116
3,launched,email,,1,Urgencia,Acción requerida,Plantilla con señal de urgencia,1,0,0,0,35,55+,F,Universitaria,66,synthetic_user_66@example.com,synthetic-uid-66,1,1,1,1,1,synthetic,0,0.25696817
62,launched,email,,7,Recompensa + Personalización,Beneficio exclusivo para usted,Plantilla combinada,0,0,1,1,16,25-34,M,Posgrado,1834,synthetic_user_1834@example.com,synthetic-uid-1834,1,0,0,0,0,synthetic,0,0.41931945
69,launched,email,,7,Recompensa + Personalización,Beneficio exclusivo para usted,Plantilla combinada,0,0,1,1,25,45-54,F,Secundaria,2055,synthetic_user_2055@example.com,synthetic-uid-2055,1,1,0,1,0,synthetic,1,0.56930554
10,launched,email,,1,Urgencia,Acción requerida,Plantilla con señal de urgencia,1,0,0,0,21,35-44,M,Secundaria,287,synthetic_user_287@example.com,synthetic-uid-287,1,0,0,0,0,synthetic,0,0.3331187
47,launched,email,,5,Urgencia + Autoridad,Aviso urgente institucional,Plantilla combinada,1,1,0,0,12,25-34,F,Posgrado,1391,synthetic_user_1391@example.com,synthetic-uid-1391,1,0,0,0,0,synthetic,1,0.6295889
16,launched,email,,2,Autoridad,Comunicado institucional,Plantilla con señal de autoridad,0,1,0,0,22,35-44,M,Tecnica,473,synthetic_user_473@example.com,synthetic-uid-473,1,0,0,0,0,synthetic,0,0.40628836
22,launched,email,,3,Recompensa,Beneficio disponible,Plantilla con señal de recompensa,0,0,1,0,7,18-24,M,Universitaria,658,synthetic_user_658@example.com,synthetic-uid-658,1,0,0,0,0,synthetic,0,0.238878
15,launched,email,,2,Autoridad,Comunicado institucional,Plantilla con señal de autoridad,0,1,0,0,5,18-24,M,Secundaria,433,synthetic_user_433@example.com,synthetic-uid-433,1,0,0,0,0,synthetic,1,0.5730762
21,launched,email,,3,Recompensa,Beneficio disponible,Plantilla con señal de recompensa,0,0,1,0,18,35-44,F,Tecnica,610,synthetic_user_610@example.com,synthetic-uid-610,1,0,0,0,0,synthetic,0,0.35440245
46,launched,email,,5,Urgencia + Autoridad,Aviso urgente institucional,Plantilla combinada,1,1,0,0,29,45-54,M,Secundaria,1377,synthetic_user_1377@example.com,synthetic-uid-1377,1,0,0,0,0,synthetic,1,0.64717996
47,launched,email,,5,Urgencia + Autoridad,Aviso urgente institucional,Plantilla combinada,1,1,0,0,12,25-34,F,Posgrado,1383,synthetic_user_1383@example.com,synthetic-uid-1383,1,0,0,0,0,synthetic,1,0.6295889
70,launched,email,,7,Recompensa + Personalización,Beneficio exclusivo para usted,Plantilla combinada,0,0,1,1,14,25-34,M,Tecnica,2089,synthetic_user_2089@example.com,synthetic-uid-2089,1,1,1,1,1,synthetic,1,0.61100185
50,launched,email,,5,Urgencia + Autoridad,Aviso urgente institucional,Plantilla combinada,1,1,0,0,35,55+,F,Universitaria,1500,synthetic_user_1500@example.com,synthetic-uid-1500,1,1,0,1,0,synthetic,1,0.6283463
25,launched,email,,3,Recompensa,Beneficio disponible,Plantilla con señal de recompensa,0,0,1,0,19,35-44,F,Universitaria,741,synthetic_user_741@example.com,synthetic-uid-741,1,0,0,0,0,synthetic,0,0.018337216
57,launched,email,,6,Autoridad + Personalización,Notificación importante para usted,Plantilla combinada,0,1,0,1,5,18-24,M,Secundaria,1686,synthetic_user_1686@example.com,synthetic-uid-1686,1,0,0,0,0,synthetic,1,0.6264148
42,launched,email,,5,Urgencia + Autoridad,Aviso urgente institucional,Plantilla combinada,1,1,0,0,14,25-34,M,Tecnica,1239,synthetic_user_1239@example.com,synthetic-uid-1239,1,1,1,1,1,synthetic,1,0.77686954
53,launched,email,,6,Autoridad + Personalización,Notificación importante para usted,Plantilla combinada,0,1,0,1,27,45-54,F,Universitaria,1562,synthetic_user_1562@example.com,synthetic-uid-1562,1,0,0,0,0,synthetic,0,0.45254278
12,launched,email,,2,Autoridad,Comunicado institucional,Plantilla con señal de autoridad,0,1,0,0,8,18-24,M,Posgrado,348,synthetic_user_348@example.com,synthetic-uid-348,1,0,0,0,0,synthetic,0,0.020455448
75,launched,email,,8,Control neutro,Información general,Plantilla sin señales fuertes,0,0,0,0,11,25-34,F,Universitaria,2244,synthetic_user_2244@example.com,synthetic-uid-2244,1,0,0,0,0,synthetic,1,0.714256
4,launched,email,,1,Urgencia,Acción requerida,Plantilla con señal de urgencia,1,0,0,0,35,55+,F,Universitaria,120,synthetic_user_120@example.com,synthetic-uid-120,1,1,0,1,0,synthetic,0,0.25696817
22,launched,email,,3,Recompensa,Beneficio disponible,Plantilla con señal de recompensa,0,0,1,0,7,18-24,M,Universitaria,634,synthetic_user_634@example.com,synthetic-uid-634,1,0,0,0,0,synthetic,0,0.238878
13,launched,email,,2,Autoridad,Comunicado institucional,Plantilla con señal de autoridad,0,1,0,0,38,55+,M,Tecnica,389,synthetic_user_389@example.com,synthetic-uid-389,1,1,0,1,0,synthetic,0,0.05363384
35,launched,email,,4,Personalización,Actualización para usted,Plantilla con personalización,0,0,0,1,19,35-44,F,Universitaria,1022,synthetic_user_1022@example.com,synthetic-uid-1022,1,0,0,0,0,synthetic,1,0.5982488
79,launched,email,,8,Control neutro,Información general,Plantilla sin señales fuertes,0,0,0,0,21,35-44,M,Secundaria,2354,synthetic_user_2354@example.com,synthetic-uid-2354,1,1,0,1,0,synthetic,0,0.08492131
52,launched,email,,6,Autoridad + Personalización,Notificación importante para usted,Plantilla combinada,0,1,0,1,29,45-54,M,Secundaria,1550,synthetic_user_1550@example.com,synthetic-uid-1550,1,0,0,0,0,synthetic,0,0.3247557
10,launched,email,,1,Urgencia,Acción requerida,Plantilla con señal de urgencia,1,0,0,0,21,35-44,M,Secundaria,277,synthetic_user_277@example.com,synthetic-uid-277,1,0,0,0,0,synthetic,0,0.3331187
10,launched,email,,1,Urgencia,Acción requerida,Plantilla con señal de urgencia,1,0,0,0,21,35-44,M,Secundaria,288,synthetic_user_288@example.com,synthetic-uid-288,1,0,0,0,0,synthetic,0,0.3331187
28,launched,email,,3,Recompensa,Beneficio disponible,Plantilla con señal de recompensa,0,0,1,0,29,45-54,M,Secundaria,814,synthetic_user_814@example.com,synthetic-uid-814,1,0,0,0,0,synthetic,1,0.6282339
58,launched,email,,6,Autoridad + Personalización,Notificación importante para usted,Plantilla combinada,0,1,0,1,5,18-24,M,Secundaria,1739,synthetic_user_1739@example.com,synthetic-uid-1739,1,0,0,0,0,synthetic,1,0.6264148
53,launched,email,,6,Autoridad + Personalización,Notificación importante para usted,Plantilla combinada,0,1,0,1,27,45-54,F,Universitaria,1584,synthetic_user_1584@example.com,synthetic-uid-1584,1,1,0,1,0,synthetic,0,0.45254278
18,launched,email,,2,Autoridad,Comunicado institucional,Plantilla con señal de autoridad,0,1,0,0,29,45-54,M,Secundaria,538,synthetic_user_538@example.com,synthetic-uid-538,1,1,0,1,0,synthetic,1,0.7679676
42,launched,email,,5,Urgencia + Autoridad,Aviso urgente institucional,Plantilla combinada,1,1,0,0,14,25-34,M,Tecnica,1254,synthetic_user_1254@example.com,synthetic-uid-1254,1,0,0,0,0,synthetic,1,0.77686954
78,launched,email,,8,Control neutro,Información general,Plantilla sin señales fuertes,0,0,0,0,10,25-34,F,Tecnica,2315,synthetic_user_2315@example.com,synthetic-uid-2315,1,0,0,0,0,synthetic,0,0.4588928
23,launched,email,,3,Recompensa,Beneficio disponible,Plantilla con señal de recompensa,0,0,1,0,19,35-44,F,Universitaria,679,synthetic_user_679@example.com,synthetic-uid-679,1,0,0,0,0,synthetic,0,0.018337216
39,launched,email,,4,Personalización,Actualización para usted,Plantilla con personalización,0,0,0,1,25,45-54,F,Secundaria,1160,synthetic_user_1160@example.com,synthetic-uid-1160,1,0,0,0,0,synthetic,1,0.64553225
17,launched,email,,2,Autoridad,Comunicado institucional,Plantilla con señal de autoridad,0,1,0,0,38,55+,M,Tecnica,489,synthetic_user_489@example.com,synthetic-uid-489,1,0,0,0,0,synthetic,0,0.05363384
55,launched,email,,6,Autoridad + Personalización,Notificación importante para usted,Plantilla combinada,0,1,0,1,34,55+,F,Tecnica,1625,synthetic_user_1625@example.com,synthetic-uid-1625,1,1,0,1,0,synthetic,0,0.046595123
63,launched,email,,7,Recompensa + Personalización,Beneficio exclusivo para usted,Plantilla combinada,0,0,1,1,37,55+,M,Secundaria,1863,synthetic_user_1863@example.com,synthetic-uid-1863,1,0,0,0,0,synthetic,0,0.24323508
11,launched,email,,2,Autoridad,Comunicado institucional,Plantilla con señal de autoridad,0,1,0,0,14,25-34,M,Tecnica,323,synthetic_user_323@example.com,synthetic-uid-323,1,0,0,0,0,synthetic,0,0.09040243
1,launched,email,,1,Urgencia,Acción requerida,Plantilla con señal de urgencia,1,0,0,0,8,18-24,M,Posgrado,16,synthetic_user_16@example.com,synthetic-uid-16,1,0,0,0,0,synthetic,0,0.39603683
28,launched,email,,3,Recompensa,Beneficio disponible,Plantilla con señal de recompensa,0,0,1,0,29,45-54,M,Secundaria,830,synthetic_user_830@example.com,synthetic-uid-830,1,1,0,1,0,synthetic,1,0.6282339
20,launched,email,,2,Autoridad,Comunicado institucional,Plantilla con señal de autoridad,0,1,0,0,1,18-24,F,Secundaria,591,synthetic_user_591@example.com,synthetic-uid-591,1,0,0,0,0,synthetic,0,0.45012188
64,launched,email,,7,Recompensa + Personalización,Beneficio exclusivo para usted,Plantilla combinada,0,0,1,1,30,45-54,M,Tecnica,1905,synthetic_user_1905@example.com,synthetic-uid-1905,1,0,0,0,0,synthetic,0,0.4325269
72,launched,email,,8,Control neutro,Información general,Plantilla sin señales fuertes,0,0,0,0,39,55+,M,Universitaria,2141,synthetic_user_2141@example.com,synthetic-uid-2141,1,0,0,0,0,synthetic,0,0.4144991
52,launched,email,,6,Autoridad + Personalización,Notificación importante para usted,Plantilla combinada,0,1,0,1,29,45-54,M,Secundaria,1532,synthetic_user_1532@example.com,synthetic-uid-1532,1,1,0,1,0,synthetic,0,0.3247557
6,launched,email,,1,Urgencia,Acción requerida,Plantilla con señal de urgencia,1,0,0,0,4,18-24,F,Posgrado,180,synthetic_user_180@example.com,synthetic-uid-180,1,0,0,0,0,synthetic,1,0.67375076
41,launched,email,,5,Urgencia + Autoridad,Aviso urgente institucional,Plantilla combinada,1,1,0,0,34,55+,F,Tecnica,1224,synthetic_user_1224@example.com,synthetic-uid-1224,1,1,0,1,0,synthetic,1,0.6509482
6,launched,email,,1,Urgencia,Acción requerida,Plantilla con señal de urgencia,1,0,0,0,4,18-24,F,Posgrado,172,synthetic_user_172@example.com,synthetic-uid-172,1,0,0,0,0,synthetic,1,0.67375076
17,launched,email,,2,Autoridad,Comunicado institucional,Plantilla con señal de autoridad,0,1,0,0,38,55+,M,Tecnica,483,synthetic_user_483@example.com,synthetic-uid-483,1,1,1,1,1,synthetic,0,0.05363384
57,launched,email,,6,Autoridad + Personalización,Notificación importante para usted,Plantilla combinada,0,1,0,1,5,18-24,M,Secundaria,1694,synthetic_user_1694@example.com,synthetic-uid-1694,1,0,0,0,0,synthetic,1,0.6264148
7,launched,email,,1,Urgencia,Acción requerida,Plantilla con señal de urgencia,1,0,0,0,38,55+,M,Tecnica,194,synthetic_user_194@example.com,synthetic-uid-194,1,0,0,0,0,synthetic,0,0.41445437
27,launched,email,,3,Recompensa,Beneficio disponible,Plantilla con señal de recompensa,0,0,1,0,14,25-34,M,Tecnica,801,synthetic_user_801@example.com,synthetic-uid-801,1,0,0,0,0,synthetic,1,0.79492116
7,launched,email,,1,Urgencia,Acción requerida,Plantilla con señal de urgencia,1,0,0,0,38,55+,M,Tecnica,184,synthetic_user_184@example.com,synthetic-uid-184,1,0,0,0,0,synthetic,0,0.41445437
32,launched,email,,4,Personalización,Actualización para usted,Plantilla con personalización,0,0,0,1,37,55+,M,Secundaria,950,synthetic_user_950@example.com,synthetic-uid-950,1,1,0,1,0,synthetic,0,0.08825932
28,launched,email,,3,Recompensa,Beneficio disponible,Plantilla con señal de recompensa,0,0,1,0,29,45-54,M,Secundaria,833,synthetic_user_833@example.com,synthetic-uid-833,1,1,0,1,0,synthetic,1,0.6282339
23,launched,email,,3,Recompensa,Beneficio disponible,Plantilla con señal de recompensa,0,0,1,0,19,35-44,F,Universitaria,670,synthetic_user_670@example.com,synthetic-uid-670,1,0,0,0,0,synthetic,0,0.018337216
11,launched,email,,2,Autoridad,Comunicado institucional,Plantilla con señal de autoridad,0,1,0,0,14,25-34,M,Tecnica,310,synthetic_user_310@example.com,synthetic-uid-310,1,0,0,0,0,synthetic,0,0.09040243
30,launched,email,,3,Recompensa,Beneficio disponible,Plantilla con señal de recompensa,0,0,1,0,2,18-24,F,Tecnica,872,synthetic_user_872@example.com,synthetic-uid-872,1,1,0,1,0,synthetic,1,0.7367882
5,launched,email,,1,Urgencia,Acción requerida,Plantilla con señal de urgencia,1,0,0,0,38,55+,M,Tecnica,133,synthetic_user_133@example.com,synthetic-uid-133,1,1,1,1,1,synthetic,0,0.41445437
53,launched,email,,6,Autoridad + Personalización,Notificación importante para usted,Plantilla combinada,0,1,0,1,27,45-54,F,Universitaria,1566,synthetic_user_1566@example.com,synthetic-uid-1566,1,1,0,1,0,synthetic,0,0.45254278
71,launched,email,,8,Control neutro,Información general,Plantilla sin señales fuertes,0,0,0,0,22,35-44,M,Tecnica,2114,synthetic_user_2114@example.com,synthetic-uid-2114,1,0,0,0,0,synthetic,0,0.4408605
24,launched,email,,3,Recompensa,Beneficio disponible,Plantilla con señal de recompensa,0,0,1,0,1,18-24,F,Secundaria,712,synthetic_user_712@example.com,synthetic-uid-712,1,0,0,0,0,synthetic,0,0.3835021
37,launched,email,,4,Personalización,Actualización para usted,Plantilla con personalización,0,0,0,1,16,25-34,M,Posgrado,1095,synthetic_user_1095@example.com,synthetic-uid-1095,1,1,1,1,1,synthetic,1,0.59278464
31,launched,email,,4,Personalización,Actualización para usted,Plantilla con personalización,0,0,0,1,3,18-24,F,Universitaria,926,synthetic_user_926@example.com,synthetic-uid-926,1,1,0,1,0,synthetic,1,0.63728005
78,launched,email,,8,Control neutro,Información general,Plantilla sin señales fuertes,0,0,0,0,10,25-34,F,Tecnica,2335,synthetic_user_2335@example.com,synthetic-uid-2335,1,0,0,0,0,synthetic,0,0.4588928
41,launched,email,,5,Urgencia + Autoridad,Aviso urgente institucional,Plantilla combinada,1,1,0,0,34,55+,F,Tecnica,1207,synthetic_user_1207@example.com,synthetic-uid-1207,1,0,0,0,0,synthetic,1,0.6509482
4,launched,email,,1,Urgencia,Acción requerida,Plantilla con señal de urgencia,1,0,0,0,35,55+,F,Universitaria,100,synthetic_user_100@example.com,synthetic-uid-100,1,0,0,0,0,synthetic,0,0.25696817
2,launched,email,,1,Urgencia,Acción requerida,Plantilla con señal de urgencia,1,0,0,0,3,18-24,F,Universitaria,41,synthetic_user_41@example.com,synthetic-uid-41,1,0,0,0,0,synthetic,0,0.40512323
62,launched,email,,7,Recompensa + Personalización,Beneficio exclusivo para usted,Plantilla combinada,0,0,1,1,16,25-34,M,Posgrado,1838,synthetic_user_1838@example.com,synthetic-uid-1838,1,0,0,0,0,synthetic,0,0.41931945
64,launched,email,,7,Recompensa + Personalización,Beneficio exclusivo para usted,Plantilla combinada,0,0,1,1,30,45-54,M,Tecnica,1902,synthetic_user_1902@example.com,synthetic-uid-1902,1,0,0,0,0,synthetic,0,0.4325269
75,launched,email,,8,Control neutro,Información general,Plantilla sin señales fuertes,0,0,0,0,11,25-34,F,Universitaria,2236,synthetic_user_2236@example.com,synthetic-uid-2236,1,0,0,0,0,synthetic,1,0.714256
17,launched,email,,2,Autoridad,Comunicado institucional,Plantilla con señal de autoridad,0,1,0,0,38,55+,M,Tecnica,486,synthetic_user_486@example.com,synthetic-uid-486,1,0,0,0,0,synthetic,0,0.05363384
35,launched,email,,4,Personalización,Actualización para usted,Plantilla con personalización,0,0,0,1,19,35-44,F,Universitaria,1031,synthetic_user_1031@example.com,synthetic-uid-1031,1,0,0,0,0,synthetic,1,0.5982488
23,launched,email,,3,Recompensa,Beneficio disponible,Plantilla con señal de recompensa,0,0,1,0,19,35-44,F,Universitaria,683,synthetic_user_683@example.com,synthetic-uid-683,1,0,0,0,0,synthetic,0,0.018337216
9,launched,email,,1,Urgencia,Acción requerida,Plantilla con señal de urgencia,1,0,0,0,16,25-34,M,Posgrado,270,synthetic_user_270@example.com,synthetic-uid-270,1,0,0,0,0,synthetic,1,0.57543087
31,launched,email,,4,Personalización,Actualización para usted,Plantilla con personalización,0,0,0,1,3,18-24,F,Universitaria,916,synthetic_user_916@example.com,synthetic-uid-916,1,0,0,0,0,synthetic,1,0.63728005
70,launched,email,,7,Recompensa + Personalización,Beneficio exclusivo para usted,Plantilla combinada,0,0,1,1,14,25-34,M,Tecnica,2098,synthetic_user_2098@example.com,synthetic-uid-2098,1,1,0,1,0,synthetic,1,0.61100185
54,launched,email,,6,Autoridad + Personalización,Notificación importante para usted,Plantilla combinada,0,1,0,1,31,45-54,M,Universitaria,1598,synthetic_user_1598@example.com,synthetic-uid-1598,1,0,0,0,0,synthetic,0,0.05123183
66,launched,email,,7,Recompensa + Personalización,Beneficio exclusivo para usted,Plantilla combinada,0,0,1,1,37,55+,M,Secundaria,1963,synthetic_user_1963@example.com,synthetic-uid-1963,1,0,0,0,0,synthetic,0,0.24323508
79,launched,email,,8,Control neutro,Información general,Plantilla sin señales fuertes,0,0,0,0,21,35-44,M,Secundaria,2363,synthetic_user_2363@example.com,synthetic-uid-2363,1,1,1,1,1,synthetic,0,0.08492131
8,launched,email,,1,Urgencia,Acción requerida,Plantilla con señal de urgencia,1,0,0,0,7,18-24,M,Universitaria,221,synthetic_user_221@example.com,synthetic-uid-221,1,1,0,1,0,synthetic,0,0.4410509
39,launched,email,,4,Personalización,Actualización para usted,Plantilla con personalización,0,0,0,1,25,45-54,F,Secundaria,1166,synthetic_user_1166@example.com,synthetic-uid-1166,1,0,0,0,0,synthetic,1,0.64553225
29,launched,email,,3,Recompensa,Beneficio disponible,Plantilla con señal de recompensa,0,0,1,0,22,35-44,M,Tecnica,864,synthetic_user_864@example.com,synthetic-uid-864,1,1,0,1,0,synthetic,1,0.61362773
30,launched,email,,3,Recompensa,Beneficio disponible,Plantilla con señal de recompensa,0,0,1,0,2,18-24,F,Tecnica,880,synthetic_user_880@example.com,synthetic-uid-880,1,0,0,0,0,synthetic,1,0.7367882
77,launched,email,,8,Control neutro,Información general,Plantilla sin señales fuertes,0,0,0,0,16,25-34,M,Posgrado,2291,synthetic_user_2291@example.com,synthetic-uid-2291,1,0,0,0,0,synthetic,0,0.099757716
43,launched,email,,5,Urgencia + Autoridad,Aviso urgente institucional,Plantilla combinada,1,1,0,0,7,18-24,M,Universitaria,1280,synthetic_user_1280@example.com,synthetic-uid-1280,1,1,0,1,0,synthetic,0,0.45370194
2,launched,email,,1,Urgencia,Acción requerida,Plantilla con señal de urgencia,1,0,0,0,3,18-24,F,Universitaria,45,synthetic_user_45@example.com,synthetic-uid-45,1,1,0,1,0,synthetic,0,0.40512323
64,launched,email,,7,Recompensa + Personalización,Beneficio exclusivo para usted,Plantilla combinada,0,0,1,1,30,45-54,M,Tecnica,1907,synthetic_user_1907@example.com,synthetic-uid-1907,1,1,1,1,1,synthetic,0,0.4325269
80,launched,email,,8,Control neutro,Información general,Plantilla sin señales fuertes,0,0,0,0,6,18-24,M,Tecnica,2374,synthetic_user_2374@example.com,synthetic-uid-2374,1,0,0,0,0,synthetic,0,0.49216765
50,launched,email,,5,Urgencia + Autoridad,Aviso urgente institucional,Plantilla combinada,1,1,0,0,35,55+,F,Universitaria,1495,synthetic_user_1495@example.com,synthetic-uid-1495,1,1,1,1,1,synthetic,1,0.6283463
31,launched,email,,4,Personalización,Actualización para usted,Plantilla con personalización,0,0,0,1,3,18-24,F,Universitaria,925,synthetic_user_925@example.com,synthetic-uid-925,1,1,0,1,0,synthetic,1,0.63728005
26,launched,email,,3,Recompensa,Beneficio disponible,Plantilla con señal de recompensa,0,0,1,0,7,18-24,M,Universitaria,771,synthetic_user_771@example.com,synthetic-uid-771,1,1,0,1,0,synthetic,0,0.238878
41,launched,email,,5,Urgencia + Autoridad,Aviso urgente institucional,Plantilla combinada,1,1,0,0,34,55+,F,Tecnica,1209,synthetic_user_1209@example.com,synthetic-uid-1209,1,1,0,1,0,synthetic,1,0.6509482
13,launched,email,,2,Autoridad,Comunicado institucional,Plantilla con señal de autoridad,0,1,0,0,38,55+,M,Tecnica,367,synthetic_user_367@example.com,synthetic-uid-367,1,0,0,0,0,synthetic,0,0.05363384
63,launched,email,,7,Recompensa + Personalización,Beneficio exclusivo para usted,Plantilla combinada,0,0,1,1,37,55+,M,Secundaria,1880,synthetic_user_1880@example.com,synthetic-uid-1880,1,0,0,0,0,synthetic,0,0.24323508
27,launched,email,,3,Recompensa,Beneficio disponible,Plantilla con señal de recompensa,0,0,1,0,14,25-34,M,Tecnica,799,synthetic_user_799@example.com,synthetic-uid-799,1,0,0,0,0,synthetic,1,0.79492116
78,launched,email,,8,Control neutro,Información general,Plantilla sin señales fuertes,0,0,0,0,10,25-34,F,Tecnica,2333,synthetic_user_2333@example.com,synthetic-uid-2333,1,0,0,0,0,synthetic,0,0.4588928
78,launched,email,,8,Control neutro,Información general,Plantilla sin señales fuertes,0,0,0,0,10,25-34,F,Tecnica,2321,synthetic_user_2321@example.com,synthetic-uid-2321,1,0,0,0,0,synthetic,0,0.4588928
51,launched,email,,6,Autoridad + Personalización,Notificación importante para usted,Plantilla combinada,0,1,0,1,15,25-34,M,Universitaria,1509,synthetic_user_1509@example.com,synthetic-uid-1509,1,0,0,0,0,synthetic,0,0.020252198
59,launched,email,,6,Autoridad + Personalización,Notificación importante para usted,Plantilla combinada,0,1,0,1,38,55+,M,Tecnica,1750,synthetic_user_1750@example.com,synthetic-uid-1750,1,0,0,0,0,synthetic,0,0.34027064
14,launched,email,,2,Autoridad,Comunicado institucional,Plantilla con señal de autoridad,0,1,0,0,30,45-54,M,Tecnica,411,synthetic_user_411@example.com,synthetic-uid-411,1,1,0,1,0,synthetic,1,0.7399603
61,launched,email,,7,Recompensa + Personalización,Beneficio exclusivo para usted,Plantilla combinada,0,0,1,1,36,55+,F,Posgrado,1809,synthetic_user_1809@example.com,synthetic-uid-1809,1,0,0,0,0,synthetic,0,0.030974945
69,launched,email,,7,Recompensa + Personalización,Beneficio exclusivo para usted,Plantilla combinada,0,0,1,1,25,45-54,F,Secundaria,2043,synthetic_user_2043@example.com,synthetic-uid-2043,1,1,0,1,0,synthetic,1,0.56930554
61,launched,email,,7,Recompensa + Personalización,Beneficio exclusivo para usted,Plantilla combinada,0,0,1,1,36,55+,F,Posgrado,1823,synthetic_user_1823@example.com,synthetic-uid-1823,1,0,0,0,0,synthetic,0,0.030974945
23,launched,email,,3,Recompensa,Beneficio disponible,Plantilla con señal de recompensa,0,0,1,0,19,35-44,F,Universitaria,684,synthetic_user_684@example.com,synthetic-uid-684,1,0,0,0,0,synthetic,0,0.018337216
28,launched,email,,3,Recompensa,Beneficio disponible,Plantilla con señal de recompensa,0,0,1,0,29,45-54,M,Secundaria,837,synthetic_user_837@example.com,synthetic-uid-837,1,0,0,0,0,synthetic,1,0.6282339
80,launched,email,,8,Control neutro,Información general,Plantilla sin señales fuertes,0,0,0,0,6,18-24,M,Tecnica,2372,synthetic_user_2372@example.com,synthetic-uid-2372,1,1,0,1,0,synthetic,0,0.49216765
45,launched,email,,5,Urgencia + Autoridad,Aviso urgente institucional,Plantilla combinada,1,1,0,0,31,45-54,M,Universitaria,1339,synthetic_user_1339@example.com,synthetic-uid-1339,1,0,0,0,0,synthetic,1,0.5888963
68,launched,email,,7,Recompensa + Personalización,Beneficio exclusivo para usted,Plantilla combinada,0,0,1,1,27,45-54,F,Universitaria,2014,synthetic_user_2014@example.com,synthetic-uid-2014,1,0,0,0,0,synthetic,0,0.4020645
77,launched,email,,8,Control neutro,Información general,Plantilla sin señales fuertes,0,0,0,0,16,25-34,M,Posgrado,2285,synthetic_user_2285@example.com,synthetic-uid-2285,1,0,0,0,0,synthetic,0,0.099757716
59,launched,email,,6,Autoridad + Personalización,Notificación importante para usted,Plantilla combinada,0,1,0,1,38,55+,M,Tecnica,1765,synthetic_user_1765@example.com,synthetic-uid-1765,1,0,0,0,0,synthetic,0,0.34027064
60,launched,email,,6,Autoridad + Personalización,Notificación importante para usted,Plantilla combinada,0,1,0,1,29,45-54,M,Secundaria,1790,synthetic_user_1790@example.com,synthetic-uid-1790,1,1,0,1,0,synthetic,0,0.3247557
55,launched,email,,6,Autoridad + Personalización,Notificación importante para usted,Plantilla combinada,0,1,0,1,34,55+,F,Tecnica,1642,synthetic_user_1642@example.com,synthetic-uid-1642,1,0,0,0,0,synthetic,0,0.046595123
51,launched,email,,6,Autoridad + Personalización,Notificación importante para usted,Plantilla combinada,0,1,0,1,15,25-34,M,Universitaria,1501,synthetic_user_1501@example.com,synthetic-uid-1501,1,0,0,0,0,synthetic,0,0.020252198
55,launched,email,,6,Autoridad + Personalización,Notificación importante para usted,Plantilla combinada,0,1,0,1,34,55+,F,Tecnica,1636,synthetic_user_1636@example.com,synthetic-uid-1636,1,0,0,0,0,synthetic,0,0.046595123
78,launched,email,,8,Control neutro,Información general,Plantilla sin señales fuertes,0,0,0,0,10,25-34,F,Tecnica,2325,synthetic_user_2325@example.com,synthetic-uid-2325,1,0,0,0,0,synthetic,0,0.4588928
49,launched,email,,5,Urgencia + Autoridad,Aviso urgente institucional,Plantilla combinada,1,1,0,0,11,25-34,F,Universitaria,1458,synthetic_user_1458@example.com,synthetic-uid-1458,1,0,0,0,0,synthetic,0,0.39874858
25,launched,email,,3,Recompensa,Beneficio disponible,Plantilla con señal de recompensa,0,0,1,0,19,35-44,F,Universitaria,721,synthetic_user_721@example.com,synthetic-uid-721,1,0,0,0,0,synthetic,0,0.018337216
63,launched,email,,7,Recompensa + Personalización,Beneficio exclusivo para usted,Plantilla combinada,0,0,1,1,37,55+,M,Secundaria,1867,synthetic_user_1867@example.com,synthetic-uid-1867,1,0,0,0,0,synthetic,0,0.24323508
64,launched,email,,7,Recompensa + Personalización,Beneficio exclusivo para usted,Plantilla combinada,0,0,1,1,30,45-54,M,Tecnica,1914,synthetic_user_1914@example.com,synthetic-uid-1914,1,0,0,0,0,synthetic,0,0.4325269
61,launched,email,,7,Recompensa + Personalización,Beneficio exclusivo para usted,Plantilla combinada,0,0,1,1,36,55+,F,Posgrado,1811,synthetic_user_1811@example.com,synthetic-uid-1811,1,0,0,0,0,synthetic,0,0.030974945
48,launched,email,,5,Urgencia + Autoridad,Aviso urgente institucional,Plantilla combinada,1,1,0,0,1,18-24,F,Secundaria,1411,synthetic_user_1411@example.com,synthetic-uid-1411,1,1,0,1,0,synthetic,0,0.35708216
25,launched,email,,3,Recompensa,Beneficio disponible,Plantilla con señal de recompensa,0,0,1,0,19,35-44,F,Universitaria,722,synthetic_user_722@example.com,synthetic-uid-722,1,0,0,0,0,synthetic,0,0.018337216
27,launched,email,,3,Recompensa,Beneficio disponible,Plantilla con señal de recompensa,0,0,1,0,14,25-34,M,Tecnica,796,synthetic_user_796@example.com,synthetic-uid-796,1,0,0,0,0,synthetic,1,0.79492116
30,launched,email,,3,Recompensa,Beneficio disponible,Plantilla con señal de recompensa,0,0,1,0,2,18-24,F,Tecnica,900,synthetic_user_900@example.com,synthetic-uid-900,1,1,0,1,0,synthetic,1,0.7367882
17,launched,email,,2,Autoridad,Comunicado institucional,Plantilla con señal de autoridad,0,1,0,0,38,55+,M,Tecnica,485,synthetic_user_485@example.com,synthetic-uid-485,1,1,1,1,1,synthetic,0,0.05363384
39,launched,email,,4,Personalización,Actualización para usted,Plantilla con personalización,0,0,0,1,25,45-54,F,Secundaria,1162,synthetic_user_1162@example.com,synthetic-uid-1162,1,0,0,0,0,synthetic,1,0.64553225
42,launched,email,,5,Urgencia + Autoridad,Aviso urgente institucional,Plantilla combinada,1,1,0,0,14,25-34,M,Tecnica,1258,synthetic_user_1258@example.com,synthetic-uid-1258,1,0,0,0,0,synthetic,1,0.77686954
16,launched,email,,2,Autoridad,Comunicado institucional,Plantilla con señal de autoridad,0,1,0,0,22,35-44,M,Tecnica,462,synthetic_user_462@example.com,synthetic-uid-462,1,0,0,0,0,synthetic,0,0.40628836
68,launched,email,,7,Recompensa + Personalización,Beneficio exclusivo para usted,Plantilla combinada,0,0,1,1,27,45-54,F,Universitaria,2013,synthetic_user_2013@example.com,synthetic-uid-2013,1,0,0,0,0,synthetic,0,0.4020645
14,launched,email,,2,Autoridad,Comunicado institucional,Plantilla con señal de autoridad,0,1,0,0,30,45-54,M,Tecnica,403,synthetic_user_403@example.com,synthetic-uid-403,1,0,0,0,0,synthetic,1,0.7399603
40,launched,email,,4,Personalización,Actualización para usted,Plantilla con personalización,0,0,0,1,12,25-34,F,Posgrado,1190,synthetic_user_1190@example.com,synthetic-uid-1190,1,0,0,0,0,synthetic,1,0.6206687
25,launched,email,,3,Recompensa,Beneficio disponible,Plantilla con señal de recompensa,0,0,1,0,19,35-44,F,Universitaria,734,synthetic_user_734@example.com,synthetic-uid-734,1,0,0,0,0,synthetic,0,0.018337216
59,launched,email,,6,Autoridad + Personalización,Notificación importante para usted,Plantilla combinada,0,1,0,1,38,55+,M,Tecnica,1766,synthetic_user_1766@example.com,synthetic-uid-1766,1,0,0,0,0,synthetic,0,0.34027064
35,launched,email,,4,Personalización,Actualización para usted,Plantilla con personalización,0,0,0,1,19,35-44,F,Universitaria,1050,synthetic_user_1050@example.com,synthetic-uid-1050,1,0,0,0,0,synthetic,1,0.5982488
66,launched,email,,7,Recompensa + Personalización,Beneficio exclusivo para usted,Plantilla combinada,0,0,1,1,37,55+,M,Secundaria,1977,synthetic_user_1977@example.com,synthetic-uid-1977,1,0,0,0,0,synthetic,0,0.24323508
50,launched,email,,5,Urgencia + Autoridad,Aviso urgente institucional,Plantilla combinada,1,1,0,0,35,55+,F,Universitaria,1479,synthetic_user_1479@example.com,synthetic-uid-1479,1,0,0,0,0,synthetic,1,0.6283463
21,launched,email,,3,Recompensa,Beneficio disponible,Plantilla con señal de recompensa,0,0,1,0,18,35-44,F,Tecnica,603,synthetic_user_603@example.com,synthetic-uid-603,1,0,0,0,0,synthetic,0,0.35440245
9,launched,email,,1,Urgencia,Acción requerida,Plantilla con señal de urgencia,1,0,0,0,16,25-34,M,Posgrado,251,synthetic_user_251@example.com,synthetic-uid-251,1,1,0,1,0,synthetic,1,0.57543087
67,launched,email,,7,Recompensa + Personalización,Beneficio exclusivo para usted,Plantilla combinada,0,0,1,1,12,25-34,F,Posgrado,1994,synthetic_user_1994@example.com,synthetic-uid-1994,1,0,0,0,0,synthetic,1,0.5582459
79,launched,email,,8,Control neutro,Información general,Plantilla sin señales fuertes,0,0,0,0,21,35-44,M,Secundaria,2366,synthetic_user_2366@example.com,synthetic-uid-2366,1,1,0,1,0,synthetic,0,0.08492131
33,launched,email,,4,Personalización,Actualización para usted,Plantilla con personalización,0,0,0,1,29,45-54,M,Secundaria,984,synthetic_user_984@example.com,synthetic-uid-984,1,0,0,0,0,synthetic,1,0.54385066
41,launched,email,,5,Urgencia + Autoridad,Aviso urgente institucional,Plantilla combinada,1,1,0,0,34,55+,F,Tecnica,1217,synthetic_user_1217@example.com,synthetic-uid-1217,1,0,0,0,0,synthetic,1,0.6509482
24,launched,email,,3,Recompensa,Beneficio disponible,Plantilla con señal de recompensa,0,0,1,0,1,18-24,F,Secundaria,715,synthetic_user_715@example.com,synthetic-uid-715,1,0,0,0,0,synthetic,0,0.3835021
18,launched,email,,2,Autoridad,Comunicado institucional,Plantilla con señal de autoridad,0,1,0,0,29,45-54,M,Secundaria,529,synthetic_user_529@example.com,synthetic-uid-529,1,1,1,1,1,synthetic,1,0.7679676
58,launched,email,,6,Autoridad + Personalización,Notificación importante para usted,Plantilla combinada,0,1,0,1,5,18-24,M,Secundaria,1727,synthetic_user_1727@example.com,synthetic-uid-1727,1,0,0,0,0,synthetic,1,0.6264148
71,launched,email,,8,Control neutro,Información general,Plantilla sin señales fuertes,0,0,0,0,22,35-44,M,Tecnica,2107,synthetic_user_2107@example.com,synthetic-uid-2107,1,0,0,0,0,synthetic,0,0.4408605
61,launched,email,,7,Recompensa + Personalización,Beneficio exclusivo para usted,Plantilla combinada,0,0,1,1,36,55+,F,Posgrado,1810,synthetic_user_1810@example.com,synthetic-uid-1810,1,0,0,0,0,synthetic,0,0.030974945
80,launched,email,,8,Control neutro,Información general,Plantilla sin señales fuertes,0,0,0,0,6,18-24,M,Tecnica,2394,synthetic_user_2394@example.com,synthetic-uid-2394,1,1,0,1,0,synthetic,0,0.49216765
16,launched,email,,2,Autoridad,Comunicado institucional,Plantilla con señal de autoridad,0,1,0,0,22,35-44,M,Tecnica,474,synthetic_user_474@example.com,synthetic-uid-474,1,0,0,0,0,synthetic,0,0.40628836
10,launched,email,,1,Urgencia,Acción requerida,Plantilla con señal de urgencia,1,0,0,0,21,35-44,M,Secundaria,271,synthetic_user_271@example.com,synthetic-uid-271,1,0,0,0,0,synthetic,0,0.3331187
32,launched,email,,4,Personalización,Actualización para usted,Plantilla con personalización,0,0,0,1,37,55+,M,Secundaria,932,synthetic_user_932@example.com,synthetic-uid-932,1,0,0,0,0,synthetic,0,0.08825932
56,launched,email,,6,Autoridad + Personalización,Notificación importante para usted,Plantilla combinada,0,1,0,1,29,45-54,M,Secundaria,1667,synthetic_user_1667@example.com,synthetic-uid-1667,1,1,0,1,0,synthetic,0,0.3247557
79,launched,email,,8,Control neutro,Información general,Plantilla sin señales fuertes,0,0,0,0,21,35-44,M,Secundaria,2341,synthetic_user_2341@example.com,synthetic-uid-2341,1,1,0,1,0,synthetic,0,0.08492131
36,launched,email,,4,Personalización,Actualización para usted,Plantilla con personalización,0,0,0,1,9,25-34,F,Secundaria,1072,synthetic_user_1072@example.com,synthetic-uid-1072,1,0,0,0,0,synthetic,1,0.68945503
79,launched,email,,8,Control neutro,Información general,Plantilla sin señales fuertes,0,0,0,0,21,35-44,M,Secundaria,2355,synthetic_user_2355@example.com,synthetic-uid-2355,1,0,0,0,0,synthetic,0,0.08492131
11,launched,email,,2,Autoridad,Comunicado institucional,Plantilla con señal de autoridad,0,1,0,0,14,25-34,M,Tecnica,314,synthetic_user_314@example.com,synthetic-uid-314,1,0,0,0,0,synthetic,0,0.09040243
20,launched,email,,2,Autoridad,Comunicado institucional,Plantilla con señal de autoridad,0,1,0,0,1,18-24,F,Secundaria,592,synthetic_user_592@example.com,synthetic-uid-592,1,0,0,0,0,synthetic,0,0.45012188
36,launched,email,,4,Personalización,Actualización para usted,Plantilla con personalización,0,0,0,1,9,25-34,F,Secundaria,1077,synthetic_user_1077@example.com,synthetic-uid-1077,1,1,0,1,0,synthetic,1,0.68945503
48,launched,email,,5,Urgencia + Autoridad,Aviso urgente institucional,Plantilla combinada,1,1,0,0,1,18-24,F,Secundaria,1414,synthetic_user_1414@example.com,synthetic-uid-1414,1,1,0,1,0,synthetic,0,0.35708216
32,launched,email,,4,Personalización,Actualización para usted,Plantilla con personalización,0,0,0,1,37,55+,M,Secundaria,960,synthetic_user_960@example.com,synthetic-uid-960,1,1,0,1,0,synthetic,0,0.08825932
16,launched,email,,2,Autoridad,Comunicado institucional,Plantilla con señal de autoridad,0,1,0,0,22,35-44,M,Tecnica,459,synthetic_user_459@example.com,synthetic-uid-459,1,1,0,1,0,synthetic,0,0.40628836
28,launched,email,,3,Recompensa,Beneficio disponible,Plantilla con señal de recompensa,0,0,1,0,29,45-54,M,Secundaria,812,synthetic_user_812@example.com,synthetic-uid-812,1,0,0,0,0,synthetic,1,0.6282339
31,launched,email,,4,Personalización,Actualización para usted,Plantilla con personalización,0,0,0,1,3,18-24,F,Universitaria,912,synthetic_user_912@example.com,synthetic-uid-912,1,1,0,1,0,synthetic,1,0.63728005
16,launched,email,,2,Autoridad,Comunicado institucional,Plantilla con señal de autoridad,0,1,0,0,22,35-44,M,Tecnica,454,synthetic_user_454@example.com,synthetic-uid-454,1,0,0,0,0,synthetic,0,0.40628836
3,launched,email,2026-03-15 17:30:31.174001,4,Template educativo formal,Notificación de seguridad para {{ name }},Plantilla base para simulación académica con seguimiento de apertura y clic.,0,1,0,1,1,18-24,unknown,Universitaria,3,daniels.a.m.m1234@gmail.com,27665e96-4411-4c93-95bf-7ea05491b433,1,0,0,0,0,observed,1,0.8864261
18,launched,email,,2,Autoridad,Comunicado institucional,Plantilla con señal de autoridad,0,1,0,0,29,45-54,M,Secundaria,514,synthetic_user_514@example.com,synthetic-uid-514,1,1,0,1,0,synthetic,1,0.7679676
59,launched,email,,6,Autoridad + Personalización,Notificación importante para usted,Plantilla combinada,0,1,0,1,38,55+,M,Tecnica,1764,synthetic_user_1764@example.com,synthetic-uid-1764,1,0,0,0,0,synthetic,0,0.34027064
44,launched,email,,5,Urgencia + Autoridad,Aviso urgente institucional,Plantilla combinada,1,1,0,0,20,35-44,F,Posgrado,1305,synthetic_user_1305@example.com,synthetic-uid-1305,1,0,0,0,0,synthetic,0,0.37978777
34,launched,email,,4,Personalización,Actualización para usted,Plantilla con personalización,0,0,0,1,14,25-34,M,Tecnica,1004,synthetic_user_1004@example.com,synthetic-uid-1004,1,0,0,0,0,synthetic,0,0.42770037
43,launched,email,,5,Urgencia + Autoridad,Aviso urgente institucional,Plantilla combinada,1,1,0,0,7,18-24,M,Universitaria,1264,synthetic_user_1264@example.com,synthetic-uid-1264,1,0,0,0,0,synthetic,0,0.45370194
65,launched,email,,7,Recompensa + Personalización,Beneficio exclusivo para usted,Plantilla combinada,0,0,1,1,9,25-34,F,Secundaria,1931,synthetic_user_1931@example.com,synthetic-uid-1931,1,1,1,1,1,synthetic,0,0.120642595
75,launched,email,,8,Control neutro,Información general,Plantilla sin señales fuertes,0,0,0,0,11,25-34,F,Universitaria,2223,synthetic_user_2223@example.com,synthetic-uid-2223,1,1,1,1,1,synthetic,1,0.714256
49,launched,email,,5,Urgencia + Autoridad,Aviso urgente institucional,Plantilla combinada,1,1,0,0,11,25-34,F,Universitaria,1452,synthetic_user_1452@example.com,synthetic-uid-1452,1,0,0,0,0,synthetic,0,0.39874858
17,launched,email,,2,Autoridad,Comunicado institucional,Plantilla con señal de autoridad,0,1,0,0,38,55+,M,Tecnica,496,synthetic_user_496@example.com,synthetic-uid-496,1,1,1,1,1,synthetic,0,0.05363384
44,launched,email,,5,Urgencia + Autoridad,Aviso urgente institucional,Plantilla combinada,1,1,0,0,20,35-44,F,Posgrado,1292,synthetic_user_1292@example.com,synthetic-uid-1292,1,1,0,1,0,synthetic,0,0.37978777
48,launched,email,,5,Urgencia + Autoridad,Aviso urgente institucional,Plantilla combinada,1,1,0,0,1,18-24,F,Secundaria,1438,synthetic_user_1438@example.com,synthetic-uid-1438,1,1,0,1,0,synthetic,0,0.35708216
39,launched,email,,4,Personalización,Actualización para usted,Plantilla con personalización,0,0,0,1,25,45-54,F,Secundaria,1147,synthetic_user_1147@example.com,synthetic-uid-1147,1,0,0,0,0,synthetic,1,0.64553225
64,launched,email,,7,Recompensa + Personalización,Beneficio exclusivo para usted,Plantilla combinada,0,0,1,1,30,45-54,M,Tecnica,1891,synthetic_user_1891@example.com,synthetic-uid-1891,1,1,0,1,0,synthetic,0,0.4325269
50,launched,email,,5,Urgencia + Autoridad,Aviso urgente institucional,Plantilla combinada,1,1,0,0,35,55+,F,Universitaria,1477,synthetic_user_1477@example.com,synthetic-uid-1477,1,0,0,0,0,synthetic,1,0.6283463
58,launched,email,,6,Autoridad + Personalización,Notificación importante para usted,Plantilla combinada,0,1,0,1,5,18-24,M,Secundaria,1730,synthetic_user_1730@example.com,synthetic-uid-1730,1,1,0,1,0,synthetic,1,0.6264148
18,launched,email,,2,Autoridad,Comunicado institucional,Plantilla con señal de autoridad,0,1,0,0,29,45-54,M,Secundaria,522,synthetic_user_522@example.com,synthetic-uid-522,1,1,0,1,0,synthetic,1,0.7679676
20,launched,email,,2,Autoridad,Comunicado institucional,Plantilla con señal de autoridad,0,1,0,0,1,18-24,F,Secundaria,594,synthetic_user_594@example.com,synthetic-uid-594,1,1,0,1,0,synthetic,0,0.45012188
34,launched,email,,4,Personalización,Actualización para usted,Plantilla con personalización,0,0,0,1,14,25-34,M,Tecnica,1006,synthetic_user_1006@example.com,synthetic-uid-1006,1,0,0,0,0,synthetic,0,0.42770037
74,launched,email,,8,Control neutro,Información general,Plantilla sin señales fuertes,0,0,0,0,1,18-24,F,Secundaria,2214,synthetic_user_2214@example.com,synthetic-uid-2214,1,0,0,0,0,synthetic,0,0.43259647
15,launched,email,,2,Autoridad,Comunicado institucional,Plantilla con señal de autoridad,0,1,0,0,5,18-24,M,Secundaria,422,synthetic_user_422@example.com,synthetic-uid-422,1,0,0,0,0,synthetic,1,0.5730762
2,launched,email,2026-03-08 21:00:46.586632,1,Template educativo v1,unknown,,0,0,0,0,1,18-24,unknown,Universitaria,2,test2@example.com,dfc0c600-4321-46ea-96cd-cd7e23f58043,1,0,0,0,0,observed,1,0.8681526
72,launched,email,,8,Control neutro,Información general,Plantilla sin señales fuertes,0,0,0,0,39,55+,M,Universitaria,2160,synthetic_user_2160@example.com,synthetic-uid-2160,1,0,0,0,0,synthetic,0,0.4144991
1,launched,email,,1,Urgencia,Acción requerida,Plantilla con señal de urgencia,1,0,0,0,8,18-24,M,Posgrado,9,synthetic_user_9@example.com,synthetic-uid-9,1,0,0,0,0,synthetic,0,0.39603683
55,launched,email,,6,Autoridad + Personalización,Notificación importante para usted,Plantilla combinada,0,1,0,1,34,55+,F,Tecnica,1629,synthetic_user_1629@example.com,synthetic-uid-1629,1,1,0,1,0,synthetic,0,0.046595123
37,launched,email,,4,Personalización,Actualización para usted,Plantilla con personalización,0,0,0,1,16,25-34,M,Posgrado,1098,synthetic_user_1098@example.com,synthetic-uid-1098,1,0,0,0,0,synthetic,1,0.59278464
65,launched,email,,7,Recompensa + Personalización,Beneficio exclusivo para usted,Plantilla combinada,0,0,1,1,9,25-34,F,Secundaria,1925,synthetic_user_1925@example.com,synthetic-uid-1925,1,1,0,1,0,synthetic,0,0.120642595
65,launched,email,,7,Recompensa + Personalización,Beneficio exclusivo para usted,Plantilla combinada,0,0,1,1,9,25-34,F,Secundaria,1927,synthetic_user_1927@example.com,synthetic-uid-1927,1,0,0,0,0,synthetic,0,0.120642595
56,launched,email,,6,Autoridad + Personalización,Notificación importante para usted,Plantilla combinada,0,1,0,1,29,45-54,M,Secundaria,1668,synthetic_user_1668@example.com,synthetic-uid-1668,1,0,0,0,0,synthetic,0,0.3247557
54,launched,email,,6,Autoridad + Personalización,Notificación importante para usted,Plantilla combinada,0,1,0,1,31,45-54,M,Universitaria,1591,synthetic_user_1591@example.com,synthetic-uid-1591,1,0,0,0,0,synthetic,0,0.05123183
35,launched,email,,4,Personalización,Actualización para usted,Plantilla con personalización,0,0,0,1,19,35-44,F,Universitaria,1023,synthetic_user_1023@example.com,synthetic-uid-1023,1,0,0,0,0,synthetic,1,0.5982488
31,launched,email,,4,Personalización,Actualización para usted,Plantilla con personalización,0,0,0,1,3,18-24,F,Universitaria,909,synthetic_user_909@example.com,synthetic-uid-909,1,1,0,1,0,synthetic,1,0.63728005
43,launched,email,,5,Urgencia + Autoridad,Aviso urgente institucional,Plantilla combinada,1,1,0,0,7,18-24,M,Universitaria,1271,synthetic_user_1271@example.com,synthetic-uid-1271,1,0,0,0,0,synthetic,0,0.45370194
24,launched,email,,3,Recompensa,Beneficio disponible,Plantilla con señal de recompensa,0,0,1,0,1,18-24,F,Secundaria,693,synthetic_user_693@example.com,synthetic-uid-693,1,0,0,0,0,synthetic,0,0.3835021
24,launched,email,,3,Recompensa,Beneficio disponible,Plantilla con señal de recompensa,0,0,1,0,1,18-24,F,Secundaria,716,synthetic_user_716@example.com,synthetic-uid-716,1,0,0,0,0,synthetic,0,0.3835021
80,launched,email,,8,Control neutro,Información general,Plantilla sin señales fuertes,0,0,0,0,6,18-24,M,Tecnica,2399,synthetic_user_2399@example.com,synthetic-uid-2399,1,0,0,0,0,synthetic,0,0.49216765
42,launched,email,,5,Urgencia + Autoridad,Aviso urgente institucional,Plantilla combinada,1,1,0,0,14,25-34,M,Tecnica,1259,synthetic_user_1259@example.com,synthetic-uid-1259,1,0,0,0,0,synthetic,1,0.77686954
57,launched,email,,6,Autoridad + Personalización,Notificación importante para usted,Plantilla combinada,0,1,0,1,5,18-24,M,Secundaria,1699,synthetic_user_1699@example.com,synthetic-uid-1699,1,1,0,1,0,synthetic,1,0.6264148
66,launched,email,,7,Recompensa + Personalización,Beneficio exclusivo para usted,Plantilla combinada,0,0,1,1,37,55+,M,Secundaria,1961,synthetic_user_1961@example.com,synthetic-uid-1961,1,0,0,0,0,synthetic,0,0.24323508
53,launched,email,,6,Autoridad + Personalización,Notificación importante para usted,Plantilla combinada,0,1,0,1,27,45-54,F,Universitaria,1571,synthetic_user_1571@example.com,synthetic-uid-1571,1,0,0,0,0,synthetic,0,0.45254278
47,launched,email,,5,Urgencia + Autoridad,Aviso urgente institucional,Plantilla combinada,1,1,0,0,12,25-34,F,Posgrado,1396,synthetic_user_1396@example.com,synthetic-uid-1396,1,0,0,0,0,synthetic,1,0.6295889
40,launched,email,,4,Personalización,Actualización para usted,Plantilla con personalización,0,0,0,1,12,25-34,F,Posgrado,1182,synthetic_user_1182@example.com,synthetic-uid-1182,1,0,0,0,0,synthetic,1,0.6206687
73,launched,email,,8,Control neutro,Información general,Plantilla sin señales fuertes,0,0,0,0,6,18-24,M,Tecnica,2182,synthetic_user_2182@example.com,synthetic-uid-2182,1,1,0,1,0,synthetic,0,0.49216765
46,launched,email,,5,Urgencia + Autoridad,Aviso urgente institucional,Plantilla combinada,1,1,0,0,29,45-54,M,Secundaria,1356,synthetic_user_1356@example.com,synthetic-uid-1356,1,0,0,0,0,synthetic,1,0.64717996
43,launched,email,,5,Urgencia + Autoridad,Aviso urgente institucional,Plantilla combinada,1,1,0,0,7,18-24,M,Universitaria,1267,synthetic_user_1267@example.com,synthetic-uid-1267,1,1,0,1,0,synthetic,0,0.45370194
80,launched,email,,8,Control neutro,Información general,Plantilla sin señales fuertes,0,0,0,0,6,18-24,M,Tecnica,2400,synthetic_user_2400@example.com,synthetic-uid-2400,1,1,1,1,1,synthetic,0,0.49216765
73,launched,email,,8,Control neutro,Información general,Plantilla sin señales fuertes,0,0,0,0,6,18-24,M,Tecnica,2181,synthetic_user_2181@example.com,synthetic-uid-2181,1,0,0,0,0,synthetic,0,0.49216765
40,launched,email,,4,Personalización,Actualización para usted,Plantilla con personalización,0,0,0,1,12,25-34,F,Posgrado,1176,synthetic_user_1176@example.com,synthetic-uid-1176,1,0,0,0,0,synthetic,1,0.6206687
51,launched,email,,6,Autoridad + Personalización,Notificación importante para usted,Plantilla combinada,0,1,0,1,15,25-34,M,Universitaria,1526,synthetic_user_1526@example.com,synthetic-uid-1526,1,0,0,0,0,synthetic,0,0.020252198
79,launched,email,,8,Control neutro,Información general,Plantilla sin señales fuertes,0,0,0,0,21,35-44,M,Secundaria,2367,synthetic_user_2367@example.com,synthetic-uid-2367,1,0,0,0,0,synthetic,0,0.08492131
42,launched,email,,5,Urgencia + Autoridad,Aviso urgente institucional,Plantilla combinada,1,1,0,0,14,25-34,M,Tecnica,1240,synthetic_user_1240@example.com,synthetic-uid-1240,1,0,0,0,0,synthetic,1,0.77686954
68,launched,email,,7,Recompensa + Personalización,Beneficio exclusivo para usted,Plantilla combinada,0,0,1,1,27,45-54,F,Universitaria,2026,synthetic_user_2026@example.com,synthetic-uid-2026,1,1,0,1,0,synthetic,0,0.4020645
33,launched,email,,4,Personalización,Actualización para usted,Plantilla con personalización,0,0,0,1,29,45-54,M,Secundaria,967,synthetic_user_967@example.com,synthetic-uid-967,1,0,0,0,0,synthetic,1,0.54385066
44,launched,email,,5,Urgencia + Autoridad,Aviso urgente institucional,Plantilla combinada,1,1,0,0,20,35-44,F,Posgrado,1291,synthetic_user_1291@example.com,synthetic-uid-1291,1,0,0,0,0,synthetic,0,0.37978777
23,launched,email,,3,Recompensa,Beneficio disponible,Plantilla con señal de recompensa,0,0,1,0,19,35-44,F,Universitaria,688,synthetic_user_688@example.com,synthetic-uid-688,1,1,0,1,0,synthetic,0,0.018337216
36,launched,email,,4,Personalización,Actualización para usted,Plantilla con personalización,0,0,0,1,9,25-34,F,Secundaria,1057,synthetic_user_1057@example.com,synthetic-uid-1057,1,0,0,0,0,synthetic,1,0.68945503
44,launched,email,,5,Urgencia + Autoridad,Aviso urgente institucional,Plantilla combinada,1,1,0,0,20,35-44,F,Posgrado,1295,synthetic_user_1295@example.com,synthetic-uid-1295,1,0,0,0,0,synthetic,0,0.37978777
13,launched,email,,2,Autoridad,Comunicado institucional,Plantilla con señal de autoridad,0,1,0,0,38,55+,M,Tecnica,380,synthetic_user_380@example.com,synthetic-uid-380,1,0,0,0,0,synthetic,0,0.05363384
2,launched,email,,1,Urgencia,Acción requerida,Plantilla con señal de urgencia,1,0,0,0,3,18-24,F,Universitaria,33,synthetic_user_33@example.com,synthetic-uid-33,1,0,0,0,0,synthetic,0,0.40512323
63,launched,email,,7,Recompensa + Personalización,Beneficio exclusivo para usted,Plantilla combinada,0,0,1,1,37,55+,M,Secundaria,1874,synthetic_user_1874@example.com,synthetic-uid-1874,1,0,0,0,0,synthetic,0,0.24323508
25,launched,email,,3,Recompensa,Beneficio disponible,Plantilla con señal de recompensa,0,0,1,0,19,35-44,F,Universitaria,735,synthetic_user_735@example.com,synthetic-uid-735,1,0,0,0,0,synthetic,0,0.018337216
17,launched,email,,2,Autoridad,Comunicado institucional,Plantilla con señal de autoridad,0,1,0,0,38,55+,M,Tecnica,494,synthetic_user_494@example.com,synthetic-uid-494,1,0,0,0,0,synthetic,0,0.05363384
38,launched,email,,4,Personalización,Actualización para usted,Plantilla con personalización,0,0,0,1,12,25-34,F,Posgrado,1127,synthetic_user_1127@example.com,synthetic-uid-1127,1,0,0,0,0,synthetic,1,0.6206687
69,launched,email,,7,Recompensa + Personalización,Beneficio exclusivo para usted,Plantilla combinada,0,0,1,1,25,45-54,F,Secundaria,2061,synthetic_user_2061@example.com,synthetic-uid-2061,1,0,0,0,0,synthetic,1,0.56930554
46,launched,email,,5,Urgencia + Autoridad,Aviso urgente institucional,Plantilla combinada,1,1,0,0,29,45-54,M,Secundaria,1355,synthetic_user_1355@example.com,synthetic-uid-1355,1,1,1,1,1,synthetic,1,0.64717996
53,launched,email,,6,Autoridad + Personalización,Notificación importante para usted,Plantilla combinada,0,1,0,1,27,45-54,F,Universitaria,1574,synthetic_user_1574@example.com,synthetic-uid-1574,1,0,0,0,0,synthetic,0,0.45254278
61,launched,email,,7,Recompensa + Personalización,Beneficio exclusivo para usted,Plantilla combinada,0,0,1,1,36,55+,F,Posgrado,1802,synthetic_user_1802@example.com,synthetic-uid-1802,1,1,0,1,0,synthetic,0,0.030974945
80,launched,email,,8,Control neutro,Información general,Plantilla sin señales fuertes,0,0,0,0,6,18-24,M,Tecnica,2384,synthetic_user_2384@example.com,synthetic-uid-2384,1,0,0,0,0,synthetic,0,0.49216765
40,launched,email,,4,Personalización,Actualización para usted,Plantilla con personalización,0,0,0,1,12,25-34,F,Posgrado,1186,synthetic_user_1186@example.com,synthetic-uid-1186,1,1,0,1,0,synthetic,1,0.6206687
7,launched,email,,1,Urgencia,Acción requerida,Plantilla con señal de urgencia,1,0,0,0,38,55+,M,Tecnica,190,synthetic_user_190@example.com,synthetic-uid-190,1,0,0,0,0,synthetic,0,0.41445437
73,launched,email,,8,Control neutro,Información general,Plantilla sin señales fuertes,0,0,0,0,6,18-24,M,Tecnica,2186,synthetic_user_2186@example.com,synthetic-uid-2186,1,1,0,1,0,synthetic,0,0.49216765
5,launched,email,,1,Urgencia,Acción requerida,Plantilla con señal de urgencia,1,0,0,0,38,55+,M,Tecnica,130,synthetic_user_130@example.com,synthetic-uid-130,1,0,0,0,0,synthetic,0,0.41445437
61,launched,email,,7,Recompensa + Personalización,Beneficio exclusivo para usted,Plantilla combinada,0,0,1,1,36,55+,F,Posgrado,1816,synthetic_user_1816@example.com,synthetic-uid-1816,1,1,1,1,1,synthetic,0,0.030974945
26,launched,email,,3,Recompensa,Beneficio disponible,Plantilla con señal de recompensa,0,0,1,0,7,18-24,M,Universitaria,759,synthetic_user_759@example.com,synthetic-uid-759,1,0,0,0,0,synthetic,0,0.238878
19,launched,email,,2,Autoridad,Comunicado institucional,Plantilla con señal de autoridad,0,1,0,0,28,45-54,F,Posgrado,563,synthetic_user_563@example.com,synthetic-uid-563,1,0,0,0,0,synthetic,0,0.36537373
73,launched,email,,8,Control neutro,Información general,Plantilla sin señales fuertes,0,0,0,0,6,18-24,M,Tecnica,2180,synthetic_user_2180@example.com,synthetic-uid-2180,1,0,0,0,0,synthetic,0,0.49216765
7,launched,email,,1,Urgencia,Acción requerida,Plantilla con señal de urgencia,1,0,0,0,38,55+,M,Tecnica,210,synthetic_user_210@example.com,synthetic-uid-210,1,1,1,1,1,synthetic,0,0.41445437
12,launched,email,,2,Autoridad,Comunicado institucional,Plantilla con señal de autoridad,0,1,0,0,8,18-24,M,Posgrado,347,synthetic_user_347@example.com,synthetic-uid-347,1,0,0,0,0,synthetic,0,0.020455448
61,launched,email,,7,Recompensa + Personalización,Beneficio exclusivo para usted,Plantilla combinada,0,0,1,1,36,55+,F,Posgrado,1817,synthetic_user_1817@example.com,synthetic-uid-1817,1,1,0,1,0,synthetic,0,0.030974945
38,launched,email,,4,Personalización,Actualización para usted,Plantilla con personalización,0,0,0,1,12,25-34,F,Posgrado,1140,synthetic_user_1140@example.com,synthetic-uid-1140,1,0,0,0,0,synthetic,1,0.6206687
20,launched,email,,2,Autoridad,Comunicado institucional,Plantilla con señal de autoridad,0,1,0,0,1,18-24,F,Secundaria,574,synthetic_user_574@example.com,synthetic-uid-574,1,1,0,1,0,synthetic,0,0.45012188
34,launched,email,,4,Personalización,Actualización para usted,Plantilla con personalización,0,0,0,1,14,25-34,M,Tecnica,1012,synthetic_user_1012@example.com,synthetic-uid-1012,1,0,0,0,0,synthetic,0,0.42770037
23,launched,email,,3,Recompensa,Beneficio disponible,Plantilla con señal de recompensa,0,0,1,0,19,35-44,F,Universitaria,677,synthetic_user_677@example.com,synthetic-uid-677,1,1,0,1,0,synthetic,0,0.018337216
18,launched,email,,2,Autoridad,Comunicado institucional,Plantilla con señal de autoridad,0,1,0,0,29,45-54,M,Secundaria,525,synthetic_user_525@example.com,synthetic-uid-525,1,1,0,1,0,synthetic,1,0.7679676
14,launched,email,,2,Autoridad,Comunicado institucional,Plantilla con señal de autoridad,0,1,0,0,30,45-54,M,Tecnica,409,synthetic_user_409@example.com,synthetic-uid-409,1,1,0,1,0,synthetic,1,0.7399603
39,launched,email,,4,Personalización,Actualización para usted,Plantilla con personalización,0,0,0,1,25,45-54,F,Secundaria,1165,synthetic_user_1165@example.com,synthetic-uid-1165,1,0,0,0,0,synthetic,1,0.64553225
50,launched,email,,5,Urgencia + Autoridad,Aviso urgente institucional,Plantilla combinada,1,1,0,0,35,55+,F,Universitaria,1491,synthetic_user_1491@example.com,synthetic-uid-1491,1,0,0,0,0,synthetic,1,0.6283463
77,launched,email,,8,Control neutro,Información general,Plantilla sin señales fuertes,0,0,0,0,16,25-34,M,Posgrado,2310,synthetic_user_2310@example.com,synthetic-uid-2310,1,0,0,0,0,synthetic,0,0.099757716
3,launched,email,,1,Urgencia,Acción requerida,Plantilla con señal de urgencia,1,0,0,0,35,55+,F,Universitaria,90,synthetic_user_90@example.com,synthetic-uid-90,1,1,0,1,0,synthetic,0,0.25696817
23,launched,email,,3,Recompensa,Beneficio disponible,Plantilla con señal de recompensa,0,0,1,0,19,35-44,F,Universitaria,671,synthetic_user_671@example.com,synthetic-uid-671,1,1,0,1,0,synthetic,0,0.018337216
20,launched,email,,2,Autoridad,Comunicado institucional,Plantilla con señal de autoridad,0,1,0,0,1,18-24,F,Secundaria,578,synthetic_user_578@example.com,synthetic-uid-578,1,1,0,1,0,synthetic,0,0.45012188
31,launched,email,,4,Personalización,Actualización para usted,Plantilla con personalización,0,0,0,1,3,18-24,F,Universitaria,922,synthetic_user_922@example.com,synthetic-uid-922,1,0,0,0,0,synthetic,1,0.63728005
37,launched,email,,4,Personalización,Actualización para usted,Plantilla con personalización,0,0,0,1,16,25-34,M,Posgrado,1106,synthetic_user_1106@example.com,synthetic-uid-1106,1,0,0,0,0,synthetic,1,0.59278464
22,launched,email,,3,Recompensa,Beneficio disponible,Plantilla con señal de recompensa,0,0,1,0,7,18-24,M,Universitaria,646,synthetic_user_646@example.com,synthetic-uid-646,1,1,0,1,0,synthetic,0,0.238878
12,launched,email,,2,Autoridad,Comunicado institucional,Plantilla con señal de autoridad,0,1,0,0,8,18-24,M,Posgrado,351,synthetic_user_351@example.com,synthetic-uid-351,1,1,1,1,1,synthetic,0,0.020455448
27,launched,email,,3,Recompensa,Beneficio disponible,Plantilla con señal de recompensa,0,0,1,0,14,25-34,M,Tecnica,789,synthetic_user_789@example.com,synthetic-uid-789,1,0,0,0,0,synthetic,1,0.79492116
76,launched,email,,8,Control neutro,Información general,Plantilla sin señales fuertes,0,0,0,0,39,55+,M,Universitaria,2270,synthetic_user_2270@example.com,synthetic-uid-2270,1,1,0,1,0,synthetic,0,0.4144991
66,launched,email,,7,Recompensa + Personalización,Beneficio exclusivo para usted,Plantilla combinada,0,0,1,1,37,55+,M,Secundaria,1954,synthetic_user_1954@example.com,synthetic-uid-1954,1,0,0,0,0,synthetic,0,0.24323508
76,launched,email,,8,Control neutro,Información general,Plantilla sin señales fuertes,0,0,0,0,39,55+,M,Universitaria,2273,synthetic_user_2273@example.com,synthetic-uid-2273,1,0,0,0,0,synthetic,0,0.4144991
30,launched,email,,3,Recompensa,Beneficio disponible,Plantilla con señal de recompensa,0,0,1,0,2,18-24,F,Tecnica,896,synthetic_user_896@example.com,synthetic-uid-896,1,0,0,0,0,synthetic,1,0.7367882
9,launched,email,,1,Urgencia,Acción requerida,Plantilla con señal de urgencia,1,0,0,0,16,25-34,M,Posgrado,259,synthetic_user_259@example.com,synthetic-uid-259,1,0,0,0,0,synthetic,1,0.57543087
66,launched,email,,7,Recompensa + Personalización,Beneficio exclusivo para usted,Plantilla combinada,0,0,1,1,37,55+,M,Secundaria,1976,synthetic_user_1976@example.com,synthetic-uid-1976,1,1,0,1,0,synthetic,0,0.24323508
58,launched,email,,6,Autoridad + Personalización,Notificación importante para usted,Plantilla combinada,0,1,0,1,5,18-24,M,Secundaria,1732,synthetic_user_1732@example.com,synthetic-uid-1732,1,0,0,0,0,synthetic,1,0.6264148
4,launched,email,,1,Urgencia,Acción requerida,Plantilla con señal de urgencia,1,0,0,0,35,55+,F,Universitaria,95,synthetic_user_95@example.com,synthetic-uid-95,1,0,0,0,0,synthetic,0,0.25696817
76,launched,email,,8,Control neutro,Información general,Plantilla sin señales fuertes,0,0,0,0,39,55+,M,Universitaria,2266,synthetic_user_2266@example.com,synthetic-uid-2266,1,0,0,0,0,synthetic,0,0.4144991
20,launched,email,,2,Autoridad,Comunicado institucional,Plantilla con señal de autoridad,0,1,0,0,1,18-24,F,Secundaria,597,synthetic_user_597@example.com,synthetic-uid-597,1,1,0,1,0,synthetic,0,0.45012188
49,launched,email,,5,Urgencia + Autoridad,Aviso urgente institucional,Plantilla combinada,1,1,0,0,11,25-34,F,Universitaria,1456,synthetic_user_1456@example.com,synthetic-uid-1456,1,1,0,1,0,synthetic,0,0.39874858
38,launched,email,,4,Personalización,Actualización para usted,Plantilla con personalización,0,0,0,1,12,25-34,F,Posgrado,1134,synthetic_user_1134@example.com,synthetic-uid-1134,1,0,0,0,0,synthetic,1,0.6206687
70,launched,email,,7,Recompensa + Personalización,Beneficio exclusivo para usted,Plantilla combinada,0,0,1,1,14,25-34,M,Tecnica,2072,synthetic_user_2072@example.com,synthetic-uid-2072,1,0,0,0,0,synthetic,1,0.61100185
19,launched,email,,2,Autoridad,Comunicado institucional,Plantilla con señal de autoridad,0,1,0,0,28,45-54,F,Posgrado,566,synthetic_user_566@example.com,synthetic-uid-566,1,0,0,0,0,synthetic,0,0.36537373
30,launched,email,,3,Recompensa,Beneficio disponible,Plantilla con señal de recompensa,0,0,1,0,2,18-24,F,Tecnica,877,synthetic_user_877@example.com,synthetic-uid-877,1,1,0,1,0,synthetic,1,0.7367882
61,launched,email,,7,Recompensa + Personalización,Beneficio exclusivo para usted,Plantilla combinada,0,0,1,1,36,55+,F,Posgrado,1826,synthetic_user_1826@example.com,synthetic-uid-1826,1,0,0,0,0,synthetic,0,0.030974945
17,launched,email,,2,Autoridad,Comunicado institucional,Plantilla con señal de autoridad,0,1,0,0,38,55+,M,Tecnica,495,synthetic_user_495@example.com,synthetic-uid-495,1,0,0,0,0,synthetic,0,0.05363384
47,launched,email,,5,Urgencia + Autoridad,Aviso urgente institucional,Plantilla combinada,1,1,0,0,12,25-34,F,Posgrado,1407,synthetic_user_1407@example.com,synthetic-uid-1407,1,1,1,1,1,synthetic,1,0.6295889
4,launched,email,,1,Urgencia,Acción requerida,Plantilla con señal de urgencia,1,0,0,0,35,55+,F,Universitaria,92,synthetic_user_92@example.com,synthetic-uid-92,1,0,0,0,0,synthetic,0,0.25696817
58,launched,email,,6,Autoridad + Personalización,Notificación importante para usted,Plantilla combinada,0,1,0,1,5,18-24,M,Secundaria,1736,synthetic_user_1736@example.com,synthetic-uid-1736,1,1,0,1,0,synthetic,1,0.6264148
40,launched,email,,4,Personalización,Actualización para usted,Plantilla con personalización,0,0,0,1,12,25-34,F,Posgrado,1189,synthetic_user_1189@example.com,synthetic-uid-1189,1,0,0,0,0,synthetic,1,0.6206687
13,launched,email,,2,Autoridad,Comunicado institucional,Plantilla con señal de autoridad,0,1,0,0,38,55+,M,Tecnica,390,synthetic_user_390@example.com,synthetic-uid-390,1,0,0,0,0,synthetic,0,0.05363384
40,launched,email,,4,Personalización,Actualización para usted,Plantilla con personalización,0,0,0,1,12,25-34,F,Posgrado,1194,synthetic_user_1194@example.com,synthetic-uid-1194,1,1,0,1,0,synthetic,1,0.6206687
72,launched,email,,8,Control neutro,Información general,Plantilla sin señales fuertes,0,0,0,0,39,55+,M,Universitaria,2138,synthetic_user_2138@example.com,synthetic-uid-2138,1,1,0,1,0,synthetic,0,0.4144991
6,launched,email,,1,Urgencia,Acción requerida,Plantilla con señal de urgencia,1,0,0,0,4,18-24,F,Posgrado,169,synthetic_user_169@example.com,synthetic-uid-169,1,1,0,1,0,synthetic,1,0.67375076
50,launched,email,,5,Urgencia + Autoridad,Aviso urgente institucional,Plantilla combinada,1,1,0,0,35,55+,F,Universitaria,1486,synthetic_user_1486@example.com,synthetic-uid-1486,1,1,0,1,0,synthetic,1,0.6283463
17,launched,email,,2,Autoridad,Comunicado institucional,Plantilla con señal de autoridad,0,1,0,0,38,55+,M,Tecnica,502,synthetic_user_502@example.com,synthetic-uid-502,1,1,1,1,1,synthetic,0,0.05363384
27,launched,email,,3,Recompensa,Beneficio disponible,Plantilla con señal de recompensa,0,0,1,0,14,25-34,M,Tecnica,807,synthetic_user_807@example.com,synthetic-uid-807,1,1,0,1,0,synthetic,1,0.79492116
19,launched,email,,2,Autoridad,Comunicado institucional,Plantilla con señal de autoridad,0,1,0,0,28,45-54,F,Posgrado,543,synthetic_user_543@example.com,synthetic-uid-543,1,1,0,1,0,synthetic,0,0.36537373
7,launched,email,,1,Urgencia,Acción requerida,Plantilla con señal de urgencia,1,0,0,0,38,55+,M,Tecnica,204,synthetic_user_204@example.com,synthetic-uid-204,1,0,0,0,0,synthetic,0,0.41445437
63,launched,email,,7,Recompensa + Personalización,Beneficio exclusivo para usted,Plantilla combinada,0,0,1,1,37,55+,M,Secundaria,1865,synthetic_user_1865@example.com,synthetic-uid-1865,1,0,0,0,0,synthetic,0,0.24323508
77,launched,email,,8,Control neutro,Información general,Plantilla sin señales fuertes,0,0,0,0,16,25-34,M,Posgrado,2289,synthetic_user_2289@example.com,synthetic-uid-2289,1,1,0,1,0,synthetic,0,0.099757716
76,launched,email,,8,Control neutro,Información general,Plantilla sin señales fuertes,0,0,0,0,39,55+,M,Universitaria,2278,synthetic_user_2278@example.com,synthetic-uid-2278,1,0,0,0,0,synthetic,0,0.4144991
25,launched,email,,3,Recompensa,Beneficio disponible,Plantilla con señal de recompensa,0,0,1,0,19,35-44,F,Universitaria,731,synthetic_user_731@example.com,synthetic-uid-731,1,0,0,0,0,synthetic,0,0.018337216
42,launched,email,,5,Urgencia + Autoridad,Aviso urgente institucional,Plantilla combinada,1,1,0,0,14,25-34,M,Tecnica,1247,synthetic_user_1247@example.com,synthetic-uid-1247,1,0,0,0,0,synthetic,1,0.77686954
39,launched,email,,4,Personalización,Actualización para usted,Plantilla con personalización,0,0,0,1,25,45-54,F,Secundaria,1146,synthetic_user_1146@example.com,synthetic-uid-1146,1,1,1,1,1,synthetic,1,0.64553225
29,launched,email,,3,Recompensa,Beneficio disponible,Plantilla con señal de recompensa,0,0,1,0,22,35-44,M,Tecnica,863,synthetic_user_863@example.com,synthetic-uid-863,1,0,0,0,0,synthetic,1,0.61362773
9,launched,email,,1,Urgencia,Acción requerida,Plantilla con señal de urgencia,1,0,0,0,16,25-34,M,Posgrado,247,synthetic_user_247@example.com,synthetic-uid-247,1,0,0,0,0,synthetic,1,0.57543087
49,launched,email,,5,Urgencia + Autoridad,Aviso urgente institucional,Plantilla combinada,1,1,0,0,11,25-34,F,Universitaria,1443,synthetic_user_1443@example.com,synthetic-uid-1443,1,0,0,0,0,synthetic,0,0.39874858
41,launched,email,,5,Urgencia + Autoridad,Aviso urgente institucional,Plantilla combinada,1,1,0,0,34,55+,F,Tecnica,1227,synthetic_user_1227@example.com,synthetic-uid-1227,1,0,0,0,0,synthetic,1,0.6509482
37,launched,email,,4,Personalización,Actualización para usted,Plantilla con personalización,0,0,0,1,16,25-34,M,Posgrado,1099,synthetic_user_1099@example.com,synthetic-uid-1099,1,0,0,0,0,synthetic,1,0.59278464
77,launched,email,,8,Control neutro,Información general,Plantilla sin señales fuertes,0,0,0,0,16,25-34,M,Posgrado,2283,synthetic_user_2283@example.com,synthetic-uid-2283,1,0,0,0,0,synthetic,0,0.099757716
53,launched,email,,6,Autoridad + Personalización,Notificación importante para usted,Plantilla combinada,0,1,0,1,27,45-54,F,Universitaria,1585,synthetic_user_1585@example.com,synthetic-uid-1585,1,1,1,1,1,synthetic,0,0.45254278
44,launched,email,,5,Urgencia + Autoridad,Aviso urgente institucional,Plantilla combinada,1,1,0,0,20,35-44,F,Posgrado,1294,synthetic_user_1294@example.com,synthetic-uid-1294,1,1,0,1,0,synthetic,0,0.37978777
5,launched,email,,1,Urgencia,Acción requerida,Plantilla con señal de urgencia,1,0,0,0,38,55+,M,Tecnica,150,synthetic_user_150@example.com,synthetic-uid-150,1,0,0,0,0,synthetic,0,0.41445437
74,launched,email,,8,Control neutro,Información general,Plantilla sin señales fuertes,0,0,0,0,1,18-24,F,Secundaria,2201,synthetic_user_2201@example.com,synthetic-uid-2201,1,1,0,1,0,synthetic,0,0.43259647
45,launched,email,,5,Urgencia + Autoridad,Aviso urgente institucional,Plantilla combinada,1,1,0,0,31,45-54,M,Universitaria,1331,synthetic_user_1331@example.com,synthetic-uid-1331,1,1,0,1,0,synthetic,1,0.5888963
46,launched,email,,5,Urgencia + Autoridad,Aviso urgente institucional,Plantilla combinada,1,1,0,0,29,45-54,M,Secundaria,1379,synthetic_user_1379@example.com,synthetic-uid-1379,1,1,0,1,0,synthetic,1,0.64717996
8,launched,email,,1,Urgencia,Acción requerida,Plantilla con señal de urgencia,1,0,0,0,7,18-24,M,Universitaria,240,synthetic_user_240@example.com,synthetic-uid-240,1,0,0,0,0,synthetic,0,0.4410509
38,launched,email,,4,Personalización,Actualización para usted,Plantilla con personalización,0,0,0,1,12,25-34,F,Posgrado,1121,synthetic_user_1121@example.com,synthetic-uid-1121,1,0,0,0,0,synthetic,1,0.6206687
7,launched,email,,1,Urgencia,Acción requerida,Plantilla con señal de urgencia,1,0,0,0,38,55+,M,Tecnica,206,synthetic_user_206@example.com,synthetic-uid-206,1,1,0,1,0,synthetic,0,0.41445437
75,launched,email,,8,Control neutro,Información general,Plantilla sin señales fuertes,0,0,0,0,11,25-34,F,Universitaria,2221,synthetic_user_2221@example.com,synthetic-uid-2221,1,0,0,0,0,synthetic,1,0.714256
68,launched,email,,7,Recompensa + Personalización,Beneficio exclusivo para usted,Plantilla combinada,0,0,1,1,27,45-54,F,Universitaria,2030,synthetic_user_2030@example.com,synthetic-uid-2030,1,0,0,0,0,synthetic,0,0.4020645
24,launched,email,,3,Recompensa,Beneficio disponible,Plantilla con señal de recompensa,0,0,1,0,1,18-24,F,Secundaria,706,synthetic_user_706@example.com,synthetic-uid-706,1,0,0,0,0,synthetic,0,0.3835021
7,launched,email,,1,Urgencia,Acción requerida,Plantilla con señal de urgencia,1,0,0,0,38,55+,M,Tecnica,193,synthetic_user_193@example.com,synthetic-uid-193,1,1,0,1,0,synthetic,0,0.41445437
42,launched,email,,5,Urgencia + Autoridad,Aviso urgente institucional,Plantilla combinada,1,1,0,0,14,25-34,M,Tecnica,1238,synthetic_user_1238@example.com,synthetic-uid-1238,1,1,0,1,0,synthetic,1,0.77686954
57,launched,email,,6,Autoridad + Personalización,Notificación importante para usted,Plantilla combinada,0,1,0,1,5,18-24,M,Secundaria,1696,synthetic_user_1696@example.com,synthetic-uid-1696,1,0,0,0,0,synthetic,1,0.6264148
68,launched,email,,7,Recompensa + Personalización,Beneficio exclusivo para usted,Plantilla combinada,0,0,1,1,27,45-54,F,Universitaria,2019,synthetic_user_2019@example.com,synthetic-uid-2019,1,1,0,1,0,synthetic,0,0.4020645
37,launched,email,,4,Personalización,Actualización para usted,Plantilla con personalización,0,0,0,1,16,25-34,M,Posgrado,1081,synthetic_user_1081@example.com,synthetic-uid-1081,1,0,0,0,0,synthetic,1,0.59278464
64,launched,email,,7,Recompensa + Personalización,Beneficio exclusivo para usted,Plantilla combinada,0,0,1,1,30,45-54,M,Tecnica,1906,synthetic_user_1906@example.com,synthetic-uid-1906,1,0,0,0,0,synthetic,0,0.4325269
50,launched,email,,5,Urgencia + Autoridad,Aviso urgente institucional,Plantilla combinada,1,1,0,0,35,55+,F,Universitaria,1481,synthetic_user_1481@example.com,synthetic-uid-1481,1,0,0,0,0,synthetic,1,0.6283463
78,launched,email,,8,Control neutro,Información general,Plantilla sin señales fuertes,0,0,0,0,10,25-34,F,Tecnica,2338,synthetic_user_2338@example.com,synthetic-uid-2338,1,1,0,1,0,synthetic,0,0.4588928
62,launched,email,,7,Recompensa + Personalización,Beneficio exclusivo para usted,Plantilla combinada,0,0,1,1,16,25-34,M,Posgrado,1839,synthetic_user_1839@example.com,synthetic-uid-1839,1,1,0,1,0,synthetic,0,0.41931945
63,launched,email,,7,Recompensa + Personalización,Beneficio exclusivo para usted,Plantilla combinada,0,0,1,1,37,55+,M,Secundaria,1887,synthetic_user_1887@example.com,synthetic-uid-1887,1,0,0,0,0,synthetic,0,0.24323508
75,launched,email,,8,Control neutro,Información general,Plantilla sin señales fuertes,0,0,0,0,11,25-34,F,Universitaria,2247,synthetic_user_2247@example.com,synthetic-uid-2247,1,0,0,0,0,synthetic,1,0.714256
28,launched,email,,3,Recompensa,Beneficio disponible,Plantilla con señal de recompensa,0,0,1,0,29,45-54,M,Secundaria,818,synthetic_user_818@example.com,synthetic-uid-818,1,0,0,0,0,synthetic,1,0.6282339
71,launched,email,,8,Control neutro,Información general,Plantilla sin señales fuertes,0,0,0,0,22,35-44,M,Tecnica,2102,synthetic_user_2102@example.com,synthetic-uid-2102,1,1,0,1,0,synthetic,0,0.4408605
51,launched,email,,6,Autoridad + Personalización,Notificación importante para usted,Plantilla combinada,0,1,0,1,15,25-34,M,Universitaria,1507,synthetic_user_1507@example.com,synthetic-uid-1507,1,1,0,1,0,synthetic,0,0.020252198
70,launched,email,,7,Recompensa + Personalización,Beneficio exclusivo para usted,Plantilla combinada,0,0,1,1,14,25-34,M,Tecnica,2085,synthetic_user_2085@example.com,synthetic-uid-2085,1,0,0,0,0,synthetic,1,0.61100185
45,launched,email,,5,Urgencia + Autoridad,Aviso urgente institucional,Plantilla combinada,1,1,0,0,31,45-54,M,Universitaria,1324,synthetic_user_1324@example.com,synthetic-uid-1324,1,0,0,0,0,synthetic,1,0.5888963
52,launched,email,,6,Autoridad + Personalización,Notificación importante para usted,Plantilla combinada,0,1,0,1,29,45-54,M,Secundaria,1531,synthetic_user_1531@example.com,synthetic-uid-1531,1,0,0,0,0,synthetic,0,0.3247557
42,launched,email,,5,Urgencia + Autoridad,Aviso urgente institucional,Plantilla combinada,1,1,0,0,14,25-34,M,Tecnica,1231,synthetic_user_1231@example.com,synthetic-uid-1231,1,1,1,1,1,synthetic,1,0.77686954
6,launched,email,,1,Urgencia,Acción requerida,Plantilla con señal de urgencia,1,0,0,0,4,18-24,F,Posgrado,175,synthetic_user_175@example.com,synthetic-uid-175,1,0,0,0,0,synthetic,1,0.67375076
20,launched,email,,2,Autoridad,Comunicado institucional,Plantilla con señal de autoridad,0,1,0,0,1,18-24,F,Secundaria,598,synthetic_user_598@example.com,synthetic-uid-598,1,0,0,0,0,synthetic,0,0.45012188
27,launched,email,,3,Recompensa,Beneficio disponible,Plantilla con señal de recompensa,0,0,1,0,14,25-34,M,Tecnica,804,synthetic_user_804@example.com,synthetic-uid-804,1,0,0,0,0,synthetic,1,0.79492116
54,launched,email,,6,Autoridad + Personalización,Notificación importante para usted,Plantilla combinada,0,1,0,1,31,45-54,M,Universitaria,1618,synthetic_user_1618@example.com,synthetic-uid-1618,1,0,0,0,0,synthetic,0,0.05123183
8,launched,email,,1,Urgencia,Acción requerida,Plantilla con señal de urgencia,1,0,0,0,7,18-24,M,Universitaria,231,synthetic_user_231@example.com,synthetic-uid-231,1,1,0,1,0,synthetic,0,0.4410509
54,launched,email,,6,Autoridad + Personalización,Notificación importante para usted,Plantilla combinada,0,1,0,1,31,45-54,M,Universitaria,1609,synthetic_user_1609@example.com,synthetic-uid-1609,1,1,0,1,0,synthetic,0,0.05123183
5,launched,email,,1,Urgencia,Acción requerida,Plantilla con señal de urgencia,1,0,0,0,38,55+,M,Tecnica,144,synthetic_user_144@example.com,synthetic-uid-144,1,0,0,0,0,synthetic,0,0.41445437
34,launched,email,,4,Personalización,Actualización para usted,Plantilla con personalización,0,0,0,1,14,25-34,M,Tecnica,997,synthetic_user_997@example.com,synthetic-uid-997,1,0,0,0,0,synthetic,0,0.42770037
28,launched,email,,3,Recompensa,Beneficio disponible,Plantilla con señal de recompensa,0,0,1,0,29,45-54,M,Secundaria,840,synthetic_user_840@example.com,synthetic-uid-840,1,0,0,0,0,synthetic,1,0.6282339
53,launched,email,,6,Autoridad + Personalización,Notificación importante para usted,Plantilla combinada,0,1,0,1,27,45-54,F,Universitaria,1590,synthetic_user_1590@example.com,synthetic-uid-1590,1,0,0,0,0,synthetic,0,0.45254278
29,launched,email,,3,Recompensa,Beneficio disponible,Plantilla con señal de recompensa,0,0,1,0,22,35-44,M,Tecnica,844,synthetic_user_844@example.com,synthetic-uid-844,1,0,0,0,0,synthetic,1,0.61362773
16,launched,email,,2,Autoridad,Comunicado institucional,Plantilla con señal de autoridad,0,1,0,0,22,35-44,M,Tecnica,470,synthetic_user_470@example.com,synthetic-uid-470,1,0,0,0,0,synthetic,0,0.40628836
60,launched,email,,6,Autoridad + Personalización,Notificación importante para usted,Plantilla combinada,0,1,0,1,29,45-54,M,Secundaria,1782,synthetic_user_1782@example.com,synthetic-uid-1782,1,0,0,0,0,synthetic,0,0.3247557
59,launched,email,,6,Autoridad + Personalización,Notificación importante para usted,Plantilla combinada,0,1,0,1,38,55+,M,Tecnica,1763,synthetic_user_1763@example.com,synthetic-uid-1763,1,0,0,0,0,synthetic,0,0.34027064
35,launched,email,,4,Personalización,Actualización para usted,Plantilla con personalización,0,0,0,1,19,35-44,F,Universitaria,1044,synthetic_user_1044@example.com,synthetic-uid-1044,1,1,0,1,0,synthetic,1,0.5982488
14,launched,email,,2,Autoridad,Comunicado institucional,Plantilla con señal de autoridad,0,1,0,0,30,45-54,M,Tecnica,413,synthetic_user_413@example.com,synthetic-uid-413,1,1,0,1,0,synthetic,1,0.7399603
23,launched,email,,3,Recompensa,Beneficio disponible,Plantilla con señal de recompensa,0,0,1,0,19,35-44,F,Universitaria,666,synthetic_user_666@example.com,synthetic-uid-666,1,0,0,0,0,synthetic,0,0.018337216
55,launched,email,,6,Autoridad + Personalización,Notificación importante para usted,Plantilla combinada,0,1,0,1,34,55+,F,Tecnica,1621,synthetic_user_1621@example.com,synthetic-uid-1621,1,0,0,0,0,synthetic,0,0.046595123
76,launched,email,,8,Control neutro,Información general,Plantilla sin señales fuertes,0,0,0,0,39,55+,M,Universitaria,2277,synthetic_user_2277@example.com,synthetic-uid-2277,1,0,0,0,0,synthetic,0,0.4144991
11,launched,email,,2,Autoridad,Comunicado institucional,Plantilla con señal de autoridad,0,1,0,0,14,25-34,M,Tecnica,330,synthetic_user_330@example.com,synthetic-uid-330,1,0,0,0,0,synthetic,0,0.09040243
46,launched,email,,5,Urgencia + Autoridad,Aviso urgente institucional,Plantilla combinada,1,1,0,0,29,45-54,M,Secundaria,1358,synthetic_user_1358@example.com,synthetic-uid-1358,1,0,0,0,0,synthetic,1,0.64717996
49,launched,email,,5,Urgencia + Autoridad,Aviso urgente institucional,Plantilla combinada,1,1,0,0,11,25-34,F,Universitaria,1454,synthetic_user_1454@example.com,synthetic-uid-1454,1,0,0,0,0,synthetic,0,0.39874858
4,launched,email,,1,Urgencia,Acción requerida,Plantilla con señal de urgencia,1,0,0,0,35,55+,F,Universitaria,113,synthetic_user_113@example.com,synthetic-uid-113,1,0,0,0,0,synthetic,0,0.25696817
43,launched,email,,5,Urgencia + Autoridad,Aviso urgente institucional,Plantilla combinada,1,1,0,0,7,18-24,M,Universitaria,1286,synthetic_user_1286@example.com,synthetic-uid-1286,1,0,0,0,0,synthetic,0,0.45370194
22,launched,email,,3,Recompensa,Beneficio disponible,Plantilla con señal de recompensa,0,0,1,0,7,18-24,M,Universitaria,654,synthetic_user_654@example.com,synthetic-uid-654,1,0,0,0,0,synthetic,0,0.238878
36,launched,email,,4,Personalización,Actualización para usted,Plantilla con personalización,0,0,0,1,9,25-34,F,Secundaria,1075,synthetic_user_1075@example.com,synthetic-uid-1075,1,0,0,0,0,synthetic,1,0.68945503
73,launched,email,,8,Control neutro,Información general,Plantilla sin señales fuertes,0,0,0,0,6,18-24,M,Tecnica,2169,synthetic_user_2169@example.com,synthetic-uid-2169,1,0,0,0,0,synthetic,0,0.49216765
30,launched,email,,3,Recompensa,Beneficio disponible,Plantilla con señal de recompensa,0,0,1,0,2,18-24,F,Tecnica,899,synthetic_user_899@example.com,synthetic-uid-899,1,0,0,0,0,synthetic,1,0.7367882
73,launched,email,,8,Control neutro,Información general,Plantilla sin señales fuertes,0,0,0,0,6,18-24,M,Tecnica,2175,synthetic_user_2175@example.com,synthetic-uid-2175,1,0,0,0,0,synthetic,0,0.49216765
65,launched,email,,7,Recompensa + Personalización,Beneficio exclusivo para usted,Plantilla combinada,0,0,1,1,9,25-34,F,Secundaria,1923,synthetic_user_1923@example.com,synthetic-uid-1923,1,1,0,1,0,synthetic,0,0.120642595
11,launched,email,,2,Autoridad,Comunicado institucional,Plantilla con señal de autoridad,0,1,0,0,14,25-34,M,Tecnica,327,synthetic_user_327@example.com,synthetic-uid-327,1,0,0,0,0,synthetic,0,0.09040243
50,launched,email,,5,Urgencia + Autoridad,Aviso urgente institucional,Plantilla combinada,1,1,0,0,35,55+,F,Universitaria,1499,synthetic_user_1499@example.com,synthetic-uid-1499,1,0,0,0,0,synthetic,1,0.6283463
59,launched,email,,6,Autoridad + Personalización,Notificación importante para usted,Plantilla combinada,0,1,0,1,38,55+,M,Tecnica,1749,synthetic_user_1749@example.com,synthetic-uid-1749,1,0,0,0,0,synthetic,0,0.34027064
37,launched,email,,4,Personalización,Actualización para usted,Plantilla con personalización,0,0,0,1,16,25-34,M,Posgrado,1090,synthetic_user_1090@example.com,synthetic-uid-1090,1,0,0,0,0,synthetic,1,0.59278464
32,launched,email,,4,Personalización,Actualización para usted,Plantilla con personalización,0,0,0,1,37,55+,M,Secundaria,943,synthetic_user_943@example.com,synthetic-uid-943,1,1,0,1,0,synthetic,0,0.08825932
73,launched,email,,8,Control neutro,Información general,Plantilla sin señales fuertes,0,0,0,0,6,18-24,M,Tecnica,2172,synthetic_user_2172@example.com,synthetic-uid-2172,1,0,0,0,0,synthetic,0,0.49216765
64,launched,email,,7,Recompensa + Personalización,Beneficio exclusivo para usted,Plantilla combinada,0,0,1,1,30,45-54,M,Tecnica,1911,synthetic_user_1911@example.com,synthetic-uid-1911,1,0,0,0,0,synthetic,0,0.4325269
38,launched,email,,4,Personalización,Actualización para usted,Plantilla con personalización,0,0,0,1,12,25-34,F,Posgrado,1128,synthetic_user_1128@example.com,synthetic-uid-1128,1,0,0,0,0,synthetic,1,0.6206687
73,launched,email,,8,Control neutro,Información general,Plantilla sin señales fuertes,0,0,0,0,6,18-24,M,Tecnica,2164,synthetic_user_2164@example.com,synthetic-uid-2164,1,0,0,0,0,synthetic,0,0.49216765
79,launched,email,,8,Control neutro,Información general,Plantilla sin señales fuertes,0,0,0,0,21,35-44,M,Secundaria,2359,synthetic_user_2359@example.com,synthetic-uid-2359,1,0,0,0,0,synthetic,0,0.08492131
36,launched,email,,4,Personalización,Actualización para usted,Plantilla con personalización,0,0,0,1,9,25-34,F,Secundaria,1076,synthetic_user_1076@example.com,synthetic-uid-1076,1,0,0,0,0,synthetic,1,0.68945503
18,launched,email,,2,Autoridad,Comunicado institucional,Plantilla con señal de autoridad,0,1,0,0,29,45-54,M,Secundaria,537,synthetic_user_537@example.com,synthetic-uid-537,1,1,0,1,0,synthetic,1,0.7679676
14,launched,email,,2,Autoridad,Comunicado institucional,Plantilla con señal de autoridad,0,1,0,0,30,45-54,M,Tecnica,414,synthetic_user_414@example.com,synthetic-uid-414,1,0,0,0,0,synthetic,1,0.7399603
28,launched,email,,3,Recompensa,Beneficio disponible,Plantilla con señal de recompensa,0,0,1,0,29,45-54,M,Secundaria,828,synthetic_user_828@example.com,synthetic-uid-828,1,0,0,0,0,synthetic,1,0.6282339
36,launched,email,,4,Personalización,Actualización para usted,Plantilla con personalización,0,0,0,1,9,25-34,F,Secundaria,1056,synthetic_user_1056@example.com,synthetic-uid-1056,1,1,0,1,0,synthetic,1,0.68945503
1,launched,email,,1,Urgencia,Acción requerida,Plantilla con señal de urgencia,1,0,0,0,8,18-24,M,Posgrado,12,synthetic_user_12@example.com,synthetic-uid-12,1,0,0,0,0,synthetic,0,0.39603683
23,launched,email,,3,Recompensa,Beneficio disponible,Plantilla con señal de recompensa,0,0,1,0,19,35-44,F,Universitaria,664,synthetic_user_664@example.com,synthetic-uid-664,1,0,0,0,0,synthetic,0,0.018337216
14,launched,email,,2,Autoridad,Comunicado institucional,Plantilla con señal de autoridad,0,1,0,0,30,45-54,M,Tecnica,404,synthetic_user_404@example.com,synthetic-uid-404,1,0,0,0,0,synthetic,1,0.7399603
27,launched,email,,3,Recompensa,Beneficio disponible,Plantilla con señal de recompensa,0,0,1,0,14,25-34,M,Tecnica,798,synthetic_user_798@example.com,synthetic-uid-798,1,0,0,0,0,synthetic,1,0.79492116
41,launched,email,,5,Urgencia + Autoridad,Aviso urgente institucional,Plantilla combinada,1,1,0,0,34,55+,F,Tecnica,1225,synthetic_user_1225@example.com,synthetic-uid-1225,1,0,0,0,0,synthetic,1,0.6509482
60,launched,email,,6,Autoridad + Personalización,Notificación importante para usted,Plantilla combinada,0,1,0,1,29,45-54,M,Secundaria,1800,synthetic_user_1800@example.com,synthetic-uid-1800,1,0,0,0,0,synthetic,0,0.3247557
47,launched,email,,5,Urgencia + Autoridad,Aviso urgente institucional,Plantilla combinada,1,1,0,0,12,25-34,F,Posgrado,1405,synthetic_user_1405@example.com,synthetic-uid-1405,1,1,1,1,1,synthetic,1,0.6295889
66,launched,email,,7,Recompensa + Personalización,Beneficio exclusivo para usted,Plantilla combinada,0,0,1,1,37,55+,M,Secundaria,1962,synthetic_user_1962@example.com,synthetic-uid-1962,1,0,0,0,0,synthetic,0,0.24323508
62,launched,email,,7,Recompensa + Personalización,Beneficio exclusivo para usted,Plantilla combinada,0,0,1,1,16,25-34,M,Posgrado,1857,synthetic_user_1857@example.com,synthetic-uid-1857,1,0,0,0,0,synthetic,0,0.41931945
61,launched,email,,7,Recompensa + Personalización,Beneficio exclusivo para usted,Plantilla combinada,0,0,1,1,36,55+,F,Posgrado,1820,synthetic_user_1820@example.com,synthetic-uid-1820,1,0,0,0,0,synthetic,0,0.030974945
53,launched,email,,6,Autoridad + Personalización,Notificación importante para usted,Plantilla combinada,0,1,0,1,27,45-54,F,Universitaria,1570,synthetic_user_1570@example.com,synthetic-uid-1570,1,0,0,0,0,synthetic,0,0.45254278
41,launched,email,,5,Urgencia + Autoridad,Aviso urgente institucional,Plantilla combinada,1,1,0,0,34,55+,F,Tecnica,1216,synthetic_user_1216@example.com,synthetic-uid-1216,1,0,0,0,0,synthetic,1,0.6509482
18,launched,email,,2,Autoridad,Comunicado institucional,Plantilla con señal de autoridad,0,1,0,0,29,45-54,M,Secundaria,521,synthetic_user_521@example.com,synthetic-uid-521,1,0,0,0,0,synthetic,1,0.7679676
63,launched,email,,7,Recompensa + Personalización,Beneficio exclusivo para usted,Plantilla combinada,0,0,1,1,37,55+,M,Secundaria,1864,synthetic_user_1864@example.com,synthetic-uid-1864,1,1,0,1,0,synthetic,0,0.24323508
6,launched,email,,1,Urgencia,Acción requerida,Plantilla con señal de urgencia,1,0,0,0,4,18-24,F,Posgrado,160,synthetic_user_160@example.com,synthetic-uid-160,1,0,0,0,0,synthetic,1,0.67375076
33,launched,email,,4,Personalización,Actualización para usted,Plantilla con personalización,0,0,0,1,29,45-54,M,Secundaria,982,synthetic_user_982@example.com,synthetic-uid-982,1,0,0,0,0,synthetic,1,0.54385066
19,launched,email,,2,Autoridad,Comunicado institucional,Plantilla con señal de autoridad,0,1,0,0,28,45-54,F,Posgrado,541,synthetic_user_541@example.com,synthetic-uid-541,1,0,0,0,0,synthetic,0,0.36537373
78,launched,email,,8,Control neutro,Información general,Plantilla sin señales fuertes,0,0,0,0,10,25-34,F,Tecnica,2337,synthetic_user_2337@example.com,synthetic-uid-2337,1,0,0,0,0,synthetic,0,0.4588928
79,launched,email,,8,Control neutro,Información general,Plantilla sin señales fuertes,0,0,0,0,21,35-44,M,Secundaria,2357,synthetic_user_2357@example.com,synthetic-uid-2357,1,1,0,1,0,synthetic,0,0.08492131
10,launched,email,,1,Urgencia,Acción requerida,Plantilla con señal de urgencia,1,0,0,0,21,35-44,M,Secundaria,272,synthetic_user_272@example.com,synthetic-uid-272,1,0,0,0,0,synthetic,0,0.3331187
9,launched,email,,1,Urgencia,Acción requerida,Plantilla con señal de urgencia,1,0,0,0,16,25-34,M,Posgrado,264,synthetic_user_264@example.com,synthetic-uid-264,1,0,0,0,0,synthetic,1,0.57543087
32,launched,email,,4,Personalización,Actualización para usted,Plantilla con personalización,0,0,0,1,37,55+,M,Secundaria,938,synthetic_user_938@example.com,synthetic-uid-938,1,0,0,0,0,synthetic,0,0.08825932
64,launched,email,,7,Recompensa + Personalización,Beneficio exclusivo para usted,Plantilla combinada,0,0,1,1,30,45-54,M,Tecnica,1893,synthetic_user_1893@example.com,synthetic-uid-1893,1,0,0,0,0,synthetic,0,0.4325269
69,launched,email,,7,Recompensa + Personalización,Beneficio exclusivo para usted,Plantilla combinada,0,0,1,1,25,45-54,F,Secundaria,2057,synthetic_user_2057@example.com,synthetic-uid-2057,1,0,0,0,0,synthetic,1,0.56930554
38,launched,email,,4,Personalización,Actualización para usted,Plantilla con personalización,0,0,0,1,12,25-34,F,Posgrado,1112,synthetic_user_1112@example.com,synthetic-uid-1112,1,0,0,0,0,synthetic,1,0.6206687
6,launched,email,,1,Urgencia,Acción requerida,Plantilla con señal de urgencia,1,0,0,0,4,18-24,F,Posgrado,162,synthetic_user_162@example.com,synthetic-uid-162,1,0,0,0,0,synthetic,1,0.67375076
25,launched,email,,3,Recompensa,Beneficio disponible,Plantilla con señal de recompensa,0,0,1,0,19,35-44,F,Universitaria,750,synthetic_user_750@example.com,synthetic-uid-750,1,0,0,0,0,synthetic,0,0.018337216
70,launched,email,,7,Recompensa + Personalización,Beneficio exclusivo para usted,Plantilla combinada,0,0,1,1,14,25-34,M,Tecnica,2073,synthetic_user_2073@example.com,synthetic-uid-2073,1,0,0,0,0,synthetic,1,0.61100185
67,launched,email,,7,Recompensa + Personalización,Beneficio exclusivo para usted,Plantilla combinada,0,0,1,1,12,25-34,F,Posgrado,1995,synthetic_user_1995@example.com,synthetic-uid-1995,1,1,0,1,0,synthetic,1,0.5582459
37,launched,email,,4,Personalización,Actualización para usted,Plantilla con personalización,0,0,0,1,16,25-34,M,Posgrado,1102,synthetic_user_1102@example.com,synthetic-uid-1102,1,1,0,1,0,synthetic,1,0.59278464
2,launched,email,,1,Urgencia,Acción requerida,Plantilla con señal de urgencia,1,0,0,0,3,18-24,F,Universitaria,32,synthetic_user_32@example.com,synthetic-uid-32,1,0,0,0,0,synthetic,0,0.40512323
79,launched,email,,8,Control neutro,Información general,Plantilla sin señales fuertes,0,0,0,0,21,35-44,M,Secundaria,2344,synthetic_user_2344@example.com,synthetic-uid-2344,1,0,0,0,0,synthetic,0,0.08492131
79,launched,email,,8,Control neutro,Información general,Plantilla sin señales fuertes,0,0,0,0,21,35-44,M,Secundaria,2353,synthetic_user_2353@example.com,synthetic-uid-2353,1,0,0,0,0,synthetic,0,0.08492131
12,launched,email,,2,Autoridad,Comunicado institucional,Plantilla con señal de autoridad,0,1,0,0,8,18-24,M,Posgrado,358,synthetic_user_358@example.com,synthetic-uid-358,1,0,0,0,0,synthetic,0,0.020455448
60,launched,email,,6,Autoridad + Personalización,Notificación importante para usted,Plantilla combinada,0,1,0,1,29,45-54,M,Secundaria,1785,synthetic_user_1785@example.com,synthetic-uid-1785,1,0,0,0,0,synthetic,0,0.3247557
45,launched,email,,5,Urgencia + Autoridad,Aviso urgente institucional,Plantilla combinada,1,1,0,0,31,45-54,M,Universitaria,1347,synthetic_user_1347@example.com,synthetic-uid-1347,1,0,0,0,0,synthetic,1,0.5888963
60,launched,email,,6,Autoridad + Personalización,Notificación importante para usted,Plantilla combinada,0,1,0,1,29,45-54,M,Secundaria,1799,synthetic_user_1799@example.com,synthetic-uid-1799,1,0,0,0,0,synthetic,0,0.3247557
58,launched,email,,6,Autoridad + Personalización,Notificación importante para usted,Plantilla combinada,0,1,0,1,5,18-24,M,Secundaria,1724,synthetic_user_1724@example.com,synthetic-uid-1724,1,0,0,0,0,synthetic,1,0.6264148
3,launched,email,,1,Urgencia,Acción requerida,Plantilla con señal de urgencia,1,0,0,0,35,55+,F,Universitaria,86,synthetic_user_86@example.com,synthetic-uid-86,1,0,0,0,0,synthetic,0,0.25696817
34,launched,email,,4,Personalización,Actualización para usted,Plantilla con personalización,0,0,0,1,14,25-34,M,Tecnica,1005,synthetic_user_1005@example.com,synthetic-uid-1005,1,0,0,0,0,synthetic,0,0.42770037
60,launched,email,,6,Autoridad + Personalización,Notificación importante para usted,Plantilla combinada,0,1,0,1,29,45-54,M,Secundaria,1796,synthetic_user_1796@example.com,synthetic-uid-1796,1,1,0,1,0,synthetic,0,0.3247557
76,launched,email,,8,Control neutro,Información general,Plantilla sin señales fuertes,0,0,0,0,39,55+,M,Universitaria,2254,synthetic_user_2254@example.com,synthetic-uid-2254,1,0,0,0,0,synthetic,0,0.4144991
