source,scenario,scenario_seed,campaign_id,campaign_status,campaign_channel,campaign_launched_at,template_id,template_name,template_subject,template_description,signal_urgency,signal_authority,signal_reward,signal_personalization,segment_id,age_bracket,gender,education,experimental_target_segment,target_id,target_recipient,target_uid,delivered,opened,clicked,reported,opened_flag,clicked_flag,reported_flag,expected_open_probability,expected_click_given_open_probability
synthetic_scenario,interaction,42,1,launched,email,,1,Urgencia,Acción requerida,Plantilla con señal de urgencia,1,0,0,0,1,18-24,F,Secundaria,1,1,synthetic_interaction_user_1@example.com,synthetic-interaction-uid-1,1,0,0,0,0,0,0,0.3,0.18
synthetic_scenario,interaction,42,1,launched,email,,1,Urgencia,Acción requerida,Plantilla con señal de urgencia,1,0,0,0,1,18-24,F,Secundaria,1,2,synthetic_interaction_user_2@example.com,synthetic-interaction-uid-2,1,1,0,0,1,0,0,0.3,0.18
synthetic_scenario,interaction,42,1,launched,email,,1,Urgencia,Acción requerida,Plantilla con señal de urgencia,1,0,0,0,1,18-24,F,Secundaria,1,3,synthetic_interaction_user_3@example.com,synthetic-interaction-uid-3,1,1,0,0,1,0,0,0.3,0.18
synthetic_scenario,interaction,42,1,launched,email,,1,Urgencia,Acción requerida,Plantilla con señal de urgencia,1,0,0,0,1,18-24,F,Secundaria,1,4,synthetic_interaction_user_4@example.com,synthetic-interaction-uid-4,1,0,0,0,0,0,0,0.3,0.18
synthetic_scenario,interaction,42,1,launched,email,,1,Urgencia,Acción requerida,Plantilla con señal de urgencia,1,0,0,0,1,18-24,F,Secundaria,1,5,synthetic_interaction_user_5@example.com,synthetic-interaction-uid-5,1,0,0,0,0,0,0,0.3,0.18
synthetic_scenario,interaction,42,1,launched,email,,1,Urgencia,Acción requerida,Plantilla con señal de urgencia,1,0,0,0,1,18-24,F,Secundaria,1,6,synthetic_interaction_user_6@example.com,synthetic-interaction-uid-6,1,1,0,0,1,0,0,0.3,0.18
synthetic_scenario,interaction,42,1,launched,email,,1,Urgencia,Acción requerida,Plantilla con señal de urgencia,1,0,0,0,1,18-24,F,Secundaria,1,7,synthetic_interaction_user_7@example.com,synthetic-interaction-uid-7,1,1,0,0,1,0,0,0.3,0.18
synthetic_scenario,interaction,42,1,launched,email,,1,Urgencia,Acción requerida,Plantilla con señal de urgencia,1,0,0,0,1,18-24,F,Secundaria,1,8,synthetic_interaction_user_8@example.com,synthetic-interaction-uid-8,1,0,0,0,0,0,0,0.3,0.18
synthetic_scenario,interaction,42,1,launched,email,,1,Urgencia,Acción requerida,Plantilla con señal de urgencia,1,0,0,0,1,18-24,F,Secundaria,1,9,synthetic_interaction_user_9@example.com,synthetic-interaction-uid-9,1,1,0,0,1,0,0,0.3,0.18
synthetic_scenario,interaction,42,1,launched,email,,1,Urgencia,Acción requerida,Plantilla con señal de urgencia,1,0,0,0,1,18-24,F,Secundaria,1,10,synthetic_interaction_user_10@example.com,synthetic-interaction-uid-10,1,0,0,0,0,0,0,0.3,0.18
synthetic_scenario,interaction,42,1,launched,email,,1,Urgencia,Acción requerida,Plantilla con señal de urgencia,1,0,0,0,1,18-24,F,Secundaria,1,11,synthetic_interaction_user_11@example.com,synthetic-interaction-uid-11,1,0,0,0,0,0,0,0.3,0.18
synthetic_scenario,interaction,42,1,launched,email,,1,Urgencia,Acción requerida,Plantilla con señal de urgencia,1,0,0,0,1,18-24,F,Secundaria,1,12,synthetic_interaction_user_12@example.com,synthetic-interaction-uid-12,1,1,0,0,1,0,0,0.3,0.18
synthetic_scenario,interaction,42,1,launched,email,,1,Urgencia,Acción requerida,Plantilla con señal de urgencia,1,0,0,0,1,18-24,F,Secundaria,1,13,synthetic_interaction_user_13@example.com,synthetic-interaction-uid-13,1,0,0,0,0,0,0,0.3,0.18
synthetic_scenario,interaction,42,1,launched,email,,1,Urgencia,Acción requerida,Plantilla con señal de urgencia,1,0,0,0,1,18-24,F,Secundaria,1,14,synthetic_interaction_user_14@example.com,synthetic-interaction-uid-14,1,1,0,0,1,0,0,0.3,0.18
synthetic_scenario,interaction,42,1,launched,email,,1,Urgencia,Acción requerida,Plantilla con señal de urgencia,1,0,0,0,1,18-24,F,Secundaria,1,15,synthetic_interaction_user_15@example.com,synthetic-interaction-uid-15,1,0,0,0,0,0,0,0.3,0.18
synthetic_scenario,interaction,42,2,launched,email,,1,Urgencia,Acción requerida,Plantilla con señal de urgencia,1,0,0,0,2,25-34,M,Tecnica,0,16,synthetic_interaction_user_16@example.com,synthetic-interaction-uid-16,1,0,0,0,0,0,0,0.25,0.18
synthetic_scenario,interaction,42,2,launched,email,,1,Urgencia,Acción requerida,Plantilla con señal de urgencia,1,0,0,0,2,25-34,M,Tecnica,0,17,synthetic_interaction_user_17@example.com,synthetic-interaction-uid-17,1,1,0,0,1,0,0,0.25,0.18
synthetic_scenario,interaction,42,2,launched,email,,1,Urgencia,Acción requerida,Plantilla con señal de urgencia,1,0,0,0,2,25-34,M,Tecnica,0,18,synthetic_interaction_user_18@example.com,synthetic-interaction-uid-18,1,0,0,0,0,0,0,0.25,0.18
synthetic_scenario,interaction,42,2,launched,email,,1,Urgencia,Acción requerida,Plantilla con señal de urgencia,1,0,0,0,2,25-34,M,Tecnica,0,19,synthetic_interaction_user_19@example.com,synthetic-interaction-uid-19,1,1,1,0,1,1,0,0.25,0.18
synthetic_scenario,interaction,42,2,launched,email,,1,Urgencia,Acción requerida,Plantilla con señal de urgencia,1,0,0,0,2,25-34,M,Tecnica,0,20,synthetic_interaction_user_20@example.com,synthetic-interaction-uid-20,1,0,0,0,0,0,0,0.25,0.18
synthetic_scenario,interaction,42,2,launched,email,,1,Urgencia,Acción requerida,Plantilla con señal de urgencia,1,0,0,0,2,25-34,M,Tecnica,0,21,synthetic_interaction_user_21@example.com,synthetic-interaction-uid-21,1,0,0,0,0,0,0,0.25,0.18
synthetic_scenario,interaction,42,2,launched,email,,1,Urgencia,Acción requerida,Plantilla con señal de urgencia,1,0,0,0,2,25-34,M,Tecnica,0,22,synthetic_interaction_user_22@example.com,synthetic-interaction-uid-22,1,0,0,0,0,0,0,0.25,0.18
synthetic_scenario,interaction,42,2,launched,email,,1,Urgencia,Acción requerida,Plantilla con señal de urgencia,1,0,0,0,2,25-34,M,Tecnica,0,23,synthetic_interaction_user_23@example.com,synthetic-interaction-uid-23,1,0,0,0,0,0,0,0.25,0.18
synthetic_scenario,interaction,42,2,launched,email,,1,Urgencia,Acción requerida,Plantilla con señal de urgencia,1,0,0,0,2,25-34,M,Tecnica,0,24,synthetic_interaction_user_24@example.com,synthetic-interaction-uid-24,1,0,0,0,0,0,0,0.25,0.18
synthetic_scenario,interaction,42,2,launched,email,,1,Urgencia,Acción requerida,Plantilla con señal de urgencia,1,0,0,0,2,25-34,M,Tecnica,0,25,synthetic_interaction_user_25@example.com,synthetic-interaction-uid-25,1,0,0,0,0,0,0,0.25,0.18
synthetic_scenario,interaction,42,2,launched,email,,1,Urgencia,Acción requerida,Plantilla con señal de urgencia,1,0,0,0,2,25-34,M,Tecnica,0,26,synthetic_interaction_user_26@example.com,synthetic-interaction-uid-26,1,0,0,0,0,0,0,0.25,0.18
synthetic_scenario,interaction,42,2,launched,email,,1,Urgencia,Acción requerida,Plantilla con señal de urgencia,1,0,0,0,2,25-34,M,Tecnica,0,27,synthetic_interaction_user_27@example.com,synthetic-interaction-uid-27,1,0,0,0,0,0,0,0.25,0.18
synthetic_scenario,interaction,42,2,launched,email,,1,Urgencia,Acción requerida,Plantilla con señal de urgencia,1,0,0,0,2,25-34,M,Tecnica,0,28,synthetic_interaction_user_28@example.com,synthetic-interaction-uid-28,1,0,0,0,0,0,0,0.25,0.18
synthetic_scenario,interaction,42,2,launched,email,,1,Urgencia,Acción requerida,Plantilla con señal de urgencia,1,0,0,0,2,25-34,M,Tecnica,0,29,synthetic_interaction_user_29@example.com,synthetic-interaction-uid-29,1,0,0,0,0,0,0,0.25,0.18
synthetic_scenario,interaction,42,2,launched,email,,1,Urgencia,Acción requerida,Plantilla con señal de urgencia,1,0,0,0,2,25-34,M,Tecnica,0,30,synthetic_interaction_user_30@example.com,synthetic-interaction-uid-30,1,0,0,0,0,0,0,0.25,0.18
synthetic_scenario,interaction,42,3,launched,email,,1,Urgencia,Acción requerida,Plantilla con señal de urgencia,1,0,0,0,3,35-44,F,Universitaria,0,31,synthetic_interaction_user_31@example.com,synthetic-interaction-uid-31,1,0,0,0,0,0,0,0.25,0.18
synthetic_scenario,interaction,42,3,launched,email,,1,Urgencia,Acción requerida,Plantilla con señal de urgencia,1,0,0,0,3,35-44,F,Universitaria,0,32,synthetic_interaction_user_32@example.com,synthetic-interaction-uid-32,1,0,0,0,0,0,0,0.25,0.18
synthetic_scenario,interaction,42,3,launched,email,,1,Urgencia,Acción requerida,Plantilla con señal de urgencia,1,0,0,0,3,35-44,F,Universitaria,0,33,synthetic_interaction_user_33@example.com,synthetic-interaction-uid-33,1,1,0,0,1,0,0,0.25,0.18
synthetic_scenario,interaction,42,3,launched,email,,1,Urgencia,Acción requerida,Plantilla con señal de urgencia,1,0,0,0,3,35-44,F,Universitaria,0,34,synthetic_interaction_user_34@example.com,synthetic-interaction-uid-34,1,0,0,0,0,0,0,0.25,0.18
synthetic_scenario,interaction,42,3,launched,email,,1,Urgencia,Acción requerida,Plantilla con señal de urgencia,1,0,0,0,3,35-44,F,Universitaria,0,35,synthetic_interaction_user_35@example.com,synthetic-interaction-uid-35,1,1,0,0,1,0,0,0.25,0.18
synthetic_scenario,interaction,42,3,launched,email,,1,Urgencia,Acción requerida,Plantilla con señal de urgencia,1,0,0,0,3,35-44,F,Universitaria,0,36,synthetic_interaction_user_36@example.com,synthetic-interaction-uid-36,1,1,0,0,1,0,0,0.25,0.18
synthetic_scenario,interaction,42,3,launched,email,,1,Urgencia,Acción requerida,Plantilla con señal de urgencia,1,0,0,0,3,35-44,F,Universitaria,0,37,synthetic_interaction_user_37@example.com,synthetic-interaction-uid-37,1,0,0,0,0,0,0,0.25,0.18
synthetic_scenario,interaction,42,3,launched,email,,1,Urgencia,Acción requerida,Plantilla con señal de urgencia,1,0,0,0,3,35-44,F,Universitaria,0,38,synthetic_interaction_user_38@example.com,synthetic-interaction-uid-38,1,0,0,0,0,0,0,0.25,0.18
synthetic_scenario,interaction,42,3,launched,email,,1,Urgencia,Acción requerida,Plantilla con señal de urgencia,1,0,0,0,3,35-44,F,Universitaria,0,39,synthetic_interaction_user_39@example.com,synthetic-interaction-uid-39,1,0,0,0,0,0,0,0.25,0.18
synthetic_scenario,interaction,42,3,launched,email,,1,Urgencia,Acción requerida,Plantilla con señal de urgencia,1,0,0,0,3,35-44,F,Universitaria,0,40,synthetic_interaction_user_40@example.com,synthetic-interaction-uid-40,1,1,0,0,1,0,0,0.25,0.18
synthetic_scenario,interaction,42,3,launched,email,,1,Urgencia,Acción requerida,Plantilla con señal de urgencia,1,0,0,0,3,35-44,F,Universitaria,0,41,synthetic_interaction_user_41@example.com,synthetic-interaction-uid-41,1,0,0,0,0,0,0,0.25,0.18
synthetic_scenario,interaction,42,3,launched,email,,1,Urgencia,Acción requerida,Plantilla con señal de urgencia,1,0,0,0,3,35-44,F,Universitaria,0,42,synthetic_interaction_user_42@example.com,synthetic-interaction-uid-42,1,0,0,0,0,0,0,0.25,0.18
synthetic_scenario,interaction,42,3,launched,email,,1,Urgencia,Acción requerida,Plantilla con señal de urgencia,1,0,0,0,3,35-44,F,Universitaria,0,43,synthetic_interaction_user_43@example.com,synthetic-interaction-uid-43,1,0,0,0,0,0,0,0.25,0.18
synthetic_scenario,interaction,42,3,launched,email,,1,Urgencia,Acción requerida,Plantilla con señal de urgencia,1,0,0,0,3,35-44,F,Universitaria,0,44,synthetic_interaction_user_44@example.com,synthetic-interaction-uid-44,1,1,0,0,1,0,0,0.25,0.18
synthetic_scenario,interaction,42,3,launched,email,,1,Urgencia,Acción requerida,Plantilla con señal de urgencia,1,0,0,0,3,35-44,F,Universitaria,0,45,synthetic_interaction_user_45@example.com,synthetic-interaction-uid-45,1,1,0,0,1,0,0,0.25,0.18
synthetic_scenario,interaction,42,4,launched,email,,1,Urgencia,Acción requerida,Plantilla con señal de urgencia,1,0,0,0,4,45-54,M,Posgrado,0,46,synthetic_interaction_user_46@example.com,synthetic-interaction-uid-46,1,0,0,0,0,0,0,0.25,0.18
synthetic_scenario,interaction,42,4,launched,email,,1,Urgencia,Acción requerida,Plantilla con señal de urgencia,1,0,0,0,4,45-54,M,Posgrado,0,47,synthetic_interaction_user_47@example.com,synthetic-interaction-uid-47,1,0,0,0,0,0,0,0.25,0.18
synthetic_scenario,interaction,42,4,launched,email,,1,Urgencia,Acción requerida,Plantilla con señal de urgencia,1,0,0,0,4,45-54,M,Posgrado,0,48,synthetic_interaction_user_48@example.com,synthetic-interaction-uid-48,1,0,0,0,0,0,0,0.25,0.18
synthetic_scenario,interaction,42,4,launched,email,,1,Urgencia,Acción requerida,Plantilla con señal de urgencia,1,0,0,0,4,45-54,M,Posgrado,0,49,synthetic_interaction_user_49@example.com,synthetic-interaction-uid-49,1,0,0,0,0,0,0,0.25,0.18
synthetic_scenario,interaction,42,4,launched,email,,1,Urgencia,Acción requerida,Plantilla con señal de urgencia,1,0,0,0,4,45-54,M,Posgrado,0,50,synthetic_interaction_user_50@example.com,synthetic-interaction-uid-50,1,0,0,0,0,0,0,0.25,0.18
synthetic_scenario,interaction,42,4,launched,email,,1,Urgencia,Acción requerida,Plantilla con señal de urgencia,1,0,0,0,4,45-54,M,Posgrado,0,51,synthetic_interaction_user_51@example.com,synthetic-interaction-uid-51,1,0,0,0,0,0,0,0.25,0.18
synthetic_scenario,interaction,42,4,launched,email,,1,Urgencia,Acción requerida,Plantilla con señal de urgencia,1,0,0,0,4,45-54,M,Posgrado,0,52,synthetic_interaction_user_52@example.com,synthetic-interaction-uid-52,1,1,1,0,1,1,0,0.25,0.18
synthetic_scenario,interaction,42,4,launched,email,,1,Urgencia,Acción requerida,Plantilla con señal de urgencia,1,0,0,0,4,45-54,M,Posgrado,0,53,synthetic_interaction_user_53@example.com,synthetic-interaction-uid-53,1,0,0,0,0,0,0,0.25,0.18
synthetic_scenario,interaction,42,4,launched,email,,1,Urgencia,Acción requerida,Plantilla con señal de urgencia,1,0,0,0,4,45-54,M,Posgrado,0,54,synthetic_interaction_user_54@example.com,synthetic-interaction-uid-54,1,0,0,0,0,0,0,0.25,0.18
synthetic_scenario,interaction,42,4,launched,email,,1,Urgencia,Acción requerida,Plantilla con señal de urgencia,1,0,0,0,4,45-54,M,Posgrado,0,55,synthetic_interaction_user_55@example.com,synthetic-interaction-uid-55,1,1,0,0,1,0,0,0.25,0.18
synthetic_scenario,interaction,42,4,launched,email,,1,Urgencia,Acción requerida,Plantilla con señal de urgencia,1,0,0,0,4,45-54,M,Posgrado,0,56,synthetic_interaction_user_56@example.com,synthetic-interaction-uid-56,1,0,0,0,0,0,0,0.25,0.18
synthetic_scenario,interaction,42,4,launched,email,,1,Urgencia,Acción requerida,Plantilla con señal de urgencia,1,0,0,0,4,45-54,M,Posgrado,0,57,synthetic_interaction_user_57@example.com,synthetic-interaction-uid-57,1,0,0,0,0,0,0,0.25,0.18
synthetic_scenario,interaction,42,4,launched,email,,1,Urgencia,Acción requerida,Plantilla con señal de urgencia,1,0,0,0,4,45-54,M,Posgrado,0,58,synthetic_interaction_user_58@example.com,synthetic-interaction-uid-58,1,0,0,0,0,0,0,0.25,0.18
synthetic_scenario,interaction,42,4,launched,email,,1,Urgencia,Acción requerida,Plantilla con señal de urgencia,1,0,0,0,4,45-54,M,Posgrado,0,59,synthetic_interaction_user_59@example.com,synthetic-interaction-uid-59,1,0,0,0,0,0,0,0.25,0.18
synthetic_scenario,interaction,42,4,launched,email,,1,Urgencia,Acción requerida,Plantilla con señal de urgencia,1,0,0,0,4,45-54,M,Posgrado,0,60,synthetic_interaction_user_60@example.com,synthetic-interaction-uid-60,1,0,0,0,0,0,0,0.25,0.18
synthetic_scenario,interaction,42,5,launched,email,,1,Urgencia,Acción requerida,Plantilla con señal de urgencia,1,0,0,0,5,55+,F,Universitaria,0,61,synthetic_interaction_user_61@example.com,synthetic-interaction-uid-61,1,0,0,0,0,0,0,0.25,0.18
synthetic_scenario,interaction,42,5,launched,email,,1,Urgencia,Acción requerida,Plantilla con señal de urgencia,1,0,0,0,5,55+,F,Universitaria,0,62,synthetic_interaction_user_62@example.com,synthetic-interaction-uid-62,1,0,0,0,0,0,0,0.25,0.18
synthetic_scenario,interaction,42,5,launched,email,,1,Urgencia,Acción requerida,Plantilla con señal de urgencia,1,0,0,0,5,55+,F,Universitaria,0,63,synthetic_interaction_user_63@example.com,synthetic-interaction-uid-63,1,1,0,0,1,0,0,0.25,0.18
synthetic_scenario,interaction,42,5,launched,email,,1,Urgencia,Acción requerida,Plantilla con señal de urgencia,1,0,0,0,5,55+,F,Universitaria,0,64,synthetic_interaction_user_64@example.com,synthetic-interaction-uid-64,1,0,0,0,0,0,0,0.25,0.18
synthetic_scenario,interaction,42,5,launched,email,,1,Urgencia,Acción requerida,Plantilla con señal de urgencia,1,0,0,0,5,55+,F,Universitaria,0,65,synthetic_interaction_user_65@example.com,synthetic-interaction-uid-65,1,0,0,0,0,0,0,0.25,0.18
synthetic_scenario,interaction,42,5,launched,email,,1,Urgencia,Acción requerida,Plantilla con señal de urgencia,1,0,0,0,5,55+,F,Universitaria,0,66,synthetic_interaction_user_66@example.com,synthetic-interaction-uid-66,1,0,0,0,0,0,0,0.25,0.18
synthetic_scenario,interaction,42,5,launched,email,,1,Urgencia,Acción requerida,Plantilla con señal de urgencia,1,0,0,0,5,55+,F,Universitaria,0,67,synthetic_interaction_user_67@example.com,synthetic-interaction-uid-67,1,0,0,0,0,0,0,0.25,0.18
synthetic_scenario,interaction,42,5,launched,email,,1,Urgencia,Acción requerida,Plantilla con señal de urgencia,1,0,0,0,5,55+,F,Universitaria,0,68,synthetic_interaction_user_68@example.com,synthetic-interaction-uid-68,1,1,0,0,1,0,0,0.25,0.18
synthetic_scenario,interaction,42,5,launched,email,,1,Urgencia,Acción requerida,Plantilla con señal de urgencia,1,0,0,0,5,55+,F,Universitaria,0,69,synthetic_interaction_user_69@example.com,synthetic-interaction-uid-69,1,0,0,0,0,0,0,0.25,0.18
synthetic_scenario,interaction,42,5,launched,email,,1,Urgencia,Acción requerida,Plantilla con señal de urgencia,1,0,0,0,5,55+,F,Universitaria,0,70,synthetic_interaction_user_70@example.com,synthetic-interaction-uid-70,1,1,1,0,1,1,0,0.25,0.18
synthetic_scenario,interaction,42,5,launched,email,,1,Urgencia,Acción requerida,Plantilla con señal de urgencia,1,0,0,0,5,55+,F,Universitaria,0,71,synthetic_interaction_user_71@example.com,synthetic-interaction-uid-71,1,1,0,0,1,0,0,0.25,0.18
synthetic_scenario,interaction,42,5,launched,email,,1,Urgencia,Acción requerida,Plantilla con señal de urgencia,1,0,0,0,5,55+,F,Universitaria,0,72,synthetic_interaction_user_72@example.com,synthetic-interaction-uid-72,1,0,0,0,0,0,0,0.25,0.18
synthetic_scenario,interaction,42,5,launched,email,,1,Urgencia,Acción requerida,Plantilla con señal de urgencia,1,0,0,0,5,55+,F,Universitaria,0,73,synthetic_interaction_user_73@example.com,synthetic-interaction-uid-73,1,0,0,0,0,0,0,0.25,0.18
synthetic_scenario,interaction,42,5,launched,email,,1,Urgencia,Acción requerida,Plantilla con señal de urgencia,1,0,0,0,5,55+,F,Universitaria,0,74,synthetic_interaction_user_74@example.com,synthetic-interaction-uid-74,1,1,0,0,1,0,0,0.25,0.18
synthetic_scenario,interaction,42,5,launched,email,,1,Urgencia,Acción requerida,Plantilla con señal de urgencia,1,0,0,0,5,55+,F,Universitaria,0,75,synthetic_interaction_user_75@example.com,synthetic-interaction-uid-75,1,0,0,0,0,0,0,0.25,0.18
synthetic_scenario,interaction,42,6,launched,email,,2,Autoridad,Comunicado institucional,Plantilla con señal de autoridad,0,1,0,0,1,18-24,F,Secundaria,1,76,synthetic_interaction_user_76@example.com,synthetic-interaction-uid-76,1,0,0,0,0,0,0,0.3,0.18
synthetic_scenario,interaction,42,6,launched,email,,2,Autoridad,Comunicado institucional,Plantilla con señal de autoridad,0,1,0,0,1,18-24,F,Secundaria,1,77,synthetic_interaction_user_77@example.com,synthetic-interaction-uid-77,1,0,0,0,0,0,0,0.3,0.18
synthetic_scenario,interaction,42,6,launched,email,,2,Autoridad,Comunicado institucional,Plantilla con señal de autoridad,0,1,0,0,1,18-24,F,Secundaria,1,78,synthetic_interaction_user_78@example.com,synthetic-interaction-uid-78,1,0,0,0,0,0,0,0.3,0.18
synthetic_scenario,interaction,42,6,launched,email,,2,Autoridad,Comunicado institucional,Plantilla con señal de autoridad,0,1,0,0,1,18-24,F,Secundaria,1,79,synthetic_interaction_user_79@example.com,synthetic-interaction-uid-79,1,1,0,0,1,0,0,0.3,0.18
synthetic_scenario,interaction,42,6,launched,email,,2,Autoridad,Comunicado institucional,Plantilla con señal de autoridad,0,1,0,0,1,18-24,F,Secundaria,1,80,synthetic_interaction_user_80@example.com,synthetic-interaction-uid-80,1,0,0,0,0,0,0,0.3,0.18
synthetic_scenario,interaction,42,6,launched,email,,2,Autoridad,Comunicado institucional,Plantilla con señal de autoridad,0,1,0,0,1,18-24,F,Secundaria,1,81,synthetic_interaction_user_81@example.com,synthetic-interaction-uid-81,1,0,0,0,0,0,0,0.3,0.18
synthetic_scenario,interaction,42,6,launched,email,,2,Autoridad,Comunicado institucional,Plantilla con señal de autoridad,0,1,0,0,1,18-24,F,Secundaria,1,82,synthetic_interaction_user_82@example.com,synthetic-interaction-uid-82,1,1,0,0,1,0,0,0.3,0.18
synthetic_scenario,interaction,42,6,launched,email,,2,Autoridad,Comunicado institucional,Plantilla con señal de autoridad,0,1,0,0,1,18-24,F,Secundaria,1,83,synthetic_interaction_user_83@example.com,synthetic-interaction-uid-83,1,1,0,0,1,0,0,0.3,0.18
synthetic_scenario,interaction,42,6,launched,email,,2,Autoridad,Comunicado institucional,Plantilla con señal de autoridad,0,1,0,0,1,18-24,F,Secundaria,1,84,synthetic_interaction_user_84@example.com,synthetic-interaction-uid-84,1,0,0,0,0,0,0,0.3,0.18
synthetic_scenario,interaction,42,6,launched,email,,2,Autoridad,Comunicado institucional,Plantilla con señal de autoridad,0,1,0,0,1,18-24,F,Secundaria,1,85,synthetic_interaction_user_85@example.com,synthetic-interaction-uid-85,1,0,0,0,0,0,0,0.3,0.18
synthetic_scenario,interaction,42,6,launched,email,,2,Autoridad,Comunicado institucional,Plantilla con señal de autoridad,0,1,0,0,1,18-24,F,Secundaria,1,86,synthetic_interaction_user_86@example.com,synthetic-interaction-uid-86,1,0,0,0,0,0,0,0.3,0.18
synthetic_scenario,interaction,42,6,launched,email,,2,Autoridad,Comunicado institucional,Plantilla con señal de autoridad,0,1,0,0,1,18-24,F,Secundaria,1,87,synthetic_interaction_user_87@example.com,synthetic-interaction-uid-87,1,1,0,0,1,0,0,0.3,0.18
synthetic_scenario,interaction,42,6,launched,email,,2,Autoridad,Comunicado institucional,Plantilla con señal de autoridad,0,1,0,0,1,18-24,F,Secundaria,1,88,synthetic_interaction_user_88@example.com,synthetic-interaction-uid-88,1,1,0,0,1,0,0,0.3,0.18
synthetic_scenario,interaction,42,6,launched,email,,2,Autoridad,Comunicado institucional,Plantilla con señal de autoridad,0,1,0,0,1,18-24,F,Secundaria,1,89,synthetic_interaction_user_89@example.com,synthetic-interaction-uid-89,1,0,0,0,0,0,0,0.3,0.18
synthetic_scenario,interaction,42,6,launched,email,,2,Autoridad,Comunicado institucional,Plantilla con señal de autoridad,0,1,0,0,1,18-24,F,Secundaria,1,90,synthetic_interaction_user_90@example.com,synthetic-interaction-uid-90,1,1,0,0,1,0,0,0.3,0.18
synthetic_scenario,interaction,42,7,launched,email,,2,Autoridad,Comunicado institucional,Plantilla con señal de autoridad,0,1,0,0,2,25-34,M,Tecnica,0,91,synthetic_interaction_user_91@example.com,synthetic-interaction-uid-91,1,0,0,0,0,0,0,0.25,0.18
synthetic_scenario,interaction,42,7,launched,email,,2,Autoridad,Comunicado institucional,Plantilla con señal de autoridad,0,1,0,0,2,25-34,M,Tecnica,0,92,synthetic_interaction_user_92@example.com,synthetic-interaction-uid-92,1,1,0,0,1,0,0,0.25,0.18
synthetic_scenario,interaction,42,7,launched,email,,2,Autoridad,Comunicado institucional,Plantilla con señal de autoridad,0,1,0,0,2,25-34,M,Tecnica,0,93,synthetic_interaction_user_93@example.com,synthetic-interaction-uid-93,1,0,0,0,0,0,0,0.25,0.18
synthetic_scenario,interaction,42,7,launched,email,,2,Autoridad,Comunicado institucional,Plantilla con señal de autoridad,0,1,0,0,2,25-34,M,Tecnica,0,94,synthetic_interaction_user_94@example.com,synthetic-interaction-uid-94,1,0,0,0,0,0,0,0.25,0.18
synthetic_scenario,interaction,42,7,launched,email,,2,Autoridad,Comunicado institucional,Plantilla con señal de autoridad,0,1,0,0,2,25-34,M,Tecnica,0,95,synthetic_interaction_user_95@example.com,synthetic-interaction-uid-95,1,0,0,0,0,0,0,0.25,0.18
synthetic_scenario,interaction,42,7,launched,email,,2,Autoridad,Comunicado institucional,Plantilla con señal de autoridad,0,1,0,0,2,25-34,M,Tecnica,0,96,synthetic_interaction_user_96@example.com,synthetic-interaction-uid-96,1,1,0,0,1,0,0,0.25,0.18
synthetic_scenario,interaction,42,7,launched,email,,2,Autoridad,Comunicado institucional,Plantilla con señal de autoridad,0,1,0,0,2,25-34,M,Tecnica,0,97,synthetic_interaction_user_97@example.com,synthetic-interaction-uid-97,1,1,0,0,1,0,0,0.25,0.18
synthetic_scenario,interaction,42,7,launched,email,,2,Autoridad,Comunicado institucional,Plantilla con señal de autoridad,0,1,0,0,2,25-34,M,Tecnica,0,98,synthetic_interaction_user_98@example.com,synthetic-interaction-uid-98,1,0,0,0,0,0,0,0.25,0.18
synthetic_scenario,interaction,42,7,launched,email,,2,Autoridad,Comunicado institucional,Plantilla con señal de autoridad,0,1,0,0,2,25-34,M,Tecnica,0,99,synthetic_interaction_user_99@example.com,synthetic-interaction-uid-99,1,0,0,0,0,0,0,0.25,0.18
synthetic_scenario,interaction,42,7,launched,email,,2,Autoridad,Comunicado institucional,Plantilla con señal de autoridad,0,1,0,0,2,25-34,M,Tecnica,0,100,synthetic_interaction_user_100@example.com,synthetic-interaction-uid-100,1,0,0,0,0,0,0,0.25,0.18
synthetic_scenario,interaction,42,7,launched,email,,2,Autoridad,Comunicado institucional,Plantilla con señal de autoridad,0,1,0,0,2,25-34,M,Tecnica,0,101,synthetic_interaction_user_101@example.com,synthetic-interaction-uid-101,1,1,0,0,1,0,0,0.25,0.18
synthetic_scenario,interaction,42,7,launched,email,,2,Autoridad,Comunicado institucional,Plantilla con señal de autoridad,0,1,0,0,2,25-34,M,Tecnica,0,102,synthetic_interaction_user_102@example.com,synthetic-interaction-uid-102,1,0,0,0,0,0,0,0.25,0.18
synthetic_scenario,interaction,42,7,launched,email,,2,Autoridad,Comunicado institucional,Plantilla con señal de autoridad,0,1,0,0,2,25-34,M,Tecnica,0,103,synthetic_interaction_user_103@example.com,synthetic-interaction-uid-103,1,1,0,0,1,0,0,0.25,0.18
synthetic_scenario,interaction,42,7,launched,email,,2,Autoridad,Comunicado institucional,Plantilla con señal de autoridad,0,1,0,0,2,25-34,M,Tecnica,0,104,synthetic_interaction_user_104@example.com,synthetic-interaction-uid-104,1,1,0,0,1,0,0,0.25,0.18
synthetic_scenario,interaction,42,7,launched,email,,2,Autoridad,Comunicado institucional,Plantilla con señal de autoridad,0,1,0,0,2,25-34,M,Tecnica,0,105,synthetic_interaction_user_105@example.com,synthetic-interaction-uid-105,1,0,0,0,0,0,0,0.25,0.18
synthetic_scenario,interaction,42,8,launched,email,,2,Autoridad,Comunicado institucional,Plantilla con señal de autoridad,0,1,0,0,3,35-44,F,Universitaria,0,106,synthetic_interaction_user_106@example.com,synthetic-interaction-uid-106,1,1,0,0,1,0,0,0.25,0.18
synthetic_scenario,interaction,42,8,launched,email,,2,Autoridad,Comunicado institucional,Plantilla con señal de autoridad,0,1,0,0,3,35-44,F,Universitaria,0,107,synthetic_interaction_user_107@example.com,synthetic-interaction-uid-107,1,0,0,0,0,0,0,0.25,0.18
synthetic_scenario,interaction,42,8,launched,email,,2,Autoridad,Comunicado institucional,Plantilla con señal de autoridad,0,1,0,0,3,35-44,F,Universitaria,0,108,synthetic_interaction_user_108@example.com,synthetic-interaction-uid-108,1,0,0,0,0,0,0,0.25,0.18
synthetic_scenario,interaction,42,8,launched,email,,2,Autoridad,Comunicado institucional,Plantilla con señal de autoridad,0,1,0,0,3,35-44,F,Universitaria,0,109,synthetic_interaction_user_109@example.com,synthetic-interaction-uid-109,1,0,0,0,0,0,0,0.25,0.18
synthetic_scenario,interaction,42,8,launched,email,,2,Autoridad,Comunicado institucional,Plantilla con señal de autoridad,0,1,0,0,3,35-44,F,Universitaria,0,110,synthetic_interaction_user_110@example.com,synthetic-interaction-uid-110,1,0,0,0,0,0,0,0.25,0.18
synthetic_scenario,interaction,42,8,launched,email,,2,Autoridad,Comunicado institucional,Plantilla con señal de autoridad,0,1,0,0,3,35-44,F,Universitaria,0,111,synthetic_interaction_user_111@example.com,synthetic-interaction-uid-111,1,1,0,0,1,0,0,0.25,0.18
synthetic_scenario,interaction,42,8,launched,email,,2,Autoridad,Comunicado institucional,Plantilla con señal de autoridad,0,1,0,0,3,35-44,F,Universitaria,0,112,synthetic_interaction_user_112@example.com,synthetic-interaction-uid-112,1,0,0,0,0,0,0,0.25,0.18
synthetic_scenario,interaction,42,8,launched,email,,2,Autoridad,Comunicado institucional,Plantilla con señal de autoridad,0,1,0,0,3,35-44,F,Universitaria,0,113,synthetic_interaction_user_113@example.com,synthetic-interaction-uid-113,1,1,0,0,1,0,0,0.25,0.18
synthetic_scenario,interaction,42,8,launched,email,,2,Autoridad,Comunicado institucional,Plantilla con señal de autoridad,0,1,0,0,3,35-44,F,Universitaria,0,114,synthetic_interaction_user_114@example.com,synthetic-interaction-uid-114,1,0,0,0,0,0,0,0.25,0.18
synthetic_scenario,interaction,42,8,launched,email,,2,Autoridad,Comunicado institucional,Plantilla con señal de autoridad,0,1,0,0,3,35-44,F,Universitaria,0,115,synthetic_interaction_user_115@example.com,synthetic-interaction-uid-115,1,0,0,0,0,0,0,0.25,0.18
synthetic_scenario,interaction,42,8,launched,email,,2,Autoridad,Comunicado institucional,Plantilla con señal de autoridad,0,1,0,0,3,35-44,F,Universitaria,0,116,synthetic_interaction_user_116@example.com,synthetic-interaction-uid-116,1,0,0,0,0,0,0,0.25,0.18
synthetic_scenario,interaction,42,8,launched,email,,2,Autoridad,Comunicado institucional,Plantilla con señal de autoridad,0,1,0,0,3,35-44,F,Universitaria,0,117,synthetic_interaction_user_117@example.com,synthetic-interaction-uid-117,1,0,0,0,0,0,0,0.25,0.18
synthetic_scenario,interaction,42,8,launched,email,,2,Autoridad,Comunicado institucional,Plantilla con señal de autoridad,0,1,0,0,3,35-44,F,Universitaria,0,118,synthetic_interaction_user_118@example.com,synthetic-interaction-uid-118,1,1,0,0,1,0,0,0.25,0.18
synthetic_scenario,interaction,42,8,launched,email,,2,Autoridad,Comunicado institucional,Plantilla con señal de autoridad,0,1,0,0,3,35-44,F,Universitaria,0,119,synthetic_interaction_user_119@example.com,synthetic-interaction-uid-119,1,0,0,0,0,0,0,0.25,0.18
synthetic_scenario,interaction,42,8,launched,email,,2,Autoridad,Comunicado institucional,Plantilla con señal de autoridad,0,1,0,0,3,35-44,F,Universitaria,0,120,synthetic_interaction_user_120@example.com,synthetic-interaction-uid-120,1,0,0,0,0,0,0,0.25,0.18
synthetic_scenario,interaction,42,9,launched,email,,2,Autoridad,Comunicado institucional,Plantilla con señal de autoridad,0,1,0,0,4,45-54,M,Posgrado,0,121,synthetic_interaction_user_121@example.com,synthetic-interaction-uid-121,1,1,0,0,1,0,0,0.25,0.18
synthetic_scenario,interaction,42,9,launched,email,,2,Autoridad,Comunicado institucional,Plantilla con señal de autoridad,0,1,0,0,4,45-54,M,Posgrado,0,122,synthetic_interaction_user_122@example.com,synthetic-interaction-uid-122,1,1,0,0,1,0,0,0.25,0.18
synthetic_scenario,interaction,42,9,launched,email,,2,Autoridad,Comunicado institucional,Plantilla con señal de autoridad,0,1,0,0,4,45-54,M,Posgrado,0,123,synthetic_interaction_user_123@example.com,synthetic-interaction-uid-123,1,1,0,0,1,0,0,0.25,0.18
synthetic_scenario,interaction,42,9,launched,email,,2,Autoridad,Comunicado institucional,Plantilla con señal de autoridad,0,1,0,0,4,45-54,M,Posgrado,0,124,synthetic_interaction_user_124@example.com,synthetic-interaction-uid-124,1,0,0,0,0,0,0,0.25,0.18
synthetic_scenario,interaction,42,9,launched,email,,2,Autoridad,Comunicado institucional,Plantilla con señal de autoridad,0,1,0,0,4,45-54,M,Posgrado,0,125,synthetic_interaction_user_125@example.com,synthetic-interaction-uid-125,1,1,0,0,1,0,0,0.25,0.18
synthetic_scenario,interaction,42,9,launched,email,,2,Autoridad,Comunicado institucional,Plantilla con señal de autoridad,0,1,0,0,4,45-54,M,Posgrado,0,126,synthetic_interaction_user_126@example.com,synthetic-interaction-uid-126,1,0,0,0,0,0,0,0.25,0.18
synthetic_scenario,interaction,42,9,launched,email,,2,Autoridad,Comunicado institucional,Plantilla con señal de autoridad,0,1,0,0,4,45-54,M,Posgrado,0,127,synthetic_interaction_user_127@example.com,synthetic-interaction-uid-127,1,1,1,0,1,1,0,0.25,0.18
synthetic_scenario,interaction,42,9,launched,email,,2,Autoridad,Comunicado institucional,Plantilla con señal de autoridad,0,1,0,0,4,45-54,M,Posgrado,0,128,synthetic_interaction_user_128@example.com,synthetic-interaction-uid-128,1,0,0,0,0,0,0,0.25,0.18
synthetic_scenario,interaction,42,9,launched,email,,2,Autoridad,Comunicado institucional,Plantilla con señal de autoridad,0,1,0,0,4,45-54,M,Posgrado,0,129,synthetic_interaction_user_129@example.com,synthetic-interaction-uid-129,1,0,0,0,0,0,0,0.25,0.18
synthetic_scenario,interaction,42,9,launched,email,,2,Autoridad,Comunicado institucional,Plantilla con señal de autoridad,0,1,0,0,4,45-54,M,Posgrado,0,130,synthetic_interaction_user_130@example.com,synthetic-interaction-uid-130,1,0,0,0,0,0,0,0.25,0.18
synthetic_scenario,interaction,42,9,launched,email,,2,Autoridad,Comunicado institucional,Plantilla con señal de autoridad,0,1,0,0,4,45-54,M,Posgrado,0,131,synthetic_interaction_user_131@example.com,synthetic-interaction-uid-131,1,0,0,0,0,0,0,0.25,0.18
synthetic_scenario,interaction,42,9,launched,email,,2,Autoridad,Comunicado institucional,Plantilla con señal de autoridad,0,1,0,0,4,45-54,M,Posgrado,0,132,synthetic_interaction_user_132@example.com,synthetic-interaction-uid-132,1,0,0,0,0,0,0,0.25,0.18
synthetic_scenario,interaction,42,9,launched,email,,2,Autoridad,Comunicado institucional,Plantilla con señal de autoridad,0,1,0,0,4,45-54,M,Posgrado,0,133,synthetic_interaction_user_133@example.com,synthetic-interaction-uid-133,1,1,1,0,1,1,0,0.25,0.18
synthetic_scenario,interaction,42,9,launched,email,,2,Autoridad,Comunicado institucional,Plantilla con señal de autoridad,0,1,0,0,4,45-54,M,Posgrado,0,134,synthetic_interaction_user_134@example.com,synthetic-interaction-uid-134,1,0,0,0,0,0,0,0.25,0.18
synthetic_scenario,interaction,42,9,launched,email,,2,Autoridad,Comunicado institucional,Plantilla con señal de autoridad,0,1,0,0,4,45-54,M,Posgrado,0,135,synthetic_interaction_user_135@example.com,synthetic-interaction-uid-135,1,0,0,0,0,0,0,0.25,0.18
synthetic_scenario,interaction,42,10,launched,email,,2,Autoridad,Comunicado institucional,Plantilla con señal de autoridad,0,1,0,0,5,55+,F,Universitaria,0,136,synthetic_interaction_user_136@example.com,synthetic-interaction-uid-136,1,0,0,0,0,0,0,0.25,0.18
synthetic_scenario,interaction,42,10,launched,email,,2,Autoridad,Comunicado institucional,Plantilla con señal de autoridad,0,1,0,0,5,55+,F,Universitaria,0,137,synthetic_interaction_user_137@example.com,synthetic-interaction-uid-137,1,0,0,0,0,0,0,0.25,0.18
synthetic_scenario,interaction,42,10,launched,email,,2,Autoridad,Comunicado institucional,Plantilla con señal de autoridad,0,1,0,0,5,55+,F,Universitaria,0,138,synthetic_interaction_user_138@example.com,synthetic-interaction-uid-138,1,0,0,0,0,0,0,0.25,0.18
synthetic_scenario,interaction,42,10,launched,email,,2,Autoridad,Comunicado institucional,Plantilla con señal de autoridad,0,1,0,0,5,55+,F,Universitaria,0,139,synthetic_interaction_user_139@example.com,synthetic-interaction-uid-139,1,0,0,0,0,0,0,0.25,0.18
synthetic_scenario,interaction,42,10,launched,email,,2,Autoridad,Comunicado institucional,Plantilla con señal de autoridad,0,1,0,0,5,55+,F,Universitaria,0,140,synthetic_interaction_user_140@example.com,synthetic-interaction-uid-140,1,1,0,0,1,0,0,0.25,0.18
synthetic_scenario,interaction,42,10,launched,email,,2,Autoridad,Comunicado institucional,Plantilla con señal de autoridad,0,1,0,0,5,55+,F,Universitaria,0,141,synthetic_interaction_user_141@example.com,synthetic-interaction-uid-141,1,0,0,0,0,0,0,0.25,0.18
synthetic_scenario,interaction,42,10,launched,email,,2,Autoridad,Comunicado institucional,Plantilla con señal de autoridad,0,1,0,0,5,55+,F,Universitaria,0,142,synthetic_interaction_user_142@example.com,synthetic-interaction-uid-142,1,0,0,0,0,0,0,0.25,0.18
synthetic_scenario,interaction,42,10,launched,email,,2,Autoridad,Comunicado institucional,Plantilla con señal de autoridad,0,1,0,0,5,55+,F,Universitaria,0,143,synthetic_interaction_user_143@example.com,synthetic-interaction-uid-143,1,1,0,0,1,0,0,0.25,0.18
synthetic_scenario,interaction,42,10,launched,email,,2,Autoridad,Comunicado institucional,Plantilla con señal de autoridad,0,1,0,0,5,55+,F,Universitaria,0,144,synthetic_interaction_user_144@example.com,synthetic-interaction-uid-144,1,0,0,0,0,0,0,0.25,0.18
synthetic_scenario,interaction,42,10,launched,email,,2,Autoridad,Comunicado institucional,Plantilla con señal de autoridad,0,1,0,0,5,55+,F,Universitaria,0,145,synthetic_interaction_user_145@example.com,synthetic-interaction-uid-145,1,0,0,0,0,0,0,0.25,0.18
synthetic_scenario,interaction,42,10,launched,email,,2,Autoridad,Comunicado institucional,Plantilla con señal de autoridad,0,1,0,0,5,55+,F,Universitaria,0,146,synthetic_interaction_user_146@example.com,synthetic-interaction-uid-146,1,0,0,0,0,0,0,0.25,0.18
synthetic_scenario,interaction,42,10,launched,email,,2,Autoridad,Comunicado institucional,Plantilla con señal de autoridad,0,1,0,0,5,55+,F,Universitaria,0,147,synthetic_interaction_user_147@example.com,synthetic-interaction-uid-147,1,1,0,0,1,0,0,0.25,0.18
synthetic_scenario,interaction,42,10,launched,email,,2,Autoridad,Comunicado institucional,Plantilla con señal de autoridad,0,1,0,0,5,55+,F,Universitaria,0,148,synthetic_interaction_user_148@example.com,synthetic-interaction-uid-148,1,0,0,0,0,0,0,0.25,0.18
synthetic_scenario,interaction,42,10,launched,email,,2,Autoridad,Comunicado institucional,Plantilla con señal de autoridad,0,1,0,0,5,55+,F,Universitaria,0,149,synthetic_interaction_user_149@example.com,synthetic-interaction-uid-149,1,0,0,0,0,0,0,0.25,0.18
synthetic_scenario,interaction,42,10,launched,email,,2,Autoridad,Comunicado institucional,Plantilla con señal de autoridad,0,1,0,0,5,55+,F,Universitaria,0,150,synthetic_interaction_user_150@example.com,synthetic-interaction-uid-150,1,0,0,0,0,0,0,0.25,0.18
synthetic_scenario,interaction,42,11,launched,email,,3,Recompensa,Beneficio disponible,Plantilla con señal de recompensa,0,0,1,0,1,18-24,F,Secundaria,1,151,synthetic_interaction_user_151@example.com,synthetic-interaction-uid-151,1,1,0,0,1,0,0,0.3,0.18
synthetic_scenario,interaction,42,11,launched,email,,3,Recompensa,Beneficio disponible,Plantilla con señal de recompensa,0,0,1,0,1,18-24,F,Secundaria,1,152,synthetic_interaction_user_152@example.com,synthetic-interaction-uid-152,1,0,0,0,0,0,0,0.3,0.18
synthetic_scenario,interaction,42,11,launched,email,,3,Recompensa,Beneficio disponible,Plantilla con señal de recompensa,0,0,1,0,1,18-24,F,Secundaria,1,153,synthetic_interaction_user_153@example.com,synthetic-interaction-uid-153,1,0,0,0,0,0,0,0.3,0.18
synthetic_scenario,interaction,42,11,launched,email,,3,Recompensa,Beneficio disponible,Plantilla con señal de recompensa,0,0,1,0,1,18-24,F,Secundaria,1,154,synthetic_interaction_user_154@example.com,synthetic-interaction-uid-154,1,0,0,0,0,0,0,0.3,0.18
synthetic_scenario,interaction,42,11,launched,email,,3,Recompensa,Beneficio disponible,Plantilla con señal de recompensa,0,0,1,0,1,18-24,F,Secundaria,1,155,synthetic_interaction_user_155@example.com,synthetic-interaction-uid-155,1,0,0,0,0,0,0,0.3,0.18
synthetic_scenario,interaction,42,11,launched,email,,3,Recompensa,Beneficio disponible,Plantilla con señal de recompensa,0,0,1,0,1,18-24,F,Secundaria,1,156,synthetic_interaction_user_156@example.com,synthetic-interaction-uid-156,1,1,0,0,1,0,0,0.3,0.18
synthetic_scenario,interaction,42,11,launched,email,,3,Recompensa,Beneficio disponible,Plantilla con señal de recompensa,0,0,1,0,1,18-24,F,Secundaria,1,157,synthetic_interaction_user_157@example.com,synthetic-interaction-uid-157,1,1,0,0,1,0,0,0.3,0.18
synthetic_scenario,interaction,42,11,launched,email,,3,Recompensa,Beneficio disponible,Plantilla con señal de recompensa,0,0,1,0,1,18-24,F,Secundaria,1,158,synthetic_interaction_user_158@example.com,synthetic-interaction-uid-158,1,1,0,0,1,0,0,0.3,0.18
synthetic_scenario,interaction,42,11,launched,email,,3,Recompensa,Beneficio disponible,Plantilla con señal de recompensa,0,0,1,0,1,18-24,F,Secundaria,1,159,synthetic_interaction_user_159@example.com,synthetic-interaction-uid-159,1,0,0,0,0,0,0,0.3,0.18
synthetic_scenario,interaction,42,11,launched,email,,3,Recompensa,Beneficio disponible,Plantilla con señal de recompensa,0,0,1,0,1,18-24,F,Secundaria,1,160,synthetic_interaction_user_160@example.com,synthetic-interaction-uid-160,1,1,0,0,1,0,0,0.3,0.18
synthetic_scenario,interaction,42,11,launched,email,,3,Recompensa,Beneficio disponible,Plantilla con señal de recompensa,0,0,1,0,1,18-24,F,Secundaria,1,161,synthetic_interaction_user_161@example.com,synthetic-interaction-uid-161,1,0,0,0,0,0,0,0.3,0.18
synthetic_scenario,interaction,42,11,launched,email,,3,Recompensa,Beneficio disponible,Plantilla con señal de recompensa,0,0,1,0,1,18-24,F,Secundaria,1,162,synthetic_interaction_user_162@example.com,synthetic-interaction-uid-162,1,0,0,0,0,0,0,0.3,0.18
synthetic_scenario,interaction,42,11,launched,email,,3,Recompensa,Beneficio disponible,Plantilla con señal de recompensa,0,0,1,0,1,18-24,F,Secundaria,1,163,synthetic_interaction_user_163@example.com,synthetic-interaction-uid-163,1,0,0,0,0,0,0,0.3,0.18
synthetic_scenario,interaction,42,11,launched,email,,3,Recompensa,Beneficio disponible,Plantilla con señal de recompensa,0,0,1,0,1,18-24,F,Secundaria,1,164,synthetic_interaction_user_164@example.com,synthetic-interaction-uid-164,1,0,0,0,0,0,0,0.3,0.18
synthetic_scenario,interaction,42,11,launched,email,,3,Recompensa,Beneficio disponible,Plantilla con señal de recompensa,0,0,1,0,1,18-24,F,Secundaria,1,165,synthetic_interaction_user_165@example.com,synthetic-interaction-uid-165,1,0,0,0,0,0,0,0.3,0.18
synthetic_scenario,interaction,42,12,launched,email,,3,Recompensa,Beneficio disponible,Plantilla con señal de recompensa,0,0,1,0,2,25-34,M,Tecnica,0,166,synthetic_interaction_user_166@example.com,synthetic-interaction-uid-166,1,0,0,0,0,0,0,0.25,0.18
synthetic_scenario,interaction,42,12,launched,email,,3,Recompensa,Beneficio disponible,Plantilla con señal de recompensa,0,0,1,0,2,25-34,M,Tecnica,0,167,synthetic_interaction_user_167@example.com,synthetic-interaction-uid-167,1,1,0,0,1,0,0,0.25,0.18
synthetic_scenario,interaction,42,12,launched,email,,3,Recompensa,Beneficio disponible,Plantilla con señal de recompensa,0,0,1,0,2,25-34,M,Tecnica,0,168,synthetic_interaction_user_168@example.com,synthetic-interaction-uid-168,1,0,0,0,0,0,0,0.25,0.18
synthetic_scenario,interaction,42,12,launched,email,,3,Recompensa,Beneficio disponible,Plantilla con señal de recompensa,0,0,1,0,2,25-34,M,Tecnica,0,169,synthetic_interaction_user_169@example.com,synthetic-interaction-uid-169,1,0,0,0,0,0,0,0.25,0.18
synthetic_scenario,interaction,42,12,launched,email,,3,Recompensa,Beneficio disponible,Plantilla con señal de recompensa,0,0,1,0,2,25-34,M,Tecnica,0,170,synthetic_interaction_user_170@example.com,synthetic-interaction-uid-170,1,0,0,0,0,0,0,0.25,0.18
synthetic_scenario,interaction,42,12,launched,email,,3,Recompensa,Beneficio disponible,Plantilla con señal de recompensa,0,0,1,0,2,25-34,M,Tecnica,0,171,synthetic_interaction_user_171@example.com,synthetic-interaction-uid-171,1,0,0,0,0,0,0,0.25,0.18
synthetic_scenario,interaction,42,12,launched,email,,3,Recompensa,Beneficio disponible,Plantilla con señal de recompensa,0,0,1,0,2,25-34,M,Tecnica,0,172,synthetic_interaction_user_172@example.com,synthetic-interaction-uid-172,1,1,0,0,1,0,0,0.25,0.18
synthetic_scenario,interaction,42,12,launched,email,,3,Recompensa,Beneficio disponible,Plantilla con señal de recompensa,0,0,1,0,2,25-34,M,Tecnica,0,173,synthetic_interaction_user_173@example.com,synthetic-interaction-uid-173,1,0,0,0,0,0,0,0.25,0.18
synthetic_scenario,interaction,42,12,launched,email,,3,Recompensa,Beneficio disponible,Plantilla con señal de recompensa,0,0,1,0,2,25-34,M,Tecnica,0,174,synthetic_interaction_user_174@example.com,synthetic-interaction-uid-174,1,0,0,0,0,0,0,0.25,0.18
synthetic_scenario,interaction,42,12,launched,email,,3,Recompensa,Beneficio disponible,Plantilla con señal de recompensa,0,0,1,0,2,25-34,M,Tecnica,0,175,synthetic_interaction_user_175@example.com,synthetic-interaction-uid-175,1,1,0,0,1,0,0,0.25,0.18
synthetic_scenario,interaction,42,12,launched,email,,3,Recompensa,Beneficio disponible,Plantilla con señal de recompensa,0,0,1,0,2,25-34,M,Tecnica,0,176,synthetic_interaction_user_176@example.com,synthetic-interaction-uid-176,1,1,0,0,1,0,0,0.25,0.18
synthetic_scenario,interaction,42,12,launched,email,,3,Recompensa,Beneficio disponible,Plantilla con señal de recompensa,0,0,1,0,2,25-34,M,Tecnica,0,177,synthetic_interaction_user_177@example.com,synthetic-interaction-uid-177,1,0,0,0,0,0,0,0.25,0.18
synthetic_scenario,interaction,42,12,launched,email,,3,Recompensa,Beneficio disponible,Plantilla con señal de recompensa,0,0,1,0,2,25-34,M,Tecnica,0,178,synthetic_interaction_user_178@example.com,synthetic-interaction-uid-178,1,0,0,0,0,0,0,0.25,0.18
synthetic_scenario,interaction,42,12,launched,email,,3,Recompensa,Beneficio disponible,Plantilla con señal de recompensa,0,0,1,0,2,25-34,M,Tecnica,0,179,synthetic_interaction_user_179@example.com,synthetic-interaction-uid-179,1,1,1,0,1,1,0,0.25,0.18
synthetic_scenario,interaction,42,12,launched,email,,3,Recompensa,Beneficio disponible,Plantilla con señal de recompensa,0,0,1,0,2,25-34,M,Tecnica,0,180,synthetic_interaction_user_180@example.com,synthetic-interaction-uid-180,1,0,0,0,0,0,0,0.25,0.18
synthetic_scenario,interaction,42,13,launched,email,,3,Recompensa,Beneficio disponible,Plantilla con señal de recompensa,0,0,1,0,3,35-44,F,Universitaria,0,181,synthetic_interaction_user_181@example.com,synthetic-interaction-uid-181,1,1,0,0,1,0,0,0.25,0.18
synthetic_scenario,interaction,42,13,launched,email,,3,Recompensa,Beneficio disponible,Plantilla con señal de recompensa,0,0,1,0,3,35-44,F,Universitaria,0,182,synthetic_interaction_user_182@example.com,synthetic-interaction-uid-182,1,0,0,0,0,0,0,0.25,0.18
synthetic_scenario,interaction,42,13,launched,email,,3,Recompensa,Beneficio disponible,Plantilla con señal de recompensa,0,0,1,0,3,35-44,F,Universitaria,0,183,synthetic_interaction_user_183@example.com,synthetic-interaction-uid-183,1,0,0,0,0,0,0,0.25,0.18
synthetic_scenario,interaction,42,13,launched,email,,3,Recompensa,Beneficio disponible,Plantilla con señal de recompensa,0,0,1,0,3,35-44,F,Universitaria,0,184,synthetic_interaction_user_184@example.com,synthetic-interaction-uid-184,1,0,0,0,0,0,0,0.25,0.18
synthetic_scenario,interaction,42,13,launched,email,,3,Recompensa,Beneficio disponible,Plantilla con señal de recompensa,0,0,1,0,3,35-44,F,Universitaria,0,185,synthetic_interaction_user_185@example.com,synthetic-interaction-uid-185,1,0,0,0,0,0,0,0.25,0.18
synthetic_scenario,interaction,42,13,launched,email,,3,Recompensa,Beneficio disponible,Plantilla con señal de recompensa,0,0,1,0,3,35-44,F,Universitaria,0,186,synthetic_interaction_user_186@example.com,synthetic-interaction-uid-186,1,0,0,0,0,0,0,0.25,0.18
synthetic_scenario,interaction,42,13,launched,email,,3,Recompensa,Beneficio disponible,Plantilla con señal de recompensa,0,0,1,0,3,35-44,F,Universitaria,0,187,synthetic_interaction_user_187@example.com,synthetic-interaction-uid-187,1,1,0,0,1,0,0,0.25,0.18
synthetic_scenario,interaction,42,13,launched,email,,3,Recompensa,Beneficio disponible,Plantilla con señal de recompensa,0,0,1,0,3,35-44,F,Universitaria,0,188,synthetic_interaction_user_188@example.com,synthetic-interaction-uid-188,1,1,0,0,1,0,0,0.25,0.18
synthetic_scenario,interaction,42,13,launched,email,,3,Recompensa,Beneficio disponible,Plantilla con señal de recompensa,0,0,1,0,3,35-44,F,Universitaria,0,189,synthetic_interaction_user_189@example.com,synthetic-interaction-uid-189,1,0,0,0,0,0,0,0.25,0.18
synthetic_scenario,interaction,42,13,launched,email,,3,Recompensa,Beneficio disponible,Plantilla con señal de recompensa,0,0,1,0,3,35-44,F,Universitaria,0,190,synthetic_interaction_user_190@example.com,synthetic-interaction-uid-190,1,0,0,0,0,0,0,0.25,0.18
synthetic_scenario,interaction,42,13,launched,email,,3,Recompensa,Beneficio disponible,Plantilla con señal de recompensa,0,0,1,0,3,35-44,F,Universitaria,0,191,synthetic_interaction_user_191@example.com,synthetic-interaction-uid-191,1,0,0,0,0,0,0,0.25,0.18
synthetic_scenario,interaction,42,13,launched,email,,3,Recompensa,Beneficio disponible,Plantilla con señal de recompensa,0,0,1,0,3,35-44,F,Universitaria,0,192,synthetic_interaction_user_192@example.com,synthetic-interaction-uid-192,1,0,0,0,0,0,0,0.25,0.18
synthetic_scenario,interaction,42,13,launched,email,,3,Recompensa,Beneficio disponible,Plantilla con señal de recompensa,0,0,1,0,3,35-44,F,Universitaria,0,193,synthetic_interaction_user_193@example.com,synthetic-interaction-uid-193,1,1,0,0,1,0,0,0.25,0.18
synthetic_scenario,interaction,42,13,launched,email,,3,Recompensa,Beneficio disponible,Plantilla con señal de recompensa,0,0,1,0,3,35-44,F,Universitaria,0,194,synthetic_interaction_user_194@example.com,synthetic-interaction-uid-194,1,0,0,0,0,0,0,0.25,0.18
synthetic_scenario,interaction,42,13,launched,email,,3,Recompensa,Beneficio disponible,Plantilla con señal de recompensa,0,0,1,0,3,35-44,F,Universitaria,0,195,synthetic_interaction_user_195@example.com,synthetic-interaction-uid-195,1,0,0,0,0,0,0,0.25,0.18
synthetic_scenario,interaction,42,14,launched,email,,3,Recompensa,Beneficio disponible,Plantilla con señal de recompensa,0,0,1,0,4,45-54,M,Posgrado,0,196,synthetic_interaction_user_196@example.com,synthetic-interaction-uid-196,1,1,0,0,1,0,0,0.25,0.18
synthetic_scenario,interaction,42,14,launched,email,,3,Recompensa,Beneficio disponible,Plantilla con señal de recompensa,0,0,1,0,4,45-54,M,Posgrado,0,197,synthetic_interaction_user_197@example.com,synthetic-interaction-uid-197,1,0,0,0,0,0,0,0.25,0.18
synthetic_scenario,interaction,42,14,launched,email,,3,Recompensa,Beneficio disponible,Plantilla con señal de recompensa,0,0,1,0,4,45-54,M,Posgrado,0,198,synthetic_interaction_user_198@example.com,synthetic-interaction-uid-198,1,0,0,0,0,0,0,0.25,0.18
synthetic_scenario,interaction,42,14,launched,email,,3,Recompensa,Beneficio disponible,Plantilla con señal de recompensa,0,0,1,0,4,45-54,M,Posgrado,0,199,synthetic_interaction_user_199@example.com,synthetic-interaction-uid-199,1,0,0,0,0,0,0,0.25,0.18
synthetic_scenario,interaction,42,14,launched,email,,3,Recompensa,Beneficio disponible,Plantilla con señal de recompensa,0,0,1,0,4,45-54,M,Posgrado,0,200,synthetic_interaction_user_200@example.com,synthetic-interaction-uid-200,1,0,0,0,0,0,0,0.25,0.18
synthetic_scenario,interaction,42,14,launched,email,,3,Recompensa,Beneficio disponible,Plantilla con señal de recompensa,0,0,1,0,4,45-54,M,Posgrado,0,201,synthetic_interaction_user_201@example.com,synthetic-interaction-uid-201,1,0,0,0,0,0,0,0.25,0.18
synthetic_scenario,interaction,42,14,launched,email,,3,Recompensa,Beneficio disponible,Plantilla con señal de recompensa,0,0,1,0,4,45-54,M,Posgrado,0,202,synthetic_interaction_user_202@example.com,synthetic-interaction-uid-202,1,1,0,0,1,0,0,0.25,0.18
synthetic_scenario,interaction,42,14,launched,email,,3,Recompensa,Beneficio disponible,Plantilla con señal de recompensa,0,0,1,0,4,45-54,M,Posgrado,0,203,synthetic_interaction_user_203@example.com,synthetic-interaction-uid-203,1,0,0,0,0,0,0,0.25,0.18
synthetic_scenario,interaction,42,14,launched,email,,3,Recompensa,Beneficio disponible,Plantilla con señal de recompensa,0,0,1,0,4,45-54,M,Posgrado,0,204,synthetic_interaction_user_204@example.com,synthetic-interaction-uid-204,1,0,0,0,0,0,0,0.25,0.18
synthetic_scenario,interaction,42,14,launched,email,,3,Recompensa,Beneficio disponible,Plantilla con señal de recompensa,0,0,1,0,4,45-54,M,Posgrado,0,205,synthetic_interaction_user_205@example.com,synthetic-interaction-uid-205,1,0,0,0,0,0,0,0.25,0.18
synthetic_scenario,interaction,42,14,launched,email,,3,Recompensa,Beneficio disponible,Plantilla con señal de recompensa,0,0,1,0,4,45-54,M,Posgrado,0,206,synthetic_interaction_user_206@example.com,synthetic-interaction-uid-206,1,0,0,0,0,0,0,0.25,0.18
synthetic_scenario,interaction,42,14,launched,email,,3,Recompensa,Beneficio disponible,Plantilla con señal de recompensa,0,0,1,0,4,45-54,M,Posgrado,0,207,synthetic_interaction_user_207@example.com,synthetic-interaction-uid-207,1,1,0,0,1,0,0,0.25,0.18
synthetic_scenario,interaction,42,14,launched,email,,3,Recompensa,Beneficio disponible,Plantilla con señal de recompensa,0,0,1,0,4,45-54,M,Posgrado,0,208,synthetic_interaction_user_208@example.com,synthetic-interaction-uid-208,1,0,0,0,0,0,0,0.25,0.18
synthetic_scenario,interaction,42,14,launched,email,,3,Recompensa,Beneficio disponible,Plantilla con señal de recompensa,0,0,1,0,4,45-54,M,Posgrado,0,209,synthetic_interaction_user_209@example.com,synthetic-interaction-uid-209,1,0,0,0,0,0,0,0.25,0.18
synthetic_scenario,interaction,42,14,launched,email,,3,Recompensa,Beneficio disponible,Plantilla con señal de recompensa,0,0,1,0,4,45-54,M,Posgrado,0,210,synthetic_interaction_user_210@example.com,synthetic-interaction-uid-210,1,0,0,0,0,0,0,0.25,0.18
synthetic_scenario,interaction,42,15,launched,email,,3,Recompensa,Beneficio disponible,Plantilla con señal de recompensa,0,0,1,0,5,55+,F,Universitaria,0,211,synthetic_interaction_user_211@example.com,synthetic-interaction-uid-211,1,1,1,0,1,1,0,0.25,0.18
synthetic_scenario,interaction,42,15,launched,email,,3,Recompensa,Beneficio disponible,Plantilla con señal de recompensa,0,0,1,0,5,55+,F,Universitaria,0,212,synthetic_interaction_user_212@example.com,synthetic-interaction-uid-212,1,1,0,0,1,0,0,0.25,0.18
synthetic_scenario,interaction,42,15,launched,email,,3,Recompensa,Beneficio disponible,Plantilla con señal de recompensa,0,0,1,0,5,55+,F,Universitaria,0,213,synthetic_interaction_user_213@example.com,synthetic-interaction-uid-213,1,0,0,0,0,0,0,0.25,0.18
synthetic_scenario,interaction,42,15,launched,email,,3,Recompensa,Beneficio disponible,Plantilla con señal de recompensa,0,0,1,0,5,55+,F,Universitaria,0,214,synthetic_interaction_user_214@example.com,synthetic-interaction-uid-214,1,0,0,0,0,0,0,0.25,0.18
synthetic_scenario,interaction,42,15,launched,email,,3,Recompensa,Beneficio disponible,Plantilla con señal de recompensa,0,0,1,0,5,55+,F,Universitaria,0,215,synthetic_interaction_user_215@example.com,synthetic-interaction-uid-215,1,0,0,0,0,0,0,0.25,0.18
synthetic_scenario,interaction,42,15,launched,email,,3,Recompensa,Beneficio disponible,Plantilla con señal de recompensa,0,0,1,0,5,55+,F,Universitaria,0,216,synthetic_interaction_user_216@example.com,synthetic-interaction-uid-216,1,1,0,0,1,0,0,0.25,0.18
synthetic_scenario,interaction,42,15,launched,email,,3,Recompensa,Beneficio disponible,Plantilla con señal de recompensa,0,0,1,0,5,55+,F,Universitaria,0,217,synthetic_interaction_user_217@example.com,synthetic-interaction-uid-217,1,0,0,0,0,0,0,0.25,0.18
synthetic_scenario,interaction,42,15,launched,email,,3,Recompensa,Beneficio disponible,Plantilla con señal de recompensa,0,0,1,0,5,55+,F,Universitaria,0,218,synthetic_interaction_user_218@example.com,synthetic-interaction-uid-218,1,0,0,0,0,0,0,0.25,0.18
synthetic_scenario,interaction,42,15,launched,email,,3,Recompensa,Beneficio disponible,Plantilla con señal de recompensa,0,0,1,0,5,55+,F,Universitaria,0,219,synthetic_interaction_user_219@example.com,synthetic-interaction-uid-219,1,0,0,0,0,0,0,0.25,0.18
synthetic_scenario,interaction,42,15,launched,email,,3,Recompensa,Beneficio disponible,Plantilla con señal de recompensa,0,0,1,0,5,55+,F,Universitaria,0,220,synthetic_interaction_user_220@example.com,synthetic-interaction-uid-220,1,0,0,0,0,0,0,0.25,0.18
synthetic_scenario,interaction,42,15,launched,email,,3,Recompensa,Beneficio disponible,Plantilla con señal de recompensa,0,0,1,0,5,55+,F,Universitaria,0,221,synthetic_interaction_user_221@example.com,synthetic-interaction-uid-221,1,1,0,0,1,0,0,0.25,0.18
synthetic_scenario,interaction,42,15,launched,email,,3,Recompensa,Beneficio disponible,Plantilla con señal de recompensa,0,0,1,0,5,55+,F,Universitaria,0,222,synthetic_interaction_user_222@example.com,synthetic-interaction-uid-222,1,0,0,0,0,0,0,0.25,0.18
synthetic_scenario,interaction,42,15,launched,email,,3,Recompensa,Beneficio disponible,Plantilla con señal de recompensa,0,0,1,0,5,55+,F,Universitaria,0,223,synthetic_interaction_user_223@example.com,synthetic-interaction-uid-223,1,1,0,0,1,0,0,0.25,0.18
synthetic_scenario,interaction,42,15,launched,email,,3,Recompensa,Beneficio disponible,Plantilla con señal de recompensa,0,0,1,0,5,55+,F,Universitaria,0,224,synthetic_interaction_user_224@example.com,synthetic-interaction-uid-224,1,0,0,0,0,0,0,0.25,0.18
synthetic_scenario,interaction,42,15,launched,email,,3,Recompensa,Beneficio disponible,Plantilla con señal de recompensa,0,0,1,0,5,55+,F,Universitaria,0,225,synthetic_interaction_user_225@example.com,synthetic-interaction-uid-225,1,0,0,0,0,0,0,0.25,0.18
synthetic_scenario,interaction,42,16,launched,email,,4,Personalización,Actualización para usted,Plantilla con personalización,0,0,0,1,1,18-24,F,Secundaria,1,226,synthetic_interaction_user_226@example.com,synthetic-interaction-uid-226,1,0,0,0,0,0,0,0.6,0.18
synthetic_scenario,interaction,42,16,launched,email,,4,Personalización,Actualización para usted,Plantilla con personalización,0,0,0,1,1,18-24,F,Secundaria,1,227,synthetic_interaction_user_227@example.com,synthetic-interaction-uid-227,1,1,0,0,1,0,0,0.6,0.18
synthetic_scenario,interaction,42,16,launched,email,,4,Personalización,Actualización para usted,Plantilla con personalización,0,0,0,1,1,18-24,F,Secundaria,1,228,synthetic_interaction_user_228@example.com,synthetic-interaction-uid-228,1,1,1,0,1,1,0,0.6,0.18
synthetic_scenario,interaction,42,16,launched,email,,4,Personalización,Actualización para usted,Plantilla con personalización,0,0,0,1,1,18-24,F,Secundaria,1,229,synthetic_interaction_user_229@example.com,synthetic-interaction-uid-229,1,0,0,0,0,0,0,0.6,0.18
synthetic_scenario,interaction,42,16,launched,email,,4,Personalización,Actualización para usted,Plantilla con personalización,0,0,0,1,1,18-24,F,Secundaria,1,230,synthetic_interaction_user_230@example.com,synthetic-interaction-uid-230,1,0,0,0,0,0,0,0.6,0.18
synthetic_scenario,interaction,42,16,launched,email,,4,Personalización,Actualización para usted,Plantilla con personalización,0,0,0,1,1,18-24,F,Secundaria,1,231,synthetic_interaction_user_231@example.com,synthetic-interaction-uid-231,1,1,0,0,1,0,0,0.6,0.18
synthetic_scenario,interaction,42,16,launched,email,,4,Personalización,Actualización para usted,Plantilla con personalización,0,0,0,1,1,18-24,F,Secundaria,1,232,synthetic_interaction_user_232@example.com,synthetic-interaction-uid-232,1,1,1,0,1,1,0,0.6,0.18
synthetic_scenario,interaction,42,16,launched,email,,4,Personalización,Actualización para usted,Plantilla con personalización,0,0,0,1,1,18-24,F,Secundaria,1,233,synthetic_interaction_user_233@example.com,synthetic-interaction-uid-233,1,1,0,0,1,0,0,0.6,0.18
synthetic_scenario,interaction,42,16,launched,email,,4,Personalización,Actualización para usted,Plantilla con personalización,0,0,0,1,1,18-24,F,Secundaria,1,234,synthetic_interaction_user_234@example.com,synthetic-interaction-uid-234,1,0,0,0,0,0,0,0.6,0.18
synthetic_scenario,interaction,42,16,launched,email,,4,Personalización,Actualización para usted,Plantilla con personalización,0,0,0,1,1,18-24,F,Secundaria,1,235,synthetic_interaction_user_235@example.com,synthetic-interaction-uid-235,1,0,0,0,0,0,0,0.6,0.18
synthetic_scenario,interaction,42,16,launched,email,,4,Personalización,Actualización para usted,Plantilla con personalización,0,0,0,1,1,18-24,F,Secundaria,1,236,synthetic_interaction_user_236@example.com,synthetic-interaction-uid-236,1,0,0,0,0,0,0,0.6,0.18
synthetic_scenario,interaction,42,16,launched,email,,4,Personalización,Actualización para usted,Plantilla con personalización,0,0,0,1,1,18-24,F,Secundaria,1,237,synthetic_interaction_user_237@example.com,synthetic-interaction-uid-237,1,0,0,0,0,0,0,0.6,0.18
synthetic_scenario,interaction,42,16,launched,email,,4,Personalización,Actualización para usted,Plantilla con personalización,0,0,0,1,1,18-24,F,Secundaria,1,238,synthetic_interaction_user_238@example.com,synthetic-interaction-uid-238,1,1,0,0,1,0,0,0.6,0.18
synthetic_scenario,interaction,42,16,launched,email,,4,Personalización,Actualización para usted,Plantilla con personalización,0,0,0,1,1,18-24,F,Secundaria,1,239,synthetic_interaction_user_239@example.com,synthetic-interaction-uid-239,1,1,0,0,1,0,0,0.6,0.18
synthetic_scenario,interaction,42,16,launched,email,,4,Personalización,Actualización para usted,Plantilla con personalización,0,0,0,1,1,18-24,F,Secundaria,1,240,synthetic_interaction_user_240@example.com,synthetic-interaction-uid-240,1,0,0,0,0,0,0,0.6,0.18
synthetic_scenario,interaction,42,17,launched,email,,4,Personalización,Actualización para usted,Plantilla con personalización,0,0,0,1,2,25-34,M,Tecnica,0,241,synthetic_interaction_user_241@example.com,synthetic-interaction-uid-241,1,0,0,0,0,0,0,0.4,0.18
synthetic_scenario,interaction,42,17,launched,email,,4,Personalización,Actualización para usted,Plantilla con personalización,0,0,0,1,2,25-34,M,Tecnica,0,242,synthetic_interaction_user_242@example.com,synthetic-interaction-uid-242,1,0,0,0,0,0,0,0.4,0.18
synthetic_scenario,interaction,42,17,launched,email,,4,Personalización,Actualización para usted,Plantilla con personalización,0,0,0,1,2,25-34,M,Tecnica,0,243,synthetic_interaction_user_243@example.com,synthetic-interaction-uid-243,1,1,0,0,1,0,0,0.4,0.18
synthetic_scenario,interaction,42,17,launched,email,,4,Personalización,Actualización para usted,Plantilla con personalización,0,0,0,1,2,25-34,M,Tecnica,0,244,synthetic_interaction_user_244@example.com,synthetic-interaction-uid-244,1,0,0,0,0,0,0,0.4,0.18
synthetic_scenario,interaction,42,17,launched,email,,4,Personalización,Actualización para usted,Plantilla con personalización,0,0,0,1,2,25-34,M,Tecnica,0,245,synthetic_interaction_user_245@example.com,synthetic-interaction-uid-245,1,0,0,0,0,0,0,0.4,0.18
synthetic_scenario,interaction,42,17,launched,email,,4,Personalización,Actualización para usted,Plantilla con personalización,0,0,0,1,2,25-34,M,Tecnica,0,246,synthetic_interaction_user_246@example.com,synthetic-interaction-uid-246,1,0,0,0,0,0,0,0.4,0.18
synthetic_scenario,interaction,42,17,launched,email,,4,Personalización,Actualización para usted,Plantilla con personalización,0,0,0,1,2,25-34,M,Tecnica,0,247,synthetic_interaction_user_247@example.com,synthetic-interaction-uid-247,1,0,0,0,0,0,0,0.4,0.18
synthetic_scenario,interaction,42,17,launched,email,,4,Personalización,Actualización para usted,Plantilla con personalización,0,0,0,1,2,25-34,M,Tecnica,0,248,synthetic_interaction_user_248@example.com,synthetic-interaction-uid-248,1,1,0,0,1,0,0,0.4,0.18
synthetic_scenario,interaction,42,17,launched,email,,4,Personalización,Actualización para usted,Plantilla con personalización,0,0,0,1,2,25-34,M,Tecnica,0,249,synthetic_interaction_user_249@example.com,synthetic-interaction-uid-249,1,1,0,0,1,0,0,0.4,0.18
synthetic_scenario,interaction,42,17,launched,email,,4,Personalización,Actualización para usted,Plantilla con personalización,0,0,0,1,2,25-34,M,Tecnica,0,250,synthetic_interaction_user_250@example.com,synthetic-interaction-uid-250,1,0,0,0,0,0,0,0.4,0.18
synthetic_scenario,interaction,42,17,launched,email,,4,Personalización,Actualización para usted,Plantilla con personalización,0,0,0,1,2,25-34,M,Tecnica,0,251,synthetic_interaction_user_251@example.com,synthetic-interaction-uid-251,1,0,0,0,0,0,0,0.4,0.18
synthetic_scenario,interaction,42,17,launched,email,,4,Personalización,Actualización para usted,Plantilla con personalización,0,0,0,1,2,25-34,M,Tecnica,0,252,synthetic_interaction_user_252@example.com,synthetic-interaction-uid-252,1,0,0,0,0,0,0,0.4,0.18
synthetic_scenario,interaction,42,17,launched,email,,4,Personalización,Actualización para usted,Plantilla con personalización,0,0,0,1,2,25-34,M,Tecnica,0,253,synthetic_interaction_user_253@example.com,synthetic-interaction-uid-253,1,1,0,0,1,0,0,0.4,0.18
synthetic_scenario,interaction,42,17,launched,email,,4,Personalización,Actualización para usted,Plantilla con personalización,0,0,0,1,2,25-34,M,Tecnica,0,254,synthetic_interaction_user_254@example.com,synthetic-interaction-uid-254,1,1,0,0,1,0,0,0.4,0.18
synthetic_scenario,interaction,42,17,launched,email,,4,Personalización,Actualización para usted,Plantilla con personalización,0,0,0,1,2,25-34,M,Tecnica,0,255,synthetic_interaction_user_255@example.com,synthetic-interaction-uid-255,1,0,0,0,0,0,0,0.4,0.18
synthetic_scenario,interaction,42,18,launched,email,,4,Personalización,Actualización para usted,Plantilla con personalización,0,0,0,1,3,35-44,F,Universitaria,0,256,synthetic_interaction_user_256@example.com,synthetic-interaction-uid-256,1,1,0,0,1,0,0,0.4,0.18
synthetic_scenario,interaction,42,18,launched,email,,4,Personalización,Actualización para usted,Plantilla con personalización,0,0,0,1,3,35-44,F,Universitaria,0,257,synthetic_interaction_user_257@example.com,synthetic-interaction-uid-257,1,0,0,0,0,0,0,0.4,0.18
synthetic_scenario,interaction,42,18,launched,email,,4,Personalización,Actualización para usted,Plantilla con personalización,0,0,0,1,3,35-44,F,Universitaria,0,258,synthetic_interaction_user_258@example.com,synthetic-interaction-uid-258,1,1,0,0,1,0,0,0.4,0.18
synthetic_scenario,interaction,42,18,launched,email,,4,Personalización,Actualización para usted,Plantilla con personalización,0,0,0,1,3,35-44,F,Universitaria,0,259,synthetic_interaction_user_259@example.com,synthetic-interaction-uid-259,1,1,1,0,1,1,0,0.4,0.18
synthetic_scenario,interaction,42,18,launched,email,,4,Personalización,Actualización para usted,Plantilla con personalización,0,0,0,1,3,35-44,F,Universitaria,0,260,synthetic_interaction_user_260@example.com,synthetic-interaction-uid-260,1,1,0,0,1,0,0,0.4,0.18
synthetic_scenario,interaction,42,18,launched,email,,4,Personalización,Actualización para usted,Plantilla con personalización,0,0,0,1,3,35-44,F,Universitaria,0,261,synthetic_interaction_user_261@example.com,synthetic-interaction-uid-261,1,0,0,0,0,0,0,0.4,0.18
synthetic_scenario,interaction,42,18,launched,email,,4,Personalización,Actualización para usted,Plantilla con personalización,0,0,0,1,3,35-44,F,Universitaria,0,262,synthetic_interaction_user_262@example.com,synthetic-interaction-uid-262,1,0,0,0,0,0,0,0.4,0.18
synthetic_scenario,interaction,42,18,launched,email,,4,Personalización,Actualización para usted,Plantilla con personalización,0,0,0,1,3,35-44,F,Universitaria,0,263,synthetic_interaction_user_263@example.com,synthetic-interaction-uid-263,1,1,0,0,1,0,0,0.4,0.18
synthetic_scenario,interaction,42,18,launched,email,,4,Personalización,Actualización para usted,Plantilla con personalización,0,0,0,1,3,35-44,F,Universitaria,0,264,synthetic_interaction_user_264@example.com,synthetic-interaction-uid-264,1,1,0,0,1,0,0,0.4,0.18
synthetic_scenario,interaction,42,18,launched,email,,4,Personalización,Actualización para usted,Plantilla con personalización,0,0,0,1,3,35-44,F,Universitaria,0,265,synthetic_interaction_user_265@example.com,synthetic-interaction-uid-265,1,0,0,0,0,0,0,0.4,0.18
synthetic_scenario,interaction,42,18,launched,email,,4,Personalización,Actualización para usted,Plantilla con personalización,0,0,0,1,3,35-44,F,Universitaria,0,266,synthetic_interaction_user_266@example.com,synthetic-interaction-uid-266,1,0,0,0,0,0,0,0.4,0.18
synthetic_scenario,interaction,42,18,launched,email,,4,Personalización,Actualización para usted,Plantilla con personalización,0,0,0,1,3,35-44,F,Universitaria,0,267,synthetic_interaction_user_267@example.com,synthetic-interaction-uid-267,1,1,0,0,1,0,0,0.4,0.18
synthetic_scenario,interaction,42,18,launched,email,,4,Personalización,Actualización para usted,Plantilla con personalización,0,0,0,1,3,35-44,F,Universitaria,0,268,synthetic_interaction_user_268@example.com,synthetic-interaction-uid-268,1,1,0,0,1,0,0,0.4,0.18
synthetic_scenario,interaction,42,18,launched,email,,4,Personalización,Actualización para usted,Plantilla con personalización,0,0,0,1,3,35-44,F,Universitaria,0,269,synthetic_interaction_user_269@example.com,synthetic-interaction-uid-269,1,1,1,0,1,1,0,0.4,0.18
synthetic_scenario,interaction,42,18,launched,email,,4,Personalización,Actualización para usted,Plantilla con personalización,0,0,0,1,3,35-44,F,Universitaria,0,270,synthetic_interaction_user_270@example.com,synthetic-interaction-uid-270,1,0,0,0,0,0,0,0.4,0.18
synthetic_scenario,interaction,42,19,launched,email,,4,Personalización,Actualización para usted,Plantilla con personalización,0,0,0,1,4,45-54,M,Posgrado,0,271,synthetic_interaction_user_271@example.com,synthetic-interaction-uid-271,1,0,0,0,0,0,0,0.4,0.18
synthetic_scenario,interaction,42,19,launched,email,,4,Personalización,Actualización para usted,Plantilla con personalización,0,0,0,1,4,45-54,M,Posgrado,0,272,synthetic_interaction_user_272@example.com,synthetic-interaction-uid-272,1,1,0,0,1,0,0,0.4,0.18
synthetic_scenario,interaction,42,19,launched,email,,4,Personalización,Actualización para usted,Plantilla con personalización,0,0,0,1,4,45-54,M,Posgrado,0,273,synthetic_interaction_user_273@example.com,synthetic-interaction-uid-273,1,0,0,0,0,0,0,0.4,0.18
synthetic_scenario,interaction,42,19,launched,email,,4,Personalización,Actualización para usted,Plantilla con personalización,0,0,0,1,4,45-54,M,Posgrado,0,274,synthetic_interaction_user_274@example.com,synthetic-interaction-uid-274,1,1,0,0,1,0,0,0.4,0.18
synthetic_scenario,interaction,42,19,launched,email,,4,Personalización,Actualización para usted,Plantilla con personalización,0,0,0,1,4,45-54,M,Posgrado,0,275,synthetic_interaction_user_275@example.com,synthetic-interaction-uid-275,1,1,0,0,1,0,0,0.4,0.18
synthetic_scenario,interaction,42,19,launched,email,,4,Personalización,Actualización para usted,Plantilla con personalización,0,0,0,1,4,45-54,M,Posgrado,0,276,synthetic_interaction_user_276@example.com,synthetic-interaction-uid-276,1,1,0,0,1,0,0,0.4,0.18
synthetic_scenario,interaction,42,19,launched,email,,4,Personalización,Actualización para usted,Plantilla con personalización,0,0,0,1,4,45-54,M,Posgrado,0,277,synthetic_interaction_user_277@example.com,synthetic-interaction-uid-277,1,0,0,0,0,0,0,0.4,0.18
synthetic_scenario,interaction,42,19,launched,email,,4,Personalización,Actualización para usted,Plantilla con personalización,0,0,0,1,4,45-54,M,Posgrado,0,278,synthetic_interaction_user_278@example.com,synthetic-interaction-uid-278,1,0,0,0,0,0,0,0.4,0.18
synthetic_scenario,interaction,42,19,launched,email,,4,Personalización,Actualización para usted,Plantilla con personalización,0,0,0,1,4,45-54,M,Posgrado,0,279,synthetic_interaction_user_279@example.com,synthetic-interaction-uid-279,1,0,0,0,0,0,0,0.4,0.18
synthetic_scenario,interaction,42,19,launched,email,,4,Personalización,Actualización para usted,Plantilla con personalización,0,0,0,1,4,45-54,M,Posgrado,0,280,synthetic_interaction_user_280@example.com,synthetic-interaction-uid-280,1,0,0,0,0,0,0,0.4,0.18
synthetic_scenario,interaction,42,19,launched,email,,4,Personalización,Actualización para usted,Plantilla con personalización,0,0,0,1,4,45-54,M,Posgrado,0,281,synthetic_interaction_user_281@example.com,synthetic-interaction-uid-281,1,1,1,0,1,1,0,0.4,0.18
synthetic_scenario,interaction,42,19,launched,email,,4,Personalización,Actualización para usted,Plantilla con personalización,0,0,0,1,4,45-54,M,Posgrado,0,282,synthetic_interaction_user_282@example.com,synthetic-interaction-uid-282,1,0,0,0,0,0,0,0.4,0.18
synthetic_scenario,interaction,42,19,launched,email,,4,Personalización,Actualización para usted,Plantilla con personalización,0,0,0,1,4,45-54,M,Posgrado,0,283,synthetic_interaction_user_283@example.com,synthetic-interaction-uid-283,1,1,0,0,1,0,0,0.4,0.18
synthetic_scenario,interaction,42,19,launched,email,,4,Personalización,Actualización para usted,Plantilla con personalización,0,0,0,1,4,45-54,M,Posgrado,0,284,synthetic_interaction_user_284@example.com,synthetic-interaction-uid-284,1,0,0,0,0,0,0,0.4,0.18
synthetic_scenario,interaction,42,19,launched,email,,4,Personalización,Actualización para usted,Plantilla con personalización,0,0,0,1,4,45-54,M,Posgrado,0,285,synthetic_interaction_user_285@example.com,synthetic-interaction-uid-285,1,0,0,0,0,0,0,0.4,0.18
synthetic_scenario,interaction,42,20,launched,email,,4,Personalización,Actualización para usted,Plantilla con personalización,0,0,0,1,5,55+,F,Universitaria,0,286,synthetic_interaction_user_286@example.com,synthetic-interaction-uid-286,1,1,0,0,1,0,0,0.4,0.18
synthetic_scenario,interaction,42,20,launched,email,,4,Personalización,Actualización para usted,Plantilla con personalización,0,0,0,1,5,55+,F,Universitaria,0,287,synthetic_interaction_user_287@example.com,synthetic-interaction-uid-287,1,0,0,0,0,0,0,0.4,0.18
synthetic_scenario,interaction,42,20,launched,email,,4,Personalización,Actualización para usted,Plantilla con personalización,0,0,0,1,5,55+,F,Universitaria,0,288,synthetic_interaction_user_288@example.com,synthetic-interaction-uid-288,1,0,0,0,0,0,0,0.4,0.18
synthetic_scenario,interaction,42,20,launched,email,,4,Personalización,Actualización para usted,Plantilla con personalización,0,0,0,1,5,55+,F,Universitaria,0,289,synthetic_interaction_user_289@example.com,synthetic-interaction-uid-289,1,1,1,0,1,1,0,0.4,0.18
synthetic_scenario,interaction,42,20,launched,email,,4,Personalización,Actualización para usted,Plantilla con personalización,0,0,0,1,5,55+,F,Universitaria,0,290,synthetic_interaction_user_290@example.com,synthetic-interaction-uid-290,1,0,0,0,0,0,0,0.4,0.18
synthetic_scenario,interaction,42,20,launched,email,,4,Personalización,Actualización para usted,Plantilla con personalización,0,0,0,1,5,55+,F,Universitaria,0,291,synthetic_interaction_user_291@example.com,synthetic-interaction-uid-291,1,0,0,0,0,0,0,0.4,0.18
synthetic_scenario,interaction,42,20,launched,email,,4,Personalización,Actualización para usted,Plantilla con personalización,0,0,0,1,5,55+,F,Universitaria,0,292,synthetic_interaction_user_292@example.com,synthetic-interaction-uid-292,1,0,0,0,0,0,0,0.4,0.18
synthetic_scenario,interaction,42,20,launched,email,,4,Personalización,Actualización para usted,Plantilla con personalización,0,0,0,1,5,55+,F,Universitaria,0,293,synthetic_interaction_user_293@example.com,synthetic-interaction-uid-293,1,0,0,0,0,0,0,0.4,0.18
synthetic_scenario,interaction,42,20,launched,email,,4,Personalización,Actualización para usted,Plantilla con personalización,0,0,0,1,5,55+,F,Universitaria,0,294,synthetic_interaction_user_294@example.com,synthetic-interaction-uid-294,1,0,0,0,0,0,0,0.4,0.18
synthetic_scenario,interaction,42,20,launched,email,,4,Personalización,Actualización para usted,Plantilla con personalización,0,0,0,1,5,55+,F,Universitaria,0,295,synthetic_interaction_user_295@example.com,synthetic-interaction-uid-295,1,1,0,0,1,0,0,0.4,0.18
synthetic_scenario,interaction,42,20,launched,email,,4,Personalización,Actualización para usted,Plantilla con personalización,0,0,0,1,5,55+,F,Universitaria,0,296,synthetic_interaction_user_296@example.com,synthetic-interaction-uid-296,1,1,0,0,1,0,0,0.4,0.18
synthetic_scenario,interaction,42,20,launched,email,,4,Personalización,Actualización para usted,Plantilla con personalización,0,0,0,1,5,55+,F,Universitaria,0,297,synthetic_interaction_user_297@example.com,synthetic-interaction-uid-297,1,0,0,0,0,0,0,0.4,0.18
synthetic_scenario,interaction,42,20,launched,email,,4,Personalización,Actualización para usted,Plantilla con personalización,0,0,0,1,5,55+,F,Universitaria,0,298,synthetic_interaction_user_298@example.com,synthetic-interaction-uid-298,1,0,0,0,0,0,0,0.4,0.18
synthetic_scenario,interaction,42,20,launched,email,,4,Personalización,Actualización para usted,Plantilla con personalización,0,0,0,1,5,55+,F,Universitaria,0,299,synthetic_interaction_user_299@example.com,synthetic-interaction-uid-299,1,0,0,0,0,0,0,0.4,0.18
synthetic_scenario,interaction,42,20,launched,email,,4,Personalización,Actualización para usted,Plantilla con personalización,0,0,0,1,5,55+,F,Universitaria,0,300,synthetic_interaction_user_300@example.com,synthetic-interaction-uid-300,1,0,0,0,0,0,0,0.4,0.18
synthetic_scenario,interaction,42,21,launched,email,,5,Urgencia + Autoridad,Aviso urgente institucional,Plantilla combinada,1,1,0,0,1,18-24,F,Secundaria,1,301,synthetic_interaction_user_301@example.com,synthetic-interaction-uid-301,1,0,0,0,0,0,0,0.3,0.18
synthetic_scenario,interaction,42,21,launched,email,,5,Urgencia + Autoridad,Aviso urgente institucional,Plantilla combinada,1,1,0,0,1,18-24,F,Secundaria,1,302,synthetic_interaction_user_302@example.com,synthetic-interaction-uid-302,1,1,0,0,1,0,0,0.3,0.18
synthetic_scenario,interaction,42,21,launched,email,,5,Urgencia + Autoridad,Aviso urgente institucional,Plantilla combinada,1,1,0,0,1,18-24,F,Secundaria,1,303,synthetic_interaction_user_303@example.com,synthetic-interaction-uid-303,1,0,0,0,0,0,0,0.3,0.18
synthetic_scenario,interaction,42,21,launched,email,,5,Urgencia + Autoridad,Aviso urgente institucional,Plantilla combinada,1,1,0,0,1,18-24,F,Secundaria,1,304,synthetic_interaction_user_304@example.com,synthetic-interaction-uid-304,1,0,0,0,0,0,0,0.3,0.18
synthetic_scenario,interaction,42,21,launched,email,,5,Urgencia + Autoridad,Aviso urgente institucional,Plantilla combinada,1,1,0,0,1,18-24,F,Secundaria,1,305,synthetic_interaction_user_305@example.com,synthetic-interaction-uid-305,1,1,1,0,1,1,0,0.3,0.18
synthetic_scenario,interaction,42,21,launched,email,,5,Urgencia + Autoridad,Aviso urgente institucional,Plantilla combinada,1,1,0,0,1,18-24,F,Secundaria,1,306,synthetic_interaction_user_306@example.com,synthetic-interaction-uid-306,1,0,0,0,0,0,0,0.3,0.18
synthetic_scenario,interaction,42,21,launched,email,,5,Urgencia + Autoridad,Aviso urgente institucional,Plantilla combinada,1,1,0,0,1,18-24,F,Secundaria,1,307,synthetic_interaction_user_307@example.com,synthetic-interaction-uid-307,1,0,0,0,0,0,0,0.3,0.18
synthetic_scenario,interaction,42,21,launched,email,,5,Urgencia + Autoridad,Aviso urgente institucional,Plantilla combinada,1,1,0,0,1,18-24,F,Secundaria,1,308,synthetic_interaction_user_308@example.com,synthetic-interaction-uid-308,1,0,0,0,0,0,0,0.3,0.18
synthetic_scenario,interaction,42,21,launched,email,,5,Urgencia + Autoridad,Aviso urgente institucional,Plantilla combinada,1,1,0,0,1,18-24,F,Secundaria,1,309,synthetic_interaction_user_309@example.com,synthetic-interaction-uid-309,1,0,0,0,0,0,0,0.3,0.18
synthetic_scenario,interaction,42,21,launched,email,,5,Urgencia + Autoridad,Aviso urgente institucional,Plantilla combinada,1,1,0,0,1,18-24,F,Secundaria,1,310,synthetic_interaction_user_310@example.com,synthetic-interaction-uid-310,1,0,0,0,0,0,0,0.3,0.18
synthetic_scenario,interaction,42,21,launched,email,,5,Urgencia + Autoridad,Aviso urgente institucional,Plantilla combinada,1,1,0,0,1,18-24,F,Secundaria,1,311,synthetic_interaction_user_311@example.com,synthetic-interaction-uid-311,1,0,0,0,0,0,0,0.3,0.18
synthetic_scenario,interaction,42,21,launched,email,,5,Urgencia + Autoridad,Aviso urgente institucional,Plantilla combinada,1,1,0,0,1,18-24,F,Secundaria,1,312,synthetic_interaction_user_312@example.com,synthetic-interaction-uid-312,1,1,0,0,1,0,0,0.3,0.18
synthetic_scenario,interaction,42,21,launched,email,,5,Urgencia + Autoridad,Aviso urgente institucional,Plantilla combinada,1,1,0,0,1,18-24,F,Secundaria,1,313,synthetic_interaction_user_313@example.com,synthetic-interaction-uid-313,1,1,0,0,1,0,0,0.3,0.18
synthetic_scenario,interaction,42,21,launched,email,,5,Urgencia + Autoridad,Aviso urgente institucional,Plantilla combinada,1,1,0,0,1,18-24,F,Secundaria,1,314,synthetic_interaction_user_314@example.com,synthetic-interaction-uid-314,1,0,0,0,0,0,0,0.3,0.18
synthetic_scenario,interaction,42,21,launched,email,,5,Urgencia + Autoridad,Aviso urgente institucional,Plantilla combinada,1,1,0,0,1,18-24,F,Secundaria,1,315,synthetic_interaction_user_315@example.com,synthetic-interaction-uid-315,1,0,0,0,0,0,0,0.3,0.18
synthetic_scenario,interaction,42,22,launched,email,,5,Urgencia + Autoridad,Aviso urgente institucional,Plantilla combinada,1,1,0,0,2,25-34,M,Tecnica,0,316,synthetic_interaction_user_316@example.com,synthetic-interaction-uid-316,1,1,0,0,1,0,0,0.25,0.18
synthetic_scenario,interaction,42,22,launched,email,,5,Urgencia + Autoridad,Aviso urgente institucional,Plantilla combinada,1,1,0,0,2,25-34,M,Tecnica,0,317,synthetic_interaction_user_317@example.com,synthetic-interaction-uid-317,1,0,0,0,0,0,0,0.25,0.18
synthetic_scenario,interaction,42,22,launched,email,,5,Urgencia + Autoridad,Aviso urgente institucional,Plantilla combinada,1,1,0,0,2,25-34,M,Tecnica,0,318,synthetic_interaction_user_318@example.com,synthetic-interaction-uid-318,1,1,0,0,1,0,0,0.25,0.18
synthetic_scenario,interaction,42,22,launched,email,,5,Urgencia + Autoridad,Aviso urgente institucional,Plantilla combinada,1,1,0,0,2,25-34,M,Tecnica,0,319,synthetic_interaction_user_319@example.com,synthetic-interaction-uid-319,1,0,0,0,0,0,0,0.25,0.18
synthetic_scenario,interaction,42,22,launched,email,,5,Urgencia + Autoridad,Aviso urgente institucional,Plantilla combinada,1,1,0,0,2,25-34,M,Tecnica,0,320,synthetic_interaction_user_320@example.com,synthetic-interaction-uid-320,1,1,0,0,1,0,0,0.25,0.18
synthetic_scenario,interaction,42,22,launched,email,,5,Urgencia + Autoridad,Aviso urgente institucional,Plantilla combinada,1,1,0,0,2,25-34,M,Tecnica,0,321,synthetic_interaction_user_321@example.com,synthetic-interaction-uid-321,1,1,0,0,1,0,0,0.25,0.18
synthetic_scenario,interaction,42,22,launched,email,,5,Urgencia + Autoridad,Aviso urgente institucional,Plantilla combinada,1,1,0,0,2,25-34,M,Tecnica,0,322,synthetic_interaction_user_322@example.com,synthetic-interaction-uid-322,1,0,0,0,0,0,0,0.25,0.18
synthetic_scenario,interaction,42,22,launched,email,,5,Urgencia + Autoridad,Aviso urgente institucional,Plantilla combinada,1,1,0,0,2,25-34,M,Tecnica,0,323,synthetic_interaction_user_323@example.com,synthetic-interaction-uid-323,1,1,0,0,1,0,0,0.25,0.18
synthetic_scenario,interaction,42,22,launched,email,,5,Urgencia + Autoridad,Aviso urgente institucional,Plantilla combinada,1,1,0,0,2,25-34,M,Tecnica,0,324,synthetic_interaction_user_324@example.com,synthetic-interaction-uid-324,1,1,0,0,1,0,0,0.25,0.18
synthetic_scenario,interaction,42,22,launched,email,,5,Urgencia + Autoridad,Aviso urgente institucional,Plantilla combinada,1,1,0,0,2,25-34,M,Tecnica,0,325,synthetic_interaction_user_325@example.com,synthetic-interaction-uid-325,1,0,0,0,0,0,0,0.25,0.18
synthetic_scenario,interaction,42,22,launched,email,,5,Urgencia + Autoridad,Aviso urgente institucional,Plantilla combinada,1,1,0,0,2,25-34,M,Tecnica,0,326,synthetic_interaction_user_326@example.com,synthetic-interaction-uid-326,1,1,0,0,1,0,0,0.25,0.18
synthetic_scenario,interaction,42,22,launched,email,,5,Urgencia + Autoridad,Aviso urgente institucional,Plantilla combinada,1,1,0,0,2,25-34,M,Tecnica,0,327,synthetic_interaction_user_327@example.com,synthetic-interaction-uid-327,1,0,0,0,0,0,0,0.25,0.18
synthetic_scenario,interaction,42,22,launched,email,,5,Urgencia + Autoridad,Aviso urgente institucional,Plantilla combinada,1,1,0,0,2,25-34,M,Tecnica,0,328,synthetic_interaction_user_328@example.com,synthetic-interaction-uid-328,1,0,0,0,0,0,0,0.25,0.18
synthetic_scenario,interaction,42,22,launched,email,,5,Urgencia + Autoridad,Aviso urgente institucional,Plantilla combinada,1,1,0,0,2,25-34,M,Tecnica,0,329,synthetic_interaction_user_329@example.com,synthetic-interaction-uid-329,1,0,0,0,0,0,0,0.25,0.18
synthetic_scenario,interaction,42,22,launched,email,,5,Urgencia + Autoridad,Aviso urgente institucional,Plantilla combinada,1,1,0,0,2,25-34,M,Tecnica,0,330,synthetic_interaction_user_330@example.com,synthetic-interaction-uid-330,1,0,0,0,0,0,0,0.25,0.18
synthetic_scenario,interaction,42,23,launched,email,,5,Urgencia + Autoridad,Aviso urgente institucional,Plantilla combinada,1,1,0,0,3,35-44,F,Universitaria,0,331,synthetic_interaction_user_331@example.com,synthetic-interaction-uid-331,1,0,0,0,0,0,0,0.25,0.18
synthetic_scenario,interaction,42,23,launched,email,,5,Urgencia + Autoridad,Aviso urgente institucional,Plantilla combinada,1,1,0,0,3,35-44,F,Universitaria,0,332,synthetic_interaction_user_332@example.com,synthetic-interaction-uid-332,1,0,0,0,0,0,0,0.25,0.18
synthetic_scenario,interaction,42,23,launched,email,,5,Urgencia + Autoridad,Aviso urgente institucional,Plantilla combinada,1,1,0,0,3,35-44,F,Universitaria,0,333,synthetic_interaction_user_333@example.com,synthetic-interaction-uid-333,1,0,0,0,0,0,0,0.25,0.18
synthetic_scenario,interaction,42,23,launched,email,,5,Urgencia + Autoridad,Aviso urgente institucional,Plantilla combinada,1,1,0,0,3,35-44,F,Universitaria,0,334,synthetic_interaction_user_334@example.com,synthetic-interaction-uid-334,1,0,0,0,0,0,0,0.25,0.18
synthetic_scenario,interaction,42,23,launched,email,,5,Urgencia + Autoridad,Aviso urgente institucional,Plantilla combinada,1,1,0,0,3,35-44,F,Universitaria,0,335,synthetic_interaction_user_335@example.com,synthetic-interaction-uid-335,1,0,0,0,0,0,0,0.25,0.18
synthetic_scenario,interaction,42,23,launched,email,,5,Urgencia + Autoridad,Aviso urgente institucional,Plantilla combinada,1,1,0,0,3,35-44,F,Universitaria,0,336,synthetic_interaction_user_336@example.com,synthetic-interaction-uid-336,1,0,0,0,0,0,0,0.25,0.18
synthetic_scenario,interaction,42,23,launched,email,,5,Urgencia + Autoridad,Aviso urgente institucional,Plantilla combinada,1,1,0,0,3,35-44,F,Universitaria,0,337,synthetic_interaction_user_337@example.com,synthetic-interaction-uid-337,1,0,0,0,0,0,0,0.25,0.18
synthetic_scenario,interaction,42,23,launched,email,,5,Urgencia + Autoridad,Aviso urgente institucional,Plantilla combinada,1,1,0,0,3,35-44,F,Universitaria,0,338,synthetic_interaction_user_338@example.com,synthetic-interaction-uid-338,1,0,0,0,0,0,0,0.25,0.18
synthetic_scenario,interaction,42,23,launched,email,,5,Urgencia + Autoridad,Aviso urgente institucional,Plantilla combinada,1,1,0,0,3,35-44,F,Universitaria,0,339,synthetic_interaction_user_339@example.com,synthetic-interaction-uid-339,1,0,0,0,0,0,0,0.25,0.18
synthetic_scenario,interaction,42,23,launched,email,,5,Urgencia + Autoridad,Aviso urgente institucional,Plantilla combinada,1,1,0,0,3,35-44,F,Universitaria,0,340,synthetic_interaction_user_340@example.com,synthetic-interaction-uid-340,1,0,0,0,0,0,0,0.25,0.18
synthetic_scenario,interaction,42,23,launched,email,,5,Urgencia + Autoridad,Aviso urgente institucional,Plantilla combinada,1,1,0,0,3,35-44,F,Universitaria,0,341,synthetic_interaction_user_341@example.com,synthetic-interaction-uid-341,1,0,0,0,0,0,0,0.25,0.18
synthetic_scenario,interaction,42,23,launched,email,,5,Urgencia + Autoridad,Aviso urgente institucional,Plantilla combinada,1,1,0,0,3,35-44,F,Universitaria,0,342,synthetic_interaction_user_342@example.com,synthetic-interaction-uid-342,1,0,0,0,0,0,0,0.25,0.18
synthetic_scenario,interaction,42,23,launched,email,,5,Urgencia + Autoridad,Aviso urgente institucional,Plantilla combinada,1,1,0,0,3,35-44,F,Universitaria,0,343,synthetic_interaction_user_343@example.com,synthetic-interaction-uid-343,1,0,0,0,0,0,0,0.25,0.18
synthetic_scenario,interaction,42,23,launched,email,,5,Urgencia + Autoridad,Aviso urgente institucional,Plantilla combinada,1,1,0,0,3,35-44,F,Universitaria,0,344,synthetic_interaction_user_344@example.com,synthetic-interaction-uid-344,1,1,0,0,1,0,0,0.25,0.18
synthetic_scenario,interaction,42,23,launched,email,,5,Urgencia + Autoridad,Aviso urgente institucional,Plantilla combinada,1,1,0,0,3,35-44,F,Universitaria,0,345,synthetic_interaction_user_345@example.com,synthetic-interaction-uid-345,1,0,0,0,0,0,0,0.25,0.18
synthetic_scenario,interaction,42,24,launched,email,,5,Urgencia + Autoridad,Aviso urgente institucional,Plantilla combinada,1,1,0,0,4,45-54,M,Posgrado,0,346,synthetic_interaction_user_346@example.com,synthetic-interaction-uid-346,1,0,0,0,0,0,0,0.25,0.18
synthetic_scenario,interaction,42,24,launched,email,,5,Urgencia + Autoridad,Aviso urgente institucional,Plantilla combinada,1,1,0,0,4,45-54,M,Posgrado,0,347,synthetic_interaction_user_347@example.com,synthetic-interaction-uid-347,1,0,0,0,0,0,0,0.25,0.18
synthetic_scenario,interaction,42,24,launched,email,,5,Urgencia + Autoridad,Aviso urgente institucional,Plantilla combinada,1,1,0,0,4,45-54,M,Posgrado,0,348,synthetic_interaction_user_348@example.com,synthetic-interaction-uid-348,1,0,0,0,0,0,0,0.25,0.18
synthetic_scenario,interaction,42,24,launched,email,,5,Urgencia + Autoridad,Aviso urgente institucional,Plantilla combinada,1,1,0,0,4,45-54,M,Posgrado,0,349,synthetic_interaction_user_349@example.com,synthetic-interaction-uid-349,1,1,0,0,1,0,0,0.25,0.18
synthetic_scenario,interaction,42,24,launched,email,,5,Urgencia + Autoridad,Aviso urgente institucional,Plantilla combinada,1,1,0,0,4,45-54,M,Posgrado,0,350,synthetic_interaction_user_350@example.com,synthetic-interaction-uid-350,1,0,0,0,0,0,0,0.25,0.18
synthetic_scenario,interaction,42,24,launched,email,,5,Urgencia + Autoridad,Aviso urgente institucional,Plantilla combinada,1,1,0,0,4,45-54,M,Posgrado,0,351,synthetic_interaction_user_351@example.com,synthetic-interaction-uid-351,1,0,0,0,0,0,0,0.25,0.18
synthetic_scenario,interaction,42,24,launched,email,,5,Urgencia + Autoridad,Aviso urgente institucional,Plantilla combinada,1,1,0,0,4,45-54,M,Posgrado,0,352,synthetic_interaction_user_352@example.com,synthetic-interaction-uid-352,1,0,0,0,0,0,0,0.25,0.18
synthetic_scenario,interaction,42,24,launched,email,,5,Urgencia + Autoridad,Aviso urgente institucional,Plantilla combinada,1,1,0,0,4,45-54,M,Posgrado,0,353,synthetic_interaction_user_353@example.com,synthetic-interaction-uid-353,1,1,0,0,1,0,0,0.25,0.18
synthetic_scenario,interaction,42,24,launched,email,,5,Urgencia + Autoridad,Aviso urgente institucional,Plantilla combinada,1,1,0,0,4,45-54,M,Posgrado,0,354,synthetic_interaction_user_354@example.com,synthetic-interaction-uid-354,1,0,0,0,0,0,0,0.25,0.18
synthetic_scenario,interaction,42,24,launched,email,,5,Urgencia + Autoridad,Aviso urgente institucional,Plantilla combinada,1,1,0,0,4,45-54,M,Posgrado,0,355,synthetic_interaction_user_355@example.com,synthetic-interaction-uid-355,1,0,0,0,0,0,0,0.25,0.18
synthetic_scenario,interaction,42,24,launched,email,,5,Urgencia + Autoridad,Aviso urgente institucional,Plantilla combinada,1,1,0,0,4,45-54,M,Posgrado,0,356,synthetic_interaction_user_356@example.com,synthetic-interaction-uid-356,1,1,0,0,1,0,0,0.25,0.18
synthetic_scenario,interaction,42,24,launched,email,,5,Urgencia + Autoridad,Aviso urgente institucional,Plantilla combinada,1,1,0,0,4,45-54,M,Posgrado,0,357,synthetic_interaction_user_357@example.com,synthetic-interaction-uid-357,1,0,0,0,0,0,0,0.25,0.18
synthetic_scenario,interaction,42,24,launched,email,,5,Urgencia + Autoridad,Aviso urgente institucional,Plantilla combinada,1,1,0,0,4,45-54,M,Posgrado,0,358,synthetic_interaction_user_358@example.com,synthetic-interaction-uid-358,1,0,0,0,0,0,0,0.25,0.18
synthetic_scenario,interaction,42,24,launched,email,,5,Urgencia + Autoridad,Aviso urgente institucional,Plantilla combinada,1,1,0,0,4,45-54,M,Posgrado,0,359,synthetic_interaction_user_359@example.com,synthetic-interaction-uid-359,1,1,0,0,1,0,0,0.25,0.18
synthetic_scenario,interaction,42,24,launched,email,,5,Urgencia + Autoridad,Aviso urgente institucional,Plantilla combinada,1,1,0,0,4,45-54,M,Posgrado,0,360,synthetic_interaction_user_360@example.com,synthetic-interaction-uid-360,1,0,0,0,0,0,0,0.25,0.18
synthetic_scenario,interaction,42,25,launched,email,,5,Urgencia + Autoridad,Aviso urgente institucional,Plantilla combinada,1,1,0,0,5,55+,F,Universitaria,0,361,synthetic_interaction_user_361@example.com,synthetic-interaction-uid-361,1,0,0,0,0,0,0,0.25,0.18
synthetic_scenario,interaction,42,25,launched,email,,5,Urgencia + Autoridad,Aviso urgente institucional,Plantilla combinada,1,1,0,0,5,55+,F,Universitaria,0,362,synthetic_interaction_user_362@example.com,synthetic-interaction-uid-362,1,0,0,0,0,0,0,0.25,0.18
synthetic_scenario,interaction,42,25,launched,email,,5,Urgencia + Autoridad,Aviso urgente institucional,Plantilla combinada,1,1,0,0,5,55+,F,Universitaria,0,363,synthetic_interaction_user_363@example.com,synthetic-interaction-uid-363,1,0,0,0,0,0,0,0.25,0.18
synthetic_scenario,interaction,42,25,launched,email,,5,Urgencia + Autoridad,Aviso urgente institucional,Plantilla combinada,1,1,0,0,5,55+,F,Universitaria,0,364,synthetic_interaction_user_364@example.com,synthetic-interaction-uid-364,1,0,0,0,0,0,0,0.25,0.18
synthetic_scenario,interaction,42,25,launched,email,,5,Urgencia + Autoridad,Aviso urgente institucional,Plantilla combinada,1,1,0,0,5,55+,F,Universitaria,0,365,synthetic_interaction_user_365@example.com,synthetic-interaction-uid-365,1,0,0,0,0,0,0,0.25,0.18
synthetic_scenario,interaction,42,25,launched,email,,5,Urgencia + Autoridad,Aviso urgente institucional,Plantilla combinada,1,1,0,0,5,55+,F,Universitaria,0,366,synthetic_interaction_user_366@example.com,synthetic-interaction-uid-366,1,1,0,0,1,0,0,0.25,0.18
synthetic_scenario,interaction,42,25,launched,email,,5,Urgencia + Autoridad,Aviso urgente institucional,Plantilla combinada,1,1,0,0,5,55+,F,Universitaria,0,367,synthetic_interaction_user_367@example.com,synthetic-interaction-uid-367,1,0,0,0,0,0,0,0.25,0.18
synthetic_scenario,interaction,42,25,launched,email,,5,Urgencia + Autoridad,Aviso urgente institucional,Plantilla combinada,1,1,0,0,5,55+,F,Universitaria,0,368,synthetic_interaction_user_368@example.com,synthetic-interaction-uid-368,1,0,0,0,0,0,0,0.25,0.18
synthetic_scenario,interaction,42,25,launched,email,,5,Urgencia + Autoridad,Aviso urgente institucional,Plantilla combinada,1,1,0,0,5,55+,F,Universitaria,0,369,synthetic_interaction_user_369@example.com,synthetic-interaction-uid-369,1,0,0,0,0,0,0,0.25,0.18
synthetic_scenario,interaction,42,25,launched,email,,5,Urgencia + Autoridad,Aviso urgente institucional,Plantilla combinada,1,1,0,0,5,55+,F,Universitaria,0,370,synthetic_interaction_user_370@example.com,synthetic-interaction-uid-370,1,0,0,0,0,0,0,0.25,0.18
synthetic_scenario,interaction,42,25,launched,email,,5,Urgencia + Autoridad,Aviso urgente institucional,Plantilla combinada,1,1,0,0,5,55+,F,Universitaria,0,371,synthetic_interaction_user_371@example.com,synthetic-interaction-uid-371,1,0,0,0,0,0,0,0.25,0.18
synthetic_scenario,interaction,42,25,launched,email,,5,Urgencia + Autoridad,Aviso urgente institucional,Plantilla combinada,1,1,0,0,5,55+,F,Universitaria,0,372,synthetic_interaction_user_372@example.com,synthetic-interaction-uid-372,1,0,0,0,0,0,0,0.25,0.18
synthetic_scenario,interaction,42,25,launched,email,,5,Urgencia + Autoridad,Aviso urgente institucional,Plantilla combinada,1,1,0,0,5,55+,F,Universitaria,0,373,synthetic_interaction_user_373@example.com,synthetic-interaction-uid-373,1,0,0,0,0,0,0,0.25,0.18
synthetic_scenario,interaction,42,25,launched,email,,5,Urgencia + Autoridad,Aviso urgente institucional,Plantilla combinada,1,1,0,0,5,55+,F,Universitaria,0,374,synthetic_interaction_user_374@example.com,synthetic-interaction-uid-374,1,1,0,0,1,0,0,0.25,0.18
synthetic_scenario,interaction,42,25,launched,email,,5,Urgencia + Autoridad,Aviso urgente institucional,Plantilla combinada,1,1,0,0,5,55+,F,Universitaria,0,375,synthetic_interaction_user_375@example.com,synthetic-interaction-uid-375,1,0,0,0,0,0,0,0.25,0.18
synthetic_scenario,interaction,42,26,launched,email,,6,Autoridad + Personalización,Notificación importante para usted,Plantilla combinada,0,1,0,1,1,18-24,F,Secundaria,1,376,synthetic_interaction_user_376@example.com,synthetic-interaction-uid-376,1,1,0,0,1,0,0,0.6,0.18
synthetic_scenario,interaction,42,26,launched,email,,6,Autoridad + Personalización,Notificación importante para usted,Plantilla combinada,0,1,0,1,1,18-24,F,Secundaria,1,377,synthetic_interaction_user_377@example.com,synthetic-interaction-uid-377,1,0,0,0,0,0,0,0.6,0.18
synthetic_scenario,interaction,42,26,launched,email,,6,Autoridad + Personalización,Notificación importante para usted,Plantilla combinada,0,1,0,1,1,18-24,F,Secundaria,1,378,synthetic_interaction_user_378@example.com,synthetic-interaction-uid-378,1,1,1,0,1,1,0,0.6,0.18
synthetic_scenario,interaction,42,26,launched,email,,6,Autoridad + Personalización,Notificación importante para usted,Plantilla combinada,0,1,0,1,1,18-24,F,Secundaria,1,379,synthetic_interaction_user_379@example.com,synthetic-interaction-uid-379,1,1,1,0,1,1,0,0.6,0.18
synthetic_scenario,interaction,42,26,launched,email,,6,Autoridad + Personalización,Notificación importante para usted,Plantilla combinada,0,1,0,1,1,18-24,F,Secundaria,1,380,synthetic_interaction_user_380@example.com,synthetic-interaction-uid-380,1,0,0,0,0,0,0,0.6,0.18
synthetic_scenario,interaction,42,26,launched,email,,6,Autoridad + Personalización,Notificación importante para usted,Plantilla combinada,0,1,0,1,1,18-24,F,Secundaria,1,381,synthetic_interaction_user_381@example.com,synthetic-interaction-uid-381,1,1,0,0,1,0,0,0.6,0.18
synthetic_scenario,interaction,42,26,launched,email,,6,Autoridad + Personalización,Notificación importante para usted,Plantilla combinada,0,1,0,1,1,18-24,F,Secundaria,1,382,synthetic_interaction_user_382@example.com,synthetic-interaction-uid-382,1,1,1,0,1,1,0,0.6,0.18
synthetic_scenario,interaction,42,26,launched,email,,6,Autoridad + Personalización,Notificación importante para usted,Plantilla combinada,0,1,0,1,1,18-24,F,Secundaria,1,383,synthetic_interaction_user_383@example.com,synthetic-interaction-uid-383,1,0,0,0,0,0,0,0.6,0.18
synthetic_scenario,interaction,42,26,launched,email,,6,Autoridad + Personalización,Notificación importante para usted,Plantilla combinada,0,1,0,1,1,18-24,F,Secundaria,1,384,synthetic_interaction_user_384@example.com,synthetic-interaction-uid-384,1,1,0,0,1,0,0,0.6,0.18
synthetic_scenario,interaction,42,26,launched,email,,6,Autoridad + Personalización,Notificación importante para usted,Plantilla combinada,0,1,0,1,1,18-24,F,Secundaria,1,385,synthetic_interaction_user_385@example.com,synthetic-interaction-uid-385,1,1,0,0,1,0,0,0.6,0.18
synthetic_scenario,interaction,42,26,launched,email,,6,Autoridad + Personalización,Notificación importante para usted,Plantilla combinada,0,1,0,1,1,18-24,F,Secundaria,1,386,synthetic_interaction_user_386@example.com,synthetic-interaction-uid-386,1,1,0,0,1,0,0,0.6,0.18
synthetic_scenario,interaction,42,26,launched,email,,6,Autoridad + Personalización,Notificación importante para usted,Plantilla combinada,0,1,0,1,1,18-24,F,Secundaria,1,387,synthetic_interaction_user_387@example.com,synthetic-interaction-uid-387,1,0,0,0,0,0,0,0.6,0.18
synthetic_scenario,interaction,42,26,launched,email,,6,Autoridad + Personalización,Notificación importante para usted,Plantilla combinada,0,1,0,1,1,18-24,F,Secundaria,1,388,synthetic_interaction_user_388@example.com,synthetic-interaction-uid-388,1,1,0,0,1,0,0,0.6,0.18
synthetic_scenario,interaction,42,26,launched,email,,6,Autoridad + Personalización,Notificación importante para usted,Plantilla combinada,0,1,0,1,1,18-24,F,Secundaria,1,389,synthetic_interaction_user_389@example.com,synthetic-interaction-uid-389,1,0,0,0,0,0,0,0.6,0.18
synthetic_scenario,interaction,42,26,launched,email,,6,Autoridad + Personalización,Notificación importante para usted,Plantilla combinada,0,1,0,1,1,18-24,F,Secundaria,1,390,synthetic_interaction_user_390@example.com,synthetic-interaction-uid-390,1,1,1,0,1,1,0,0.6,0.18
synthetic_scenario,interaction,42,27,launched,email,,6,Autoridad + Personalización,Notificación importante para usted,Plantilla combinada,0,1,0,1,2,25-34,M,Tecnica,0,391,synthetic_interaction_user_391@example.com,synthetic-interaction-uid-391,1,1,0,0,1,0,0,0.4,0.18
synthetic_scenario,interaction,42,27,launched,email,,6,Autoridad + Personalización,Notificación importante para usted,Plantilla combinada,0,1,0,1,2,25-34,M,Tecnica,0,392,synthetic_interaction_user_392@example.com,synthetic-interaction-uid-392,1,0,0,0,0,0,0,0.4,0.18
synthetic_scenario,interaction,42,27,launched,email,,6,Autoridad + Personalización,Notificación importante para usted,Plantilla combinada,0,1,0,1,2,25-34,M,Tecnica,0,393,synthetic_interaction_user_393@example.com,synthetic-interaction-uid-393,1,1,0,0,1,0,0,0.4,0.18
synthetic_scenario,interaction,42,27,launched,email,,6,Autoridad + Personalización,Notificación importante para usted,Plantilla combinada,0,1,0,1,2,25-34,M,Tecnica,0,394,synthetic_interaction_user_394@example.com,synthetic-interaction-uid-394,1,0,0,0,0,0,0,0.4,0.18
synthetic_scenario,interaction,42,27,launched,email,,6,Autoridad + Personalización,Notificación importante para usted,Plantilla combinada,0,1,0,1,2,25-34,M,Tecnica,0,395,synthetic_interaction_user_395@example.com,synthetic-interaction-uid-395,1,0,0,0,0,0,0,0.4,0.18
synthetic_scenario,interaction,42,27,launched,email,,6,Autoridad + Personalización,Notificación importante para usted,Plantilla combinada,0,1,0,1,2,25-34,M,Tecnica,0,396,synthetic_interaction_user_396@example.com,synthetic-interaction-uid-396,1,0,0,0,0,0,0,0.4,0.18
synthetic_scenario,interaction,42,27,launched,email,,6,Autoridad + Personalización,Notificación importante para usted,Plantilla combinada,0,1,0,1,2,25-34,M,Tecnica,0,397,synthetic_interaction_user_397@example.com,synthetic-interaction-uid-397,1,0,0,0,0,0,0,0.4,0.18
synthetic_scenario,interaction,42,27,launched,email,,6,Autoridad + Personalización,Notificación importante para usted,Plantilla combinada,0,1,0,1,2,25-34,M,Tecnica,0,398,synthetic_interaction_user_398@example.com,synthetic-interaction-uid-398,1,1,1,0,1,1,0,0.4,0.18
synthetic_scenario,interaction,42,27,launched,email,,6,Autoridad + Personalización,Notificación importante para usted,Plantilla combinada,0,1,0,1,2,25-34,M,Tecnica,0,399,synthetic_interaction_user_399@example.com,synthetic-interaction-uid-399,1,1,1,0,1,1,0,0.4,0.18
synthetic_scenario,interaction,42,27,launched,email,,6,Autoridad + Personalización,Notificación importante para usted,Plantilla combinada,0,1,0,1,2,25-34,M,Tecnica,0,400,synthetic_interaction_user_400@example.com,synthetic-interaction-uid-400,1,0,0,0,0,0,0,0.4,0.18
synthetic_scenario,interaction,42,27,launched,email,,6,Autoridad + Personalización,Notificación importante para usted,Plantilla combinada,0,1,0,1,2,25-34,M,Tecnica,0,401,synthetic_interaction_user_401@example.com,synthetic-interaction-uid-401,1,0,0,0,0,0,0,0.4,0.18
synthetic_scenario,interaction,42,27,launched,email,,6,Autoridad + Personalización,Notificación importante para usted,Plantilla combinada,0,1,0,1,2,25-34,M,Tecnica,0,402,synthetic_interaction_user_402@example.com,synthetic-interaction-uid-402,1,1,0,0,1,0,0,0.4,0.18
synthetic_scenario,interaction,42,27,launched,email,,6,Autoridad + Personalización,Notificación importante para usted,Plantilla combinada,0,1,0,1,2,25-34,M,Tecnica,0,403,synthetic_interaction_user_403@example.com,synthetic-interaction-uid-403,1,0,0,0,0,0,0,0.4,0.18
synthetic_scenario,interaction,42,27,launched,email,,6,Autoridad + Personalización,Notificación importante para usted,Plantilla combinada,0,1,0,1,2,25-34,M,Tecnica,0,404,synthetic_interaction_user_404@example.com,synthetic-interaction-uid-404,1,1,0,0,1,0,0,0.4,0.18
synthetic_scenario,interaction,42,27,launched,email,,6,Autoridad + Personalización,Notificación importante para usted,Plantilla combinada,0,1,0,1,2,25-34,M,Tecnica,0,405,synthetic_interaction_user_405@example.com,synthetic-interaction-uid-405,1,0,0,0,0,0,0,0.4,0.18
synthetic_scenario,interaction,42,28,launched,email,,6,Autoridad + Personalización,Notificación importante para usted,Plantilla combinada,0,1,0,1,3,35-44,F,Universitaria,0,406,synthetic_interaction_user_406@example.com,synthetic-interaction-uid-406,1,1,0,0,1,0,0,0.4,0.18
synthetic_scenario,interaction,42,28,launched,email,,6,Autoridad + Personalización,Notificación importante para usted,Plantilla combinada,0,1,0,1,3,35-44,F,Universitaria,0,407,synthetic_interaction_user_407@example.com,synthetic-interaction-uid-407,1,0,0,0,0,0,0,0.4,0.18
synthetic_scenario,interaction,42,28,launched,email,,6,Autoridad + Personalización,Notificación importante para usted,Plantilla combinada,0,1,0,1,3,35-44,F,Universitaria,0,408,synthetic_interaction_user_408@example.com,synthetic-interaction-uid-408,1,1,1,0,1,1,0,0.4,0.18
synthetic_scenario,interaction,42,28,launched,email,,6,Autoridad + Personalización,Notificación importante para usted,Plantilla combinada,0,1,0,1,3,35-44,F,Universitaria,0,409,synthetic_interaction_user_409@example.com,synthetic-interaction-uid-409,1,1,0,0,1,0,0,0.4,0.18
synthetic_scenario,interaction,42,28,launched,email,,6,Autoridad + Personalización,Notificación importante para usted,Plantilla combinada,0,1,0,1,3,35-44,F,Universitaria,0,410,synthetic_interaction_user_410@example.com,synthetic-interaction-uid-410,1,0,0,0,0,0,0,0.4,0.18
synthetic_scenario,interaction,42,28,launched,email,,6,Autoridad + Personalización,Notificación importante para usted,Plantilla combinada,0,1,0,1,3,35-44,F,Universitaria,0,411,synthetic_interaction_user_411@example.com,synthetic-interaction-uid-411,1,1,0,0,1,0,0,0.4,0.18
synthetic_scenario,interaction,42,28,launched,email,,6,Autoridad + Personalización,Notificación importante para usted,Plantilla combinada,0,1,0,1,3,35-44,F,Universitaria,0,412,synthetic_interaction_user_412@example.com,synthetic-interaction-uid-412,1,1,0,0,1,0,0,0.4,0.18
synthetic_scenario,interaction,42,28,launched,email,,6,Autoridad + Personalización,Notificación importante para usted,Plantilla combinada,0,1,0,1,3,35-44,F,Universitaria,0,413,synthetic_interaction_user_413@example.com,synthetic-interaction-uid-413,1,0,0,0,0,0,0,0.4,0.18
synthetic_scenario,interaction,42,28,launched,email,,6,Autoridad + Personalización,Notificación importante para usted,Plantilla combinada,0,1,0,1,3,35-44,F,Universitaria,0,414,synthetic_interaction_user_414@example.com,synthetic-interaction-uid-414,1,1,0,0,1,0,0,0.4,0.18
synthetic_scenario,interaction,42,28,launched,email,,6,Autoridad + Personalización,Notificación importante para usted,Plantilla combinada,0,1,0,1,3,35-44,F,Universitaria,0,415,synthetic_interaction_user_415@example.com,synthetic-interaction-uid-415,1,0,0,0,0,0,0,0.4,0.18
synthetic_scenario,interaction,42,28,launched,email,,6,Autoridad + Personalización,Notificación importante para usted,Plantilla combinada,0,1,0,1,3,35-44,F,Universitaria,0,416,synthetic_interaction_user_416@example.com,synthetic-interaction-uid-416,1,0,0,0,0,0,0,0.4,0.18
synthetic_scenario,interaction,42,28,launched,email,,6,Autoridad + Personalización,Notificación importante para usted,Plantilla combinada,0,1,0,1,3,35-44,F,Universitaria,0,417,synthetic_interaction_user_417@example.com,synthetic-interaction-uid-417,1,1,0,0,1,0,0,0.4,0.18
synthetic_scenario,interaction,42,28,launched,email,,6,Autoridad + Personalización,Notificación importante para usted,Plantilla combinada,0,1,0,1,3,35-44,F,Universitaria,0,418,synthetic_interaction_user_418@example.com,synthetic-interaction-uid-418,1,0,0,0,0,0,0,0.4,0.18
synthetic_scenario,interaction,42,28,launched,email,,6,Autoridad + Personalización,Notificación importante para usted,Plantilla combinada,0,1,0,1,3,35-44,F,Universitaria,0,419,synthetic_interaction_user_419@example.com,synthetic-interaction-uid-419,1,1,0,0,1,0,0,0.4,0.18
synthetic_scenario,interaction,42,28,launched,email,,6,Autoridad + Personalización,Notificación importante para usted,Plantilla combinada,0,1,0,1,3,35-44,F,Universitaria,0,420,synthetic_interaction_user_420@example.com,synthetic-interaction-uid-420,1,1,0,0,1,0,0,0.4,0.18
synthetic_scenario,interaction,42,29,launched,email,,6,Autoridad + Personalización,Notificación importante para usted,Plantilla combinada,0,1,0,1,4,45-54,M,Posgrado,0,421,synthetic_interaction_user_421@example.com,synthetic-interaction-uid-421,1,1,0,0,1,0,0,0.4,0.18
synthetic_scenario,interaction,42,29,launched,email,,6,Autoridad + Personalización,Notificación importante para usted,Plantilla combinada,0,1,0,1,4,45-54,M,Posgrado,0,422,synthetic_interaction_user_422@example.com,synthetic-interaction-uid-422,1,0,0,0,0,0,0,0.4,0.18
synthetic_scenario,interaction,42,29,launched,email,,6,Autoridad + Personalización,Notificación importante para usted,Plantilla combinada,0,1,0,1,4,45-54,M,Posgrado,0,423,synthetic_interaction_user_423@example.com,synthetic-interaction-uid-423,1,1,0,0,1,0,0,0.4,0.18
synthetic_scenario,interaction,42,29,launched,email,,6,Autoridad + Personalización,Notificación importante para usted,Plantilla combinada,0,1,0,1,4,45-54,M,Posgrado,0,424,synthetic_interaction_user_424@example.com,synthetic-interaction-uid-424,1,0,0,0,0,0,0,0.4,0.18
synthetic_scenario,interaction,42,29,launched,email,,6,Autoridad + Personalización,Notificación importante para usted,Plantilla combinada,0,1,0,1,4,45-54,M,Posgrado,0,425,synthetic_interaction_user_425@example.com,synthetic-interaction-uid-425,1,0,0,0,0,0,0,0.4,0.18
synthetic_scenario,interaction,42,29,launched,email,,6,Autoridad + Personalización,Notificación importante para usted,Plantilla combinada,0,1,0,1,4,45-54,M,Posgrado,0,426,synthetic_interaction_user_426@example.com,synthetic-interaction-uid-426,1,0,0,0,0,0,0,0.4,0.18
synthetic_scenario,interaction,42,29,launched,email,,6,Autoridad + Personalización,Notificación importante para usted,Plantilla combinada,0,1,0,1,4,45-54,M,Posgrado,0,427,synthetic_interaction_user_427@example.com,synthetic-interaction-uid-427,1,0,0,0,0,0,0,0.4,0.18
synthetic_scenario,interaction,42,29,launched,email,,6,Autoridad + Personalización,Notificación importante para usted,Plantilla combinada,0,1,0,1,4,45-54,M,Posgrado,0,428,synthetic_interaction_user_428@example.com,synthetic-interaction-uid-428,1,0,0,0,0,0,0,0.4,0.18
synthetic_scenario,interaction,42,29,launched,email,,6,Autoridad + Personalización,Notificación importante para usted,Plantilla combinada,0,1,0,1,4,45-54,M,Posgrado,0,429,synthetic_interaction_user_429@example.com,synthetic-interaction-uid-429,1,0,0,0,0,0,0,0.4,0.18
synthetic_scenario,interaction,42,29,launched,email,,6,Autoridad + Personalización,Notificación importante para usted,Plantilla combinada,0,1,0,1,4,45-54,M,Posgrado,0,430,synthetic_interaction_user_430@example.com,synthetic-interaction-uid-430,1,1,0,0,1,0,0,0.4,0.18
synthetic_scenario,interaction,42,29,launched,email,,6,Autoridad + Personalización,Notificación importante para usted,Plantilla combinada,0,1,0,1,4,45-54,M,Posgrado,0,431,synthetic_interaction_user_431@example.com,synthetic-interaction-uid-431,1,0,0,0,0,0,0,0.4,0.18
synthetic_scenario,interaction,42,29,launched,email,,6,Autoridad + Personalización,Notificación importante para usted,Plantilla combinada,0,1,0,1,4,45-54,M,Posgrado,0,432,synthetic_interaction_user_432@example.com,synthetic-interaction-uid-432,1,0,0,0,0,0,0,0.4,0.18
synthetic_scenario,interaction,42,29,launched,email,,6,Autoridad + Personalización,Notificación importante para usted,Plantilla combinada,0,1,0,1,4,45-54,M,Posgrado,0,433,synthetic_interaction_user_433@example.com,synthetic-interaction-uid-433,1,0,0,0,0,0,0,0.4,0.18
synthetic_scenario,interaction,42,29,launched,email,,6,Autoridad + Personalización,Notificación importante para usted,Plantilla combinada,0,1,0,1,4,45-54,M,Posgrado,0,434,synthetic_interaction_user_434@example.com,synthetic-interaction-uid-434,1,0,0,0,0,0,0,0.4,0.18
synthetic_scenario,interaction,42,29,launched,email,,6,Autoridad + Personalización,Notificación importante para usted,Plantilla combinada,0,1,0,1,4,45-54,M,Posgrado,0,435,synthetic_interaction_user_435@example.com,synthetic-interaction-uid-435,1,1,0,0,1,0,0,0.4,0.18
synthetic_scenario,interaction,42,30,launched,email,,6,Autoridad + Personalización,Notificación importante para usted,Plantilla combinada,0,1,0,1,5,55+,F,Universitaria,0,436,synthetic_interaction_user_436@example.com,synthetic-interaction-uid-436,1,0,0,0,0,0,0,0.4,0.18
synthetic_scenario,interaction,42,30,launched,email,,6,Autoridad + Personalización,Notificación importante para usted,Plantilla combinada,0,1,0,1,5,55+,F,Universitaria,0,437,synthetic_interaction_user_437@example.com,synthetic-interaction-uid-437,1,1,0,0,1,0,0,0.4,0.18
synthetic_scenario,interaction,42,30,launched,email,,6,Autoridad + Personalización,Notificación importante para usted,Plantilla combinada,0,1,0,1,5,55+,F,Universitaria,0,438,synthetic_interaction_user_438@example.com,synthetic-interaction-uid-438,1,1,0,0,1,0,0,0.4,0.18
synthetic_scenario,interaction,42,30,launched,email,,6,Autoridad + Personalización,Notificación importante para usted,Plantilla combinada,0,1,0,1,5,55+,F,Universitaria,0,439,synthetic_interaction_user_439@example.com,synthetic-interaction-uid-439,1,0,0,0,0,0,0,0.4,0.18
synthetic_scenario,interaction,42,30,launched,email,,6,Autoridad + Personalización,Notificación importante para usted,Plantilla combinada,0,1,0,1,5,55+,F,Universitaria,0,440,synthetic_interaction_user_440@example.com,synthetic-interaction-uid-440,1,1,1,0,1,1,0,0.4,0.18
synthetic_scenario,interaction,42,30,launched,email,,6,Autoridad + Personalización,Notificación importante para usted,Plantilla combinada,0,1,0,1,5,55+,F,Universitaria,0,441,synthetic_interaction_user_441@example.com,synthetic-interaction-uid-441,1,0,0,0,0,0,0,0.4,0.18
synthetic_scenario,interaction,42,30,launched,email,,6,Autoridad + Personalización,Notificación importante para usted,Plantilla combinada,0,1,0,1,5,55+,F,Universitaria,0,442,synthetic_interaction_user_442@example.com,synthetic-interaction-uid-442,1,1,0,0,1,0,0,0.4,0.18
synthetic_scenario,interaction,42,30,launched,email,,6,Autoridad + Personalización,Notificación importante para usted,Plantilla combinada,0,1,0,1,5,55+,F,Universitaria,0,443,synthetic_interaction_user_443@example.com,synthetic-interaction-uid-443,1,0,0,0,0,0,0,0.4,0.18
synthetic_scenario,interaction,42,30,launched,email,,6,Autoridad + Personalización,Notificación importante para usted,Plantilla combinada,0,1,0,1,5,55+,F,Universitaria,0,444,synthetic_interaction_user_444@example.com,synthetic-interaction-uid-444,1,1,0,0,1,0,0,0.4,0.18
synthetic_scenario,interaction,42,30,launched,email,,6,Autoridad + Personalización,Notificación importante para usted,Plantilla combinada,0,1,0,1,5,55+,F,Universitaria,0,445,synthetic_interaction_user_445@example.com,synthetic-interaction-uid-445,1,0,0,0,0,0,0,0.4,0.18
synthetic_scenario,interaction,42,30,launched,email,,6,Autoridad + Personalización,Notificación importante para usted,Plantilla combinada,0,1,0,1,5,55+,F,Universitaria,0,446,synthetic_interaction_user_446@example.com,synthetic-interaction-uid-446,1,1,1,0,1,1,0,0.4,0.18
synthetic_scenario,interaction,42,30,launched,email,,6,Autoridad + Personalización,Notificación importante para usted,Plantilla combinada,0,1,0,1,5,55+,F,Universitaria,0,447,synthetic_interaction_user_447@example.com,synthetic-interaction-uid-447,1,0,0,0,0,0,0,0.4,0.18
synthetic_scenario,interaction,42,30,launched,email,,6,Autoridad + Personalización,Notificación importante para usted,Plantilla combinada,0,1,0,1,5,55+,F,Universitaria,0,448,synthetic_interaction_user_448@example.com,synthetic-interaction-uid-448,1,1,0,0,1,0,0,0.4,0.18
synthetic_scenario,interaction,42,30,launched,email,,6,Autoridad + Personalización,Notificación importante para usted,Plantilla combinada,0,1,0,1,5,55+,F,Universitaria,0,449,synthetic_interaction_user_449@example.com,synthetic-interaction-uid-449,1,0,0,0,0,0,0,0.4,0.18
synthetic_scenario,interaction,42,30,launched,email,,6,Autoridad + Personalización,Notificación importante para usted,Plantilla combinada,0,1,0,1,5,55+,F,Universitaria,0,450,synthetic_interaction_user_450@example.com,synthetic-interaction-uid-450,1,0,0,0,0,0,0,0.4,0.18
synthetic_scenario,interaction,42,31,launched,email,,7,Recompensa + Personalización,Beneficio exclusivo para usted,Plantilla combinada,0,0,1,1,1,18-24,F,Secundaria,1,451,synthetic_interaction_user_451@example.com,synthetic-interaction-uid-451,1,0,0,0,0,0,0,0.6,0.18
synthetic_scenario,interaction,42,31,launched,email,,7,Recompensa + Personalización,Beneficio exclusivo para usted,Plantilla combinada,0,0,1,1,1,18-24,F,Secundaria,1,452,synthetic_interaction_user_452@example.com,synthetic-interaction-uid-452,1,0,0,0,0,0,0,0.6,0.18
synthetic_scenario,interaction,42,31,launched,email,,7,Recompensa + Personalización,Beneficio exclusivo para usted,Plantilla combinada,0,0,1,1,1,18-24,F,Secundaria,1,453,synthetic_interaction_user_453@example.com,synthetic-interaction-uid-453,1,1,0,0,1,0,0,0.6,0.18
synthetic_scenario,interaction,42,31,launched,email,,7,Recompensa + Personalización,Beneficio exclusivo para usted,Plantilla combinada,0,0,1,1,1,18-24,F,Secundaria,1,454,synthetic_interaction_user_454@example.com,synthetic-interaction-uid-454,1,1,0,0,1,0,0,0.6,0.18
synthetic_scenario,interaction,42,31,launched,email,,7,Recompensa + Personalización,Beneficio exclusivo para usted,Plantilla combinada,0,0,1,1,1,18-24,F,Secundaria,1,455,synthetic_interaction_user_455@example.com,synthetic-interaction-uid-455,1,0,0,0,0,0,0,0.6,0.18
synthetic_scenario,interaction,42,31,launched,email,,7,Recompensa + Personalización,Beneficio exclusivo para usted,Plantilla combinada,0,0,1,1,1,18-24,F,Secundaria,1,456,synthetic_interaction_user_456@example.com,synthetic-interaction-uid-456,1,1,0,0,1,0,0,0.6,0.18
synthetic_scenario,interaction,42,31,launched,email,,7,Recompensa + Personalización,Beneficio exclusivo para usted,Plantilla combinada,0,0,1,1,1,18-24,F,Secundaria,1,457,synthetic_interaction_user_457@example.com,synthetic-interaction-uid-457,1,1,0,0,1,0,0,0.6,0.18
synthetic_scenario,interaction,42,31,launched,email,,7,Recompensa + Personalización,Beneficio exclusivo para usted,Plantilla combinada,0,0,1,1,1,18-24,F,Secundaria,1,458,synthetic_interaction_user_458@example.com,synthetic-interaction-uid-458,1,1,0,0,1,0,0,0.6,0.18
synthetic_scenario,interaction,42,31,launched,email,,7,Recompensa + Personalización,Beneficio exclusivo para usted,Plantilla combinada,0,0,1,1,1,18-24,F,Secundaria,1,459,synthetic_interaction_user_459@example.com,synthetic-interaction-uid-459,1,1,0,0,1,0,0,0.6,0.18
synthetic_scenario,interaction,42,31,launched,email,,7,Recompensa + Personalización,Beneficio exclusivo para usted,Plantilla combinada,0,0,1,1,1,18-24,F,Secundaria,1,460,synthetic_interaction_user_460@example.com,synthetic-interaction-uid-460,1,1,0,0,1,0,0,0.6,0.18
synthetic_scenario,interaction,42,31,launched,email,,7,Recompensa + Personalización,Beneficio exclusivo para usted,Plantilla combinada,0,0,1,1,1,18-24,F,Secundaria,1,461,synthetic_interaction_user_461@example.com,synthetic-interaction-uid-461,1,1,0,0,1,0,0,0.6,0.18
synthetic_scenario,interaction,42,31,launched,email,,7,Recompensa + Personalización,Beneficio exclusivo para usted,Plantilla combinada,0,0,1,1,1,18-24,F,Secundaria,1,462,synthetic_interaction_user_462@example.com,synthetic-interaction-uid-462,1,1,0,0,1,0,0,0.6,0.18
synthetic_scenario,interaction,42,31,launched,email,,7,Recompensa + Personalización,Beneficio exclusivo para usted,Plantilla combinada,0,0,1,1,1,18-24,F,Secundaria,1,463,synthetic_interaction_user_463@example.com,synthetic-interaction-uid-463,1,0,0,0,0,0,0,0.6,0.18
synthetic_scenario,interaction,42,31,launched,email,,7,Recompensa + Personalización,Beneficio exclusivo para usted,Plantilla combinada,0,0,1,1,1,18-24,F,Secundaria,1,464,synthetic_interaction_user_464@example.com,synthetic-interaction-uid-464,1,1,0,0,1,0,0,0.6,0.18
synthetic_scenario,interaction,42,31,launched,email,,7,Recompensa + Personalización,Beneficio exclusivo para usted,Plantilla combinada,0,0,1,1,1,18-24,F,Secundaria,1,465,synthetic_interaction_user_465@example.com,synthetic-interaction-uid-465,1,1,0,0,1,0,0,0.6,0.18
synthetic_scenario,interaction,42,32,launched,email,,7,Recompensa + Personalización,Beneficio exclusivo para usted,Plantilla combinada,0,0,1,1,2,25-34,M,Tecnica,0,466,synthetic_interaction_user_466@example.com,synthetic-interaction-uid-466,1,0,0,0,0,0,0,0.4,0.18
synthetic_scenario,interaction,42,32,launched,email,,7,Recompensa + Personalización,Beneficio exclusivo para usted,Plantilla combinada,0,0,1,1,2,25-34,M,Tecnica,0,467,synthetic_interaction_user_467@example.com,synthetic-interaction-uid-467,1,0,0,0,0,0,0,0.4,0.18
synthetic_scenario,interaction,42,32,launched,email,,7,Recompensa + Personalización,Beneficio exclusivo para usted,Plantilla combinada,0,0,1,1,2,25-34,M,Tecnica,0,468,synthetic_interaction_user_468@example.com,synthetic-interaction-uid-468,1,1,1,0,1,1,0,0.4,0.18
synthetic_scenario,interaction,42,32,launched,email,,7,Recompensa + Personalización,Beneficio exclusivo para usted,Plantilla combinada,0,0,1,1,2,25-34,M,Tecnica,0,469,synthetic_interaction_user_469@example.com,synthetic-interaction-uid-469,1,1,0,0,1,0,0,0.4,0.18
synthetic_scenario,interaction,42,32,launched,email,,7,Recompensa + Personalización,Beneficio exclusivo para usted,Plantilla combinada,0,0,1,1,2,25-34,M,Tecnica,0,470,synthetic_interaction_user_470@example.com,synthetic-interaction-uid-470,1,1,1,0,1,1,0,0.4,0.18
synthetic_scenario,interaction,42,32,launched,email,,7,Recompensa + Personalización,Beneficio exclusivo para usted,Plantilla combinada,0,0,1,1,2,25-34,M,Tecnica,0,471,synthetic_interaction_user_471@example.com,synthetic-interaction-uid-471,1,0,0,0,0,0,0,0.4,0.18
synthetic_scenario,interaction,42,32,launched,email,,7,Recompensa + Personalización,Beneficio exclusivo para usted,Plantilla combinada,0,0,1,1,2,25-34,M,Tecnica,0,472,synthetic_interaction_user_472@example.com,synthetic-interaction-uid-472,1,1,0,0,1,0,0,0.4,0.18
synthetic_scenario,interaction,42,32,launched,email,,7,Recompensa + Personalización,Beneficio exclusivo para usted,Plantilla combinada,0,0,1,1,2,25-34,M,Tecnica,0,473,synthetic_interaction_user_473@example.com,synthetic-interaction-uid-473,1,0,0,0,0,0,0,0.4,0.18
synthetic_scenario,interaction,42,32,launched,email,,7,Recompensa + Personalización,Beneficio exclusivo para usted,Plantilla combinada,0,0,1,1,2,25-34,M,Tecnica,0,474,synthetic_interaction_user_474@example.com,synthetic-interaction-uid-474,1,0,0,0,0,0,0,0.4,0.18
synthetic_scenario,interaction,42,32,launched,email,,7,Recompensa + Personalización,Beneficio exclusivo para usted,Plantilla combinada,0,0,1,1,2,25-34,M,Tecnica,0,475,synthetic_interaction_user_475@example.com,synthetic-interaction-uid-475,1,1,0,0,1,0,0,0.4,0.18
synthetic_scenario,interaction,42,32,launched,email,,7,Recompensa + Personalización,Beneficio exclusivo para usted,Plantilla combinada,0,0,1,1,2,25-34,M,Tecnica,0,476,synthetic_interaction_user_476@example.com,synthetic-interaction-uid-476,1,0,0,0,0,0,0,0.4,0.18
synthetic_scenario,interaction,42,32,launched,email,,7,Recompensa + Personalización,Beneficio exclusivo para usted,Plantilla combinada,0,0,1,1,2,25-34,M,Tecnica,0,477,synthetic_interaction_user_477@example.com,synthetic-interaction-uid-477,1,0,0,0,0,0,0,0.4,0.18
synthetic_scenario,interaction,42,32,launched,email,,7,Recompensa + Personalización,Beneficio exclusivo para usted,Plantilla combinada,0,0,1,1,2,25-34,M,Tecnica,0,478,synthetic_interaction_user_478@example.com,synthetic-interaction-uid-478,1,0,0,0,0,0,0,0.4,0.18
synthetic_scenario,interaction,42,32,launched,email,,7,Recompensa + Personalización,Beneficio exclusivo para usted,Plantilla combinada,0,0,1,1,2,25-34,M,Tecnica,0,479,synthetic_interaction_user_479@example.com,synthetic-interaction-uid-479,1,0,0,0,0,0,0,0.4,0.18
synthetic_scenario,interaction,42,32,launched,email,,7,Recompensa + Personalización,Beneficio exclusivo para usted,Plantilla combinada,0,0,1,1,2,25-34,M,Tecnica,0,480,synthetic_interaction_user_480@example.com,synthetic-interaction-uid-480,1,0,0,0,0,0,0,0.4,0.18
synthetic_scenario,interaction,42,33,launched,email,,7,Recompensa + Personalización,Beneficio exclusivo para usted,Plantilla combinada,0,0,1,1,3,35-44,F,Universitaria,0,481,synthetic_interaction_user_481@example.com,synthetic-interaction-uid-481,1,1,1,0,1,1,0,0.4,0.18
synthetic_scenario,interaction,42,33,launched,email,,7,Recompensa + Personalización,Beneficio exclusivo para usted,Plantilla combinada,0,0,1,1,3,35-44,F,Universitaria,0,482,synthetic_interaction_user_482@example.com,synthetic-interaction-uid-482,1,0,0,0,0,0,0,0.4,0.18
synthetic_scenario,interaction,42,33,launched,email,,7,Recompensa + Personalización,Beneficio exclusivo para usted,Plantilla combinada,0,0,1,1,3,35-44,F,Universitaria,0,483,synthetic_interaction_user_483@example.com,synthetic-interaction-uid-483,1,0,0,0,0,0,0,0.4,0.18
synthetic_scenario,interaction,42,33,launched,email,,7,Recompensa + Personalización,Beneficio exclusivo para usted,Plantilla combinada,0,0,1,1,3,35-44,F,Universitaria,0,484,synthetic_interaction_user_484@example.com,synthetic-interaction-uid-484,1,0,0,0,0,0,0,0.4,0.18
synthetic_scenario,interaction,42,33,launched,email,,7,Recompensa + Personalización,Beneficio exclusivo para usted,Plantilla combinada,0,0,1,1,3,35-44,F,Universitaria,0,485,synthetic_interaction_user_485@example.com,synthetic-interaction-uid-485,1,0,0,0,0,0,0,0.4,0.18
synthetic_scenario,interaction,42,33,launched,email,,7,Recompensa + Personalización,Beneficio exclusivo para usted,Plantilla combinada,0,0,1,1,3,35-44,F,Universitaria,0,486,synthetic_interaction_user_486@example.com,synthetic-interaction-uid-486,1,1,0,0,1,0,0,0.4,0.18
synthetic_scenario,interaction,42,33,launched,email,,7,Recompensa + Personalización,Beneficio exclusivo para usted,Plantilla combinada,0,0,1,1,3,35-44,F,Universitaria,0,487,synthetic_interaction_user_487@example.com,synthetic-interaction-uid-487,1,1,1,0,1,1,0,0.4,0.18
synthetic_scenario,interaction,42,33,launched,email,,7,Recompensa + Personalización,Beneficio exclusivo para usted,Plantilla combinada,0,0,1,1,3,35-44,F,Universitaria,0,488,synthetic_interaction_user_488@example.com,synthetic-interaction-uid-488,1,0,0,0,0,0,0,0.4,0.18
synthetic_scenario,interaction,42,33,launched,email,,7,Recompensa + Personalización,Beneficio exclusivo para usted,Plantilla combinada,0,0,1,1,3,35-44,F,Universitaria,0,489,synthetic_interaction_user_489@example.com,synthetic-interaction-uid-489,1,1,0,0,1,0,0,0.4,0.18
synthetic_scenario,interaction,42,33,launched,email,,7,Recompensa + Personalización,Beneficio exclusivo para usted,Plantilla combinada,0,0,1,1,3,35-44,F,Universitaria,0,490,synthetic_interaction_user_490@example.com,synthetic-interaction-uid-490,1,1,0,0,1,0,0,0.4,0.18
synthetic_scenario,interaction,42,33,launched,email,,7,Recompensa + Personalización,Beneficio exclusivo para usted,Plantilla combinada,0,0,1,1,3,35-44,F,Universitaria,0,491,synthetic_interaction_user_491@example.com,synthetic-interaction-uid-491,1,0,0,0,0,0,0,0.4,0.18
synthetic_scenario,interaction,42,33,launched,email,,7,Recompensa + Personalización,Beneficio exclusivo para usted,Plantilla combinada,0,0,1,1,3,35-44,F,Universitaria,0,492,synthetic_interaction_user_492@example.com,synthetic-interaction-uid-492,1,0,0,0,0,0,0,0.4,0.18
synthetic_scenario,interaction,42,33,launched,email,,7,Recompensa + Personalización,Beneficio exclusivo para usted,Plantilla combinada,0,0,1,1,3,35-44,F,Universitaria,0,493,synthetic_interaction_user_493@example.com,synthetic-interaction-uid-493,1,1,0,0,1,0,0,0.4,0.18
synthetic_scenario,interaction,42,33,launched,email,,7,Recompensa + Personalización,Beneficio exclusivo para usted,Plantilla combinada,0,0,1,1,3,35-44,F,Universitaria,0,494,synthetic_interaction_user_494@example.com,synthetic-interaction-uid-494,1,0,0,0,0,0,0,0.4,0.18
synthetic_scenario,interaction,42,33,launched,email,,7,Recompensa + Personalización,Beneficio exclusivo para usted,Plantilla combinada,0,0,1,1,3,35-44,F,Universitaria,0,495,synthetic_interaction_user_495@example.com,synthetic-interaction-uid-495,1,0,0,0,0,0,0,0.4,0.18
synthetic_scenario,interaction,42,34,launched,email,,7,Recompensa + Personalización,Beneficio exclusivo para usted,Plantilla combinada,0,0,1,1,4,45-54,M,Posgrado,0,496,synthetic_interaction_user_496@example.com,synthetic-interaction-uid-496,1,0,0,0,0,0,0,0.4,0.18
synthetic_scenario,interaction,42,34,launched,email,,7,Recompensa + Personalización,Beneficio exclusivo para usted,Plantilla combinada,0,0,1,1,4,45-54,M,Posgrado,0,497,synthetic_interaction_user_497@example.com,synthetic-interaction-uid-497,1,0,0,0,0,0,0,0.4,0.18
synthetic_scenario,interaction,42,34,launched,email,,7,Recompensa + Personalización,Beneficio exclusivo para usted,Plantilla combinada,0,0,1,1,4,45-54,M,Posgrado,0,498,synthetic_interaction_user_498@example.com,synthetic-interaction-uid-498,1,1,0,0,1,0,0,0.4,0.18
synthetic_scenario,interaction,42,34,launched,email,,7,Recompensa + Personalización,Beneficio exclusivo para usted,Plantilla combinada,0,0,1,1,4,45-54,M,Posgrado,0,499,synthetic_interaction_user_499@example.com,synthetic-interaction-uid-499,1,0,0,0,0,0,0,0.4,0.18
synthetic_scenario,interaction,42,34,launched,email,,7,Recompensa + Personalización,Beneficio exclusivo para usted,Plantilla combinada,0,0,1,1,4,45-54,M,Posgrado,0,500,synthetic_interaction_user_500@example.com,synthetic-interaction-uid-500,1,0,0,0,0,0,0,0.4,0.18
synthetic_scenario,interaction,42,34,launched,email,,7,Recompensa + Personalización,Beneficio exclusivo para usted,Plantilla combinada,0,0,1,1,4,45-54,M,Posgrado,0,501,synthetic_interaction_user_501@example.com,synthetic-interaction-uid-501,1,0,0,0,0,0,0,0.4,0.18
synthetic_scenario,interaction,42,34,launched,email,,7,Recompensa + Personalización,Beneficio exclusivo para usted,Plantilla combinada,0,0,1,1,4,45-54,M,Posgrado,0,502,synthetic_interaction_user_502@example.com,synthetic-interaction-uid-502,1,1,0,0,1,0,0,0.4,0.18
synthetic_scenario,interaction,42,34,launched,email,,7,Recompensa + Personalización,Beneficio exclusivo para usted,Plantilla combinada,0,0,1,1,4,45-54,M,Posgrado,0,503,synthetic_interaction_user_503@example.com,synthetic-interaction-uid-503,1,0,0,0,0,0,0,0.4,0.18
synthetic_scenario,interaction,42,34,launched,email,,7,Recompensa + Personalización,Beneficio exclusivo para usted,Plantilla combinada,0,0,1,1,4,45-54,M,Posgrado,0,504,synthetic_interaction_user_504@example.com,synthetic-interaction-uid-504,1,1,1,0,1,1,0,0.4,0.18
synthetic_scenario,interaction,42,34,launched,email,,7,Recompensa + Personalización,Beneficio exclusivo para usted,Plantilla combinada,0,0,1,1,4,45-54,M,Posgrado,0,505,synthetic_interaction_user_505@example.com,synthetic-interaction-uid-505,1,1,1,0,1,1,0,0.4,0.18
synthetic_scenario,interaction,42,34,launched,email,,7,Recompensa + Personalización,Beneficio exclusivo para usted,Plantilla combinada,0,0,1,1,4,45-54,M,Posgrado,0,506,synthetic_interaction_user_506@example.com,synthetic-interaction-uid-506,1,0,0,0,0,0,0,0.4,0.18
synthetic_scenario,interaction,42,34,launched,email,,7,Recompensa + Personalización,Beneficio exclusivo para usted,Plantilla combinada,0,0,1,1,4,45-54,M,Posgrado,0,507,synthetic_interaction_user_507@example.com,synthetic-interaction-uid-507,1,0,0,0,0,0,0,0.4,0.18
synthetic_scenario,interaction,42,34,launched,email,,7,Recompensa + Personalización,Beneficio exclusivo para usted,Plantilla combinada,0,0,1,1,4,45-54,M,Posgrado,0,508,synthetic_interaction_user_508@example.com,synthetic-interaction-uid-508,1,1,0,0,1,0,0,0.4,0.18
synthetic_scenario,interaction,42,34,launched,email,,7,Recompensa + Personalización,Beneficio exclusivo para usted,Plantilla combinada,0,0,1,1,4,45-54,M,Posgrado,0,509,synthetic_interaction_user_509@example.com,synthetic-interaction-uid-509,1,0,0,0,0,0,0,0.4,0.18
synthetic_scenario,interaction,42,34,launched,email,,7,Recompensa + Personalización,Beneficio exclusivo para usted,Plantilla combinada,0,0,1,1,4,45-54,M,Posgrado,0,510,synthetic_interaction_user_510@example.com,synthetic-interaction-uid-510,1,0,0,0,0,0,0,0.4,0.18
synthetic_scenario,interaction,42,35,launched,email,,7,Recompensa + Personalización,Beneficio exclusivo para usted,Plantilla combinada,0,0,1,1,5,55+,F,Universitaria,0,511,synthetic_interaction_user_511@example.com,synthetic-interaction-uid-511,1,0,0,0,0,0,0,0.4,0.18
synthetic_scenario,interaction,42,35,launched,email,,7,Recompensa + Personalización,Beneficio exclusivo para usted,Plantilla combinada,0,0,1,1,5,55+,F,Universitaria,0,512,synthetic_interaction_user_512@example.com,synthetic-interaction-uid-512,1,0,0,0,0,0,0,0.4,0.18
synthetic_scenario,interaction,42,35,launched,email,,7,Recompensa + Personalización,Beneficio exclusivo para usted,Plantilla combinada,0,0,1,1,5,55+,F,Universitaria,0,513,synthetic_interaction_user_513@example.com,synthetic-interaction-uid-513,1,0,0,0,0,0,0,0.4,0.18
synthetic_scenario,interaction,42,35,launched,email,,7,Recompensa + Personalización,Beneficio exclusivo para usted,Plantilla combinada,0,0,1,1,5,55+,F,Universitaria,0,514,synthetic_interaction_user_514@example.com,synthetic-interaction-uid-514,1,0,0,0,0,0,0,0.4,0.18
synthetic_scenario,interaction,42,35,launched,email,,7,Recompensa + Personalización,Beneficio exclusivo para usted,Plantilla combinada,0,0,1,1,5,55+,F,Universitaria,0,515,synthetic_interaction_user_515@example.com,synthetic-interaction-uid-515,1,0,0,0,0,0,0,0.4,0.18
synthetic_scenario,interaction,42,35,launched,email,,7,Recompensa + Personalización,Beneficio exclusivo para usted,Plantilla combinada,0,0,1,1,5,55+,F,Universitaria,0,516,synthetic_interaction_user_516@example.com,synthetic-interaction-uid-516,1,0,0,0,0,0,0,0.4,0.18
synthetic_scenario,interaction,42,35,launched,email,,7,Recompensa + Personalización,Beneficio exclusivo para usted,Plantilla combinada,0,0,1,1,5,55+,F,Universitaria,0,517,synthetic_interaction_user_517@example.com,synthetic-interaction-uid-517,1,0,0,0,0,0,0,0.4,0.18
synthetic_scenario,interaction,42,35,launched,email,,7,Recompensa + Personalización,Beneficio exclusivo para usted,Plantilla combinada,0,0,1,1,5,55+,F,Universitaria,0,518,synthetic_interaction_user_518@example.com,synthetic-interaction-uid-518,1,0,0,0,0,0,0,0.4,0.18
synthetic_scenario,interaction,42,35,launched,email,,7,Recompensa + Personalización,Beneficio exclusivo para usted,Plantilla combinada,0,0,1,1,5,55+,F,Universitaria,0,519,synthetic_interaction_user_519@example.com,synthetic-interaction-uid-519,1,0,0,0,0,0,0,0.4,0.18
synthetic_scenario,interaction,42,35,launched,email,,7,Recompensa + Personalización,Beneficio exclusivo para usted,Plantilla combinada,0,0,1,1,5,55+,F,Universitaria,0,520,synthetic_interaction_user_520@example.com,synthetic-interaction-uid-520,1,0,0,0,0,0,0,0.4,0.18
synthetic_scenario,interaction,42,35,launched,email,,7,Recompensa + Personalización,Beneficio exclusivo para usted,Plantilla combinada,0,0,1,1,5,55+,F,Universitaria,0,521,synthetic_interaction_user_521@example.com,synthetic-interaction-uid-521,1,0,0,0,0,0,0,0.4,0.18
synthetic_scenario,interaction,42,35,launched,email,,7,Recompensa + Personalización,Beneficio exclusivo para usted,Plantilla combinada,0,0,1,1,5,55+,F,Universitaria,0,522,synthetic_interaction_user_522@example.com,synthetic-interaction-uid-522,1,0,0,0,0,0,0,0.4,0.18
synthetic_scenario,interaction,42,35,launched,email,,7,Recompensa + Personalización,Beneficio exclusivo para usted,Plantilla combinada,0,0,1,1,5,55+,F,Universitaria,0,523,synthetic_interaction_user_523@example.com,synthetic-interaction-uid-523,1,1,1,0,1,1,0,0.4,0.18
synthetic_scenario,interaction,42,35,launched,email,,7,Recompensa + Personalización,Beneficio exclusivo para usted,Plantilla combinada,0,0,1,1,5,55+,F,Universitaria,0,524,synthetic_interaction_user_524@example.com,synthetic-interaction-uid-524,1,1,0,0,1,0,0,0.4,0.18
synthetic_scenario,interaction,42,35,launched,email,,7,Recompensa + Personalización,Beneficio exclusivo para usted,Plantilla combinada,0,0,1,1,5,55+,F,Universitaria,0,525,synthetic_interaction_user_525@example.com,synthetic-interaction-uid-525,1,0,0,0,0,0,0,0.4,0.18
synthetic_scenario,interaction,42,36,launched,email,,8,Control neutro,Información general,Plantilla sin señales fuertes,0,0,0,0,1,18-24,F,Secundaria,1,526,synthetic_interaction_user_526@example.com,synthetic-interaction-uid-526,1,1,1,0,1,1,0,0.3,0.18
synthetic_scenario,interaction,42,36,launched,email,,8,Control neutro,Información general,Plantilla sin señales fuertes,0,0,0,0,1,18-24,F,Secundaria,1,527,synthetic_interaction_user_527@example.com,synthetic-interaction-uid-527,1,0,0,0,0,0,0,0.3,0.18
synthetic_scenario,interaction,42,36,launched,email,,8,Control neutro,Información general,Plantilla sin señales fuertes,0,0,0,0,1,18-24,F,Secundaria,1,528,synthetic_interaction_user_528@example.com,synthetic-interaction-uid-528,1,0,0,0,0,0,0,0.3,0.18
synthetic_scenario,interaction,42,36,launched,email,,8,Control neutro,Información general,Plantilla sin señales fuertes,0,0,0,0,1,18-24,F,Secundaria,1,529,synthetic_interaction_user_529@example.com,synthetic-interaction-uid-529,1,0,0,0,0,0,0,0.3,0.18
synthetic_scenario,interaction,42,36,launched,email,,8,Control neutro,Información general,Plantilla sin señales fuertes,0,0,0,0,1,18-24,F,Secundaria,1,530,synthetic_interaction_user_530@example.com,synthetic-interaction-uid-530,1,0,0,0,0,0,0,0.3,0.18
synthetic_scenario,interaction,42,36,launched,email,,8,Control neutro,Información general,Plantilla sin señales fuertes,0,0,0,0,1,18-24,F,Secundaria,1,531,synthetic_interaction_user_531@example.com,synthetic-interaction-uid-531,1,0,0,0,0,0,0,0.3,0.18
synthetic_scenario,interaction,42,36,launched,email,,8,Control neutro,Información general,Plantilla sin señales fuertes,0,0,0,0,1,18-24,F,Secundaria,1,532,synthetic_interaction_user_532@example.com,synthetic-interaction-uid-532,1,1,1,0,1,1,0,0.3,0.18
synthetic_scenario,interaction,42,36,launched,email,,8,Control neutro,Información general,Plantilla sin señales fuertes,0,0,0,0,1,18-24,F,Secundaria,1,533,synthetic_interaction_user_533@example.com,synthetic-interaction-uid-533,1,0,0,0,0,0,0,0.3,0.18
synthetic_scenario,interaction,42,36,launched,email,,8,Control neutro,Información general,Plantilla sin señales fuertes,0,0,0,0,1,18-24,F,Secundaria,1,534,synthetic_interaction_user_534@example.com,synthetic-interaction-uid-534,1,0,0,0,0,0,0,0.3,0.18
synthetic_scenario,interaction,42,36,launched,email,,8,Control neutro,Información general,Plantilla sin señales fuertes,0,0,0,0,1,18-24,F,Secundaria,1,535,synthetic_interaction_user_535@example.com,synthetic-interaction-uid-535,1,1,1,0,1,1,0,0.3,0.18
synthetic_scenario,interaction,42,36,launched,email,,8,Control neutro,Información general,Plantilla sin señales fuertes,0,0,0,0,1,18-24,F,Secundaria,1,536,synthetic_interaction_user_536@example.com,synthetic-interaction-uid-536,1,0,0,0,0,0,0,0.3,0.18
synthetic_scenario,interaction,42,36,launched,email,,8,Control neutro,Información general,Plantilla sin señales fuertes,0,0,0,0,1,18-24,F,Secundaria,1,537,synthetic_interaction_user_537@example.com,synthetic-interaction-uid-537,1,0,0,0,0,0,0,0.3,0.18
synthetic_scenario,interaction,42,36,launched,email,,8,Control neutro,Información general,Plantilla sin señales fuertes,0,0,0,0,1,18-24,F,Secundaria,1,538,synthetic_interaction_user_538@example.com,synthetic-interaction-uid-538,1,0,0,0,0,0,0,0.3,0.18
synthetic_scenario,interaction,42,36,launched,email,,8,Control neutro,Información general,Plantilla sin señales fuertes,0,0,0,0,1,18-24,F,Secundaria,1,539,synthetic_interaction_user_539@example.com,synthetic-interaction-uid-539,1,0,0,0,0,0,0,0.3,0.18
synthetic_scenario,interaction,42,36,launched,email,,8,Control neutro,Información general,Plantilla sin señales fuertes,0,0,0,0,1,18-24,F,Secundaria,1,540,synthetic_interaction_user_540@example.com,synthetic-interaction-uid-540,1,0,0,0,0,0,0,0.3,0.18
synthetic_scenario,interaction,42,37,launched,email,,8,Control neutro,Información general,Plantilla sin señales fuertes,0,0,0,0,2,25-34,M,Tecnica,0,541,synthetic_interaction_user_541@example.com,synthetic-interaction-uid-541,1,0,0,0,0,0,0,0.25,0.18
synthetic_scenario,interaction,42,37,launched,email,,8,Control neutro,Información general,Plantilla sin señales fuertes,0,0,0,0,2,25-34,M,Tecnica,0,542,synthetic_interaction_user_542@example.com,synthetic-interaction-uid-542,1,0,0,0,0,0,0,0.25,0.18
synthetic_scenario,interaction,42,37,launched,email,,8,Control neutro,Información general,Plantilla sin señales fuertes,0,0,0,0,2,25-34,M,Tecnica,0,543,synthetic_interaction_user_543@example.com,synthetic-interaction-uid-543,1,1,0,0,1,0,0,0.25,0.18
synthetic_scenario,interaction,42,37,launched,email,,8,Control neutro,Información general,Plantilla sin señales fuertes,0,0,0,0,2,25-34,M,Tecnica,0,544,synthetic_interaction_user_544@example.com,synthetic-interaction-uid-544,1,0,0,0,0,0,0,0.25,0.18
synthetic_scenario,interaction,42,37,launched,email,,8,Control neutro,Información general,Plantilla sin señales fuertes,0,0,0,0,2,25-34,M,Tecnica,0,545,synthetic_interaction_user_545@example.com,synthetic-interaction-uid-545,1,0,0,0,0,0,0,0.25,0.18
synthetic_scenario,interaction,42,37,launched,email,,8,Control neutro,Información general,Plantilla sin señales fuertes,0,0,0,0,2,25-34,M,Tecnica,0,546,synthetic_interaction_user_546@example.com,synthetic-interaction-uid-546,1,0,0,0,0,0,0,0.25,0.18
synthetic_scenario,interaction,42,37,launched,email,,8,Control neutro,Información general,Plantilla sin señales fuertes,0,0,0,0,2,25-34,M,Tecnica,0,547,synthetic_interaction_user_547@example.com,synthetic-interaction-uid-547,1,1,0,0,1,0,0,0.25,0.18
synthetic_scenario,interaction,42,37,launched,email,,8,Control neutro,Información general,Plantilla sin señales fuertes,0,0,0,0,2,25-34,M,Tecnica,0,548,synthetic_interaction_user_548@example.com,synthetic-interaction-uid-548,1,0,0,0,0,0,0,0.25,0.18
synthetic_scenario,interaction,42,37,launched,email,,8,Control neutro,Información general,Plantilla sin señales fuertes,0,0,0,0,2,25-34,M,Tecnica,0,549,synthetic_interaction_user_549@example.com,synthetic-interaction-uid-549,1,0,0,0,0,0,0,0.25,0.18
synthetic_scenario,interaction,42,37,launched,email,,8,Control neutro,Información general,Plantilla sin señales fuertes,0,0,0,0,2,25-34,M,Tecnica,0,550,synthetic_interaction_user_550@example.com,synthetic-interaction-uid-550,1,1,0,0,1,0,0,0.25,0.18
synthetic_scenario,interaction,42,37,launched,email,,8,Control neutro,Información general,Plantilla sin señales fuertes,0,0,0,0,2,25-34,M,Tecnica,0,551,synthetic_interaction_user_551@example.com,synthetic-interaction-uid-551,1,0,0,0,0,0,0,0.25,0.18
synthetic_scenario,interaction,42,37,launched,email,,8,Control neutro,Información general,Plantilla sin señales fuertes,0,0,0,0,2,25-34,M,Tecnica,0,552,synthetic_interaction_user_552@example.com,synthetic-interaction-uid-552,1,0,0,0,0,0,0,0.25,0.18
synthetic_scenario,interaction,42,37,launched,email,,8,Control neutro,Información general,Plantilla sin señales fuertes,0,0,0,0,2,25-34,M,Tecnica,0,553,synthetic_interaction_user_553@example.com,synthetic-interaction-uid-553,1,0,0,0,0,0,0,0.25,0.18
synthetic_scenario,interaction,42,37,launched,email,,8,Control neutro,Información general,Plantilla sin señales fuertes,0,0,0,0,2,25-34,M,Tecnica,0,554,synthetic_interaction_user_554@example.com,synthetic-interaction-uid-554,1,0,0,0,0,0,0,0.25,0.18
synthetic_scenario,interaction,42,37,launched,email,,8,Control neutro,Información general,Plantilla sin señales fuertes,0,0,0,0,2,25-34,M,Tecnica,0,555,synthetic_interaction_user_555@example.com,synthetic-interaction-uid-555,1,0,0,0,0,0,0,0.25,0.18
synthetic_scenario,interaction,42,38,launched,email,,8,Control neutro,Información general,Plantilla sin señales fuertes,0,0,0,0,3,35-44,F,Universitaria,0,556,synthetic_interaction_user_556@example.com,synthetic-interaction-uid-556,1,0,0,0,0,0,0,0.25,0.18
synthetic_scenario,interaction,42,38,launched,email,,8,Control neutro,Información general,Plantilla sin señales fuertes,0,0,0,0,3,35-44,F,Universitaria,0,557,synthetic_interaction_user_557@example.com,synthetic-interaction-uid-557,1,0,0,0,0,0,0,0.25,0.18
synthetic_scenario,interaction,42,38,launched,email,,8,Control neutro,Información general,Plantilla sin señales fuertes,0,0,0,0,3,35-44,F,Universitaria,0,558,synthetic_interaction_user_558@example.com,synthetic-interaction-uid-558,1,0,0,0,0,0,0,0.25,0.18
synthetic_scenario,interaction,42,38,launched,email,,8,Control neutro,Información general,Plantilla sin señales fuertes,0,0,0,0,3,35-44,F,Universitaria,0,559,synthetic_interaction_user_559@example.com,synthetic-interaction-uid-559,1,0,0,0,0,0,0,0.25,0.18
synthetic_scenario,interaction,42,38,launched,email,,8,Control neutro,Información general,Plantilla sin señales fuertes,0,0,0,0,3,35-44,F,Universitaria,0,560,synthetic_interaction_user_560@example.com,synthetic-interaction-uid-560,1,0,0,0,0,0,0,0.25,0.18
synthetic_scenario,interaction,42,38,launched,email,,8,Control neutro,Información general,Plantilla sin señales fuertes,0,0,0,0,3,35-44,F,Universitaria,0,561,synthetic_interaction_user_561@example.com,synthetic-interaction-uid-561,1,0,0,0,0,0,0,0.25,0.18
synthetic_scenario,interaction,42,38,launched,email,,8,Control neutro,Información general,Plantilla sin señales fuertes,0,0,0,0,3,35-44,F,Universitaria,0,562,synthetic_interaction_user_562@example.com,synthetic-interaction-uid-562,1,0,0,0,0,0,0,0.25,0.18
synthetic_scenario,interaction,42,38,launched,email,,8,Control neutro,Información general,Plantilla sin señales fuertes,0,0,0,0,3,35-44,F,Universitaria,0,563,synthetic_interaction_user_563@example.com,synthetic-interaction-uid-563,1,0,0,0,0,0,0,0.25,0.18
synthetic_scenario,interaction,42,38,launched,email,,8,Control neutro,Información general,Plantilla sin señales fuertes,0,0,0,0,3,35-44,F,Universitaria,0,564,synthetic_interaction_user_564@example.com,synthetic-interaction-uid-564,1,0,0,0,0,0,0,0.25,0.18
synthetic_scenario,interaction,42,38,launched,email,,8,Control neutro,Información general,Plantilla sin señales fuertes,0,0,0,0,3,35-44,F,Universitaria,0,565,synthetic_interaction_user_565@example.com,synthetic-interaction-uid-565,1,0,0,0,0,0,0,0.25,0.18
synthetic_scenario,interaction,42,38,launched,email,,8,Control neutro,Información general,Plantilla sin señales fuertes,0,0,0,0,3,35-44,F,Universitaria,0,566,synthetic_interaction_user_566@example.com,synthetic-interaction-uid-566,1,0,0,0,0,0,0,0.25,0.18
synthetic_scenario,interaction,42,38,launched,email,,8,Control neutro,Información general,Plantilla sin señales fuertes,0,0,0,0,3,35-44,F,Universitaria,0,567,synthetic_interaction_user_567@example.com,synthetic-interaction-uid-567,1,0,0,0,0,0,0,0.25,0.18
synthetic_scenario,interaction,42,38,launched,email,,8,Control neutro,Información general,Plantilla sin señales fuertes,0,0,0,0,3,35-44,F,Universitaria,0,568,synthetic_interaction_user_568@example.com,synthetic-interaction-uid-568,1,0,0,0,0,0,0,0.25,0.18
synthetic_scenario,interaction,42,38,launched,email,,8,Control neutro,Información general,Plantilla sin señales fuertes,0,0,0,0,3,35-44,F,Universitaria,0,569,synthetic_interaction_user_569@example.com,synthetic-interaction-uid-569,1,0,0,0,0,0,0,0.25,0.18
synthetic_scenario,interaction,42,38,launched,email,,8,Control neutro,Información general,Plantilla sin señales fuertes,0,0,0,0,3,35-44,F,Universitaria,0,570,synthetic_interaction_user_570@example.com,synthetic-interaction-uid-570,1,1,0,0,1,0,0,0.25,0.18
synthetic_scenario,interaction,42,39,launched,email,,8,Control neutro,Información general,Plantilla sin señales fuertes,0,0,0,0,4,45-54,M,Posgrado,0,571,synthetic_interaction_user_571@example.com,synthetic-interaction-uid-571,1,0,0,0,0,0,0,0.25,0.18
synthetic_scenario,interaction,42,39,launched,email,,8,Control neutro,Información general,Plantilla sin señales fuertes,0,0,0,0,4,45-54,M,Posgrado,0,572,synthetic_interaction_user_572@example.com,synthetic-interaction-uid-572,1,0,0,0,0,0,0,0.25,0.18
synthetic_scenario,interaction,42,39,launched,email,,8,Control neutro,Información general,Plantilla sin señales fuertes,0,0,0,0,4,45-54,M,Posgrado,0,573,synthetic_interaction_user_573@example.com,synthetic-interaction-uid-573,1,0,0,0,0,0,0,0.25,0.18
synthetic_scenario,interaction,42,39,launched,email,,8,Control neutro,Información general,Plantilla sin señales fuertes,0,0,0,0,4,45-54,M,Posgrado,0,574,synthetic_interaction_user_574@example.com,synthetic-interaction-uid-574,1,1,0,0,1,0,0,0.25,0.18
synthetic_scenario,interaction,42,39,launched,email,,8,Control neutro,Información general,Plantilla sin señales fuertes,0,0,0,0,4,45-54,M,Posgrado,0,575,synthetic_interaction_user_575@example.com,synthetic-interaction-uid-575,1,0,0,0,0,0,0,0.25,0.18
synthetic_scenario,interaction,42,39,launched,email,,8,Control neutro,Información general,Plantilla sin señales fuertes,0,0,0,0,4,45-54,M,Posgrado,0,576,synthetic_interaction_user_576@example.com,synthetic-interaction-uid-576,1,0,0,0,0,0,0,0.25,0.18
synthetic_scenario,interaction,42,39,launched,email,,8,Control neutro,Información general,Plantilla sin señales fuertes,0,0,0,0,4,45-54,M,Posgrado,0,577,synthetic_interaction_user_577@example.com,synthetic-interaction-uid-577,1,0,0,0,0,0,0,0.25,0.18
synthetic_scenario,interaction,42,39,launched,email,,8,Control neutro,Información general,Plantilla sin señales fuertes,0,0,0,0,4,45-54,M,Posgrado,0,578,synthetic_interaction_user_578@example.com,synthetic-interaction-uid-578,1,1,0,0,1,0,0,0.25,0.18
synthetic_scenario,interaction,42,39,launched,email,,8,Control neutro,Información general,Plantilla sin señales fuertes,0,0,0,0,4,45-54,M,Posgrado,0,579,synthetic_interaction_user_579@example.com,synthetic-interaction-uid-579,1,0,0,0,0,0,0,0.25,0.18
synthetic_scenario,interaction,42,39,launched,email,,8,Control neutro,Información general,Plantilla sin señales fuertes,0,0,0,0,4,45-54,M,Posgrado,0,580,synthetic_interaction_user_580@example.com,synthetic-interaction-uid-580,1,1,1,0,1,1,0,0.25,0.18
synthetic_scenario,interaction,42,39,launched,email,,8,Control neutro,Información general,Plantilla sin señales fuertes,0,0,0,0,4,45-54,M,Posgrado,0,581,synthetic_interaction_user_581@example.com,synthetic-interaction-uid-581,1,0,0,0,0,0,0,0.25,0.18
synthetic_scenario,interaction,42,39,launched,email,,8,Control neutro,Información general,Plantilla sin señales fuertes,0,0,0,0,4,45-54,M,Posgrado,0,582,synthetic_interaction_user_582@example.com,synthetic-interaction-uid-582,1,0,0,0,0,0,0,0.25,0.18
synthetic_scenario,interaction,42,39,launched,email,,8,Control neutro,Información general,Plantilla sin señales fuertes,0,0,0,0,4,45-54,M,Posgrado,0,583,synthetic_interaction_user_583@example.com,synthetic-interaction-uid-583,1,1,0,0,1,0,0,0.25,0.18
synthetic_scenario,interaction,42,39,launched,email,,8,Control neutro,Información general,Plantilla sin señales fuertes,0,0,0,0,4,45-54,M,Posgrado,0,584,synthetic_interaction_user_584@example.com,synthetic-interaction-uid-584,1,0,0,0,0,0,0,0.25,0.18
synthetic_scenario,interaction,42,39,launched,email,,8,Control neutro,Información general,Plantilla sin señales fuertes,0,0,0,0,4,45-54,M,Posgrado,0,585,synthetic_interaction_user_585@example.com,synthetic-interaction-uid-585,1,0,0,0,0,0,0,0.25,0.18
synthetic_scenario,interaction,42,40,launched,email,,8,Control neutro,Información general,Plantilla sin señales fuertes,0,0,0,0,5,55+,F,Universitaria,0,586,synthetic_interaction_user_586@example.com,synthetic-interaction-uid-586,1,1,0,0,1,0,0,0.25,0.18
synthetic_scenario,interaction,42,40,launched,email,,8,Control neutro,Información general,Plantilla sin señales fuertes,0,0,0,0,5,55+,F,Universitaria,0,587,synthetic_interaction_user_587@example.com,synthetic-interaction-uid-587,1,0,0,0,0,0,0,0.25,0.18
synthetic_scenario,interaction,42,40,launched,email,,8,Control neutro,Información general,Plantilla sin señales fuertes,0,0,0,0,5,55+,F,Universitaria,0,588,synthetic_interaction_user_588@example.com,synthetic-interaction-uid-588,1,0,0,0,0,0,0,0.25,0.18
synthetic_scenario,interaction,42,40,launched,email,,8,Control neutro,Información general,Plantilla sin señales fuertes,0,0,0,0,5,55+,F,Universitaria,0,589,synthetic_interaction_user_589@example.com,synthetic-interaction-uid-589,1,0,0,0,0,0,0,0.25,0.18
synthetic_scenario,interaction,42,40,launched,email,,8,Control neutro,Información general,Plantilla sin señales fuertes,0,0,0,0,5,55+,F,Universitaria,0,590,synthetic_interaction_user_590@example.com,synthetic-interaction-uid-590,1,0,0,0,0,0,0,0.25,0.18
synthetic_scenario,interaction,42,40,launched,email,,8,Control neutro,Información general,Plantilla sin señales fuertes,0,0,0,0,5,55+,F,Universitaria,0,591,synthetic_interaction_user_591@example.com,synthetic-interaction-uid-591,1,0,0,0,0,0,0,0.25,0.18
synthetic_scenario,interaction,42,40,launched,email,,8,Control neutro,Información general,Plantilla sin señales fuertes,0,0,0,0,5,55+,F,Universitaria,0,592,synthetic_interaction_user_592@example.com,synthetic-interaction-uid-592,1,0,0,0,0,0,0,0.25,0.18
synthetic_scenario,interaction,42,40,launched,email,,8,Control neutro,Información general,Plantilla sin señales fuertes,0,0,0,0,5,55+,F,Universitaria,0,593,synthetic_interaction_user_593@example.com,synthetic-interaction-uid-593,1,1,0,0,1,0,0,0.25,0.18
synthetic_scenario,interaction,42,40,launched,email,,8,Control neutro,Información general,Plantilla sin señales fuertes,0,0,0,0,5,55+,F,Universitaria,0,594,synthetic_interaction_user_594@example.com,synthetic-interaction-uid-594,1,0,0,0,0,0,0,0.25,0.18
synthetic_scenario,interaction,42,40,launched,email,,8,Control neutro,Información general,Plantilla sin señales fuertes,0,0,0,0,5,55+,F,Universitaria,0,595,synthetic_interaction_user_595@example.com,synthetic-interaction-uid-595,1,0,0,0,0,0,0,0.25,0.18
synthetic_scenario,interaction,42,40,launched,email,,8,Control neutro,Información general,Plantilla sin señales fuertes,0,0,0,0,5,55+,F,Universitaria,0,596,synthetic_interaction_user_596@example.com,synthetic-interaction-uid-596,1,0,0,0,0,0,0,0.25,0.18
synthetic_scenario,interaction,42,40,launched,email,,8,Control neutro,Información general,Plantilla sin señales fuertes,0,0,0,0,5,55+,F,Universitaria,0,597,synthetic_interaction_user_597@example.com,synthetic-interaction-uid-597,1,0,0,0,0,0,0,0.25,0.18
synthetic_scenario,interaction,42,40,launched,email,,8,Control neutro,Información general,Plantilla sin señales fuertes,0,0,0,0,5,55+,F,Universitaria,0,598,synthetic_interaction_user_598@example.com,synthetic-interaction-uid-598,1,0,0,0,0,0,0,0.25,0.18
synthetic_scenario,interaction,42,40,launched,email,,8,Control neutro,Información general,Plantilla sin señales fuertes,0,0,0,0,5,55+,F,Universitaria,0,599,synthetic_interaction_user_599@example.com,synthetic-interaction-uid-599,1,0,0,0,0,0,0,0.25,0.18
synthetic_scenario,interaction,42,40,launched,email,,8,Control neutro,Información general,Plantilla sin señales fuertes,0,0,0,0,5,55+,F,Universitaria,0,600,synthetic_interaction_user_600@example.com,synthetic-interaction-uid-600,1,0,0,0,0,0,0,0.25,0.18
