source,scenario,scenario_seed,campaign_id,campaign_status,campaign_channel,campaign_launched_at,template_id,template_name,template_subject,template_description,signal_urgency,signal_authority,signal_reward,signal_personalization,segment_id,age_bracket,gender,education,experimental_target_segment,target_id,target_recipient,target_uid,delivered,opened,clicked,reported,opened_flag,clicked_flag,reported_flag,expected_open_probability,expected_click_given_open_probability
synthetic_scenario,personalization,42,1,launched,email,,1,Urgencia,Acción requerida,Plantilla con señal de urgencia,1,0,0,0,1,18-24,F,Secundaria,1,1,synthetic_personalization_user_1@example.com,synthetic-personalization-uid-1,1,0,0,0,0,0,0,0.26,0.18
synthetic_scenario,personalization,42,1,launched,email,,1,Urgencia,Acción requerida,Plantilla con señal de urgencia,1,0,0,0,1,18-24,F,Secundaria,1,2,synthetic_personalization_user_2@example.com,synthetic-personalization-uid-2,1,1,0,0,1,0,0,0.26,0.18
synthetic_scenario,personalization,42,1,launched,email,,1,Urgencia,Acción requerida,Plantilla con señal de urgencia,1,0,0,0,1,18-24,F,Secundaria,1,3,synthetic_personalization_user_3@example.com,synthetic-personalization-uid-3,1,1,0,0,1,0,0,0.26,0.18
synthetic_scenario,personalization,42,1,launched,email,,1,Urgencia,Acción requerida,Plantilla con señal de urgencia,1,0,0,0,1,18-24,F,Secundaria,1,4,synthetic_personalization_user_4@example.com,synthetic-personalization-uid-4,1,0,0,0,0,0,0,0.26,0.18
synthetic_scenario,personalization,42,1,launched,email,,1,Urgencia,Acción requerida,Plantilla con señal de urgencia,1,0,0,0,1,18-24,F,Secundaria,1,5,synthetic_personalization_user_5@example.com,synthetic-personalization-uid-5,1,0,0,0,0,0,0,0.26,0.18
synthetic_scenario,personalization,42,1,launched,email,,1,Urgencia,Acción requerida,Plantilla con señal de urgencia,1,0,0,0,1,18-24,F,Secundaria,1,6,synthetic_personalization_user_6@example.com,synthetic-personalization-uid-6,1,1,0,0,1,0,0,0.26,0.18
synthetic_scenario,personalization,42,1,launched,email,,1,Urgencia,Acción requerida,Plantilla con señal de urgencia,1,0,0,0,1,18-24,F,Secundaria,1,7,synthetic_personalization_user_7@example.com,synthetic-personalization-uid-7,1,1,0,0,1,0,0,0.26,0.18
synthetic_scenario,personalization,42,1,launched,email,,1,Urgencia,Acción requerida,Plantilla con señal de urgencia,1,0,0,0,1,18-24,F,Secundaria,1,8,synthetic_personalization_user_8@example.com,synthetic-personalization-uid-8,1,0,0,0,0,0,0,0.26,0.18
synthetic_scenario,personalization,42,1,launched,email,,1,Urgencia,Acción requerida,Plantilla con señal de urgencia,1,0,0,0,1,18-24,F,Secundaria,1,9,synthetic_personalization_user_9@example.com,synthetic-personalization-uid-9,1,1,0,0,1,0,0,0.26,0.18
synthetic_scenario,personalization,42,1,launched,email,,1,Urgencia,Acción requerida,Plantilla con señal de urgencia,1,0,0,0,1,18-24,F,Secundaria,1,10,synthetic_personalization_user_10@example.com,synthetic-personalization-uid-10,1,0,0,0,0,0,0,0.26,0.18
synthetic_scenario,personalization,42,1,launched,email,,1,Urgencia,Acción requerida,Plantilla con señal de urgencia,1,0,0,0,1,18-24,F,Secundaria,1,11,synthetic_personalization_user_11@example.com,synthetic-personalization-uid-11,1,0,0,0,0,0,0,0.26,0.18
synthetic_scenario,personalization,42,1,launched,email,,1,Urgencia,Acción requerida,Plantilla con señal de urgencia,1,0,0,0,1,18-24,F,Secundaria,1,12,synthetic_personalization_user_12@example.com,synthetic-personalization-uid-12,1,1,0,0,1,0,0,0.26,0.18
synthetic_scenario,personalization,42,1,launched,email,,1,Urgencia,Acción requerida,Plantilla con señal de urgencia,1,0,0,0,1,18-24,F,Secundaria,1,13,synthetic_personalization_user_13@example.com,synthetic-personalization-uid-13,1,0,0,0,0,0,0,0.26,0.18
synthetic_scenario,personalization,42,1,launched,email,,1,Urgencia,Acción requerida,Plantilla con señal de urgencia,1,0,0,0,1,18-24,F,Secundaria,1,14,synthetic_personalization_user_14@example.com,synthetic-personalization-uid-14,1,1,0,0,1,0,0,0.26,0.18
synthetic_scenario,personalization,42,1,launched,email,,1,Urgencia,Acción requerida,Plantilla con señal de urgencia,1,0,0,0,1,18-24,F,Secundaria,1,15,synthetic_personalization_user_15@example.com,synthetic-personalization-uid-15,1,0,0,0,0,0,0,0.26,0.18
synthetic_scenario,personalization,42,2,launched,email,,1,Urgencia,Acción requerida,Plantilla con señal de urgencia,1,0,0,0,2,25-34,M,Tecnica,0,16,synthetic_personalization_user_16@example.com,synthetic-personalization-uid-16,1,0,0,0,0,0,0,0.26,0.18
synthetic_scenario,personalization,42,2,launched,email,,1,Urgencia,Acción requerida,Plantilla con señal de urgencia,1,0,0,0,2,25-34,M,Tecnica,0,17,synthetic_personalization_user_17@example.com,synthetic-personalization-uid-17,1,1,0,0,1,0,0,0.26,0.18
synthetic_scenario,personalization,42,2,launched,email,,1,Urgencia,Acción requerida,Plantilla con señal de urgencia,1,0,0,0,2,25-34,M,Tecnica,0,18,synthetic_personalization_user_18@example.com,synthetic-personalization-uid-18,1,0,0,0,0,0,0,0.26,0.18
synthetic_scenario,personalization,42,2,launched,email,,1,Urgencia,Acción requerida,Plantilla con señal de urgencia,1,0,0,0,2,25-34,M,Tecnica,0,19,synthetic_personalization_user_19@example.com,synthetic-personalization-uid-19,1,1,1,0,1,1,0,0.26,0.18
synthetic_scenario,personalization,42,2,launched,email,,1,Urgencia,Acción requerida,Plantilla con señal de urgencia,1,0,0,0,2,25-34,M,Tecnica,0,20,synthetic_personalization_user_20@example.com,synthetic-personalization-uid-20,1,0,0,0,0,0,0,0.26,0.18
synthetic_scenario,personalization,42,2,launched,email,,1,Urgencia,Acción requerida,Plantilla con señal de urgencia,1,0,0,0,2,25-34,M,Tecnica,0,21,synthetic_personalization_user_21@example.com,synthetic-personalization-uid-21,1,0,0,0,0,0,0,0.26,0.18
synthetic_scenario,personalization,42,2,launched,email,,1,Urgencia,Acción requerida,Plantilla con señal de urgencia,1,0,0,0,2,25-34,M,Tecnica,0,22,synthetic_personalization_user_22@example.com,synthetic-personalization-uid-22,1,0,0,0,0,0,0,0.26,0.18
synthetic_scenario,personalization,42,2,launched,email,,1,Urgencia,Acción requerida,Plantilla con señal de urgencia,1,0,0,0,2,25-34,M,Tecnica,0,23,synthetic_personalization_user_23@example.com,synthetic-personalization-uid-23,1,0,0,0,0,0,0,0.26,0.18
synthetic_scenario,personalization,42,2,launched,email,,1,Urgencia,Acción requerida,Plantilla con señal de urgencia,1,0,0,0,2,25-34,M,Tecnica,0,24,synthetic_personalization_user_24@example.com,synthetic-personalization-uid-24,1,0,0,0,0,0,0,0.26,0.18
synthetic_scenario,personalization,42,2,launched,email,,1,Urgencia,Acción requerida,Plantilla con señal de urgencia,1,0,0,0,2,25-34,M,Tecnica,0,25,synthetic_personalization_user_25@example.com,synthetic-personalization-uid-25,1,0,0,0,0,0,0,0.26,0.18
synthetic_scenario,personalization,42,2,launched,email,,1,Urgencia,Acción requerida,Plantilla con señal de urgencia,1,0,0,0,2,25-34,M,Tecnica,0,26,synthetic_personalization_user_26@example.com,synthetic-personalization-uid-26,1,0,0,0,0,0,0,0.26,0.18
synthetic_scenario,personalization,42,2,launched,email,,1,Urgencia,Acción requerida,Plantilla con señal de urgencia,1,0,0,0,2,25-34,M,Tecnica,0,27,synthetic_personalization_user_27@example.com,synthetic-personalization-uid-27,1,0,0,0,0,0,0,0.26,0.18
synthetic_scenario,personalization,42,2,launched,email,,1,Urgencia,Acción requerida,Plantilla con señal de urgencia,1,0,0,0,2,25-34,M,Tecnica,0,28,synthetic_personalization_user_28@example.com,synthetic-personalization-uid-28,1,0,0,0,0,0,0,0.26,0.18
synthetic_scenario,personalization,42,2,launched,email,,1,Urgencia,Acción requerida,Plantilla con señal de urgencia,1,0,0,0,2,25-34,M,Tecnica,0,29,synthetic_personalization_user_29@example.com,synthetic-personalization-uid-29,1,0,0,0,0,0,0,0.26,0.18
synthetic_scenario,personalization,42,2,launched,email,,1,Urgencia,Acción requerida,Plantilla con señal de urgencia,1,0,0,0,2,25-34,M,Tecnica,0,30,synthetic_personalization_user_30@example.com,synthetic-personalization-uid-30,1,0,0,0,0,0,0,0.26,0.18
synthetic_scenario,personalization,42,3,launched,email,,1,Urgencia,Acción requerida,Plantilla con señal de urgencia,1,0,0,0,3,35-44,F,Universitaria,0,31,synthetic_personalization_user_31@example.com,synthetic-personalization-uid-31,1,0,0,0,0,0,0,0.26,0.18
synthetic_scenario,personalization,42,3,launched,email,,1,Urgencia,Acción requerida,Plantilla con señal de urgencia,1,0,0,0,3,35-44,F,Universitaria,0,32,synthetic_personalization_user_32@example.com,synthetic-personalization-uid-32,1,0,0,0,0,0,0,0.26,0.18
synthetic_scenario,personalization,42,3,launched,email,,1,Urgencia,Acción requerida,Plantilla con señal de urgencia,1,0,0,0,3,35-44,F,Universitaria,0,33,synthetic_personalization_user_33@example.com,synthetic-personalization-uid-33,1,1,0,0,1,0,0,0.26,0.18
synthetic_scenario,personalization,42,3,launched,email,,1,Urgencia,Acción requerida,Plantilla con señal de urgencia,1,0,0,0,3,35-44,F,Universitaria,0,34,synthetic_personalization_user_34@example.com,synthetic-personalization-uid-34,1,0,0,0,0,0,0,0.26,0.18
synthetic_scenario,personalization,42,3,launched,email,,1,Urgencia,Acción requerida,Plantilla con señal de urgencia,1,0,0,0,3,35-44,F,Universitaria,0,35,synthetic_personalization_user_35@example.com,synthetic-personalization-uid-35,1,1,0,0,1,0,0,0.26,0.18
synthetic_scenario,personalization,42,3,launched,email,,1,Urgencia,Acción requerida,Plantilla con señal de urgencia,1,0,0,0,3,35-44,F,Universitaria,0,36,synthetic_personalization_user_36@example.com,synthetic-personalization-uid-36,1,1,0,0,1,0,0,0.26,0.18
synthetic_scenario,personalization,42,3,launched,email,,1,Urgencia,Acción requerida,Plantilla con señal de urgencia,1,0,0,0,3,35-44,F,Universitaria,0,37,synthetic_personalization_user_37@example.com,synthetic-personalization-uid-37,1,0,0,0,0,0,0,0.26,0.18
synthetic_scenario,personalization,42,3,launched,email,,1,Urgencia,Acción requerida,Plantilla con señal de urgencia,1,0,0,0,3,35-44,F,Universitaria,0,38,synthetic_personalization_user_38@example.com,synthetic-personalization-uid-38,1,0,0,0,0,0,0,0.26,0.18
synthetic_scenario,personalization,42,3,launched,email,,1,Urgencia,Acción requerida,Plantilla con señal de urgencia,1,0,0,0,3,35-44,F,Universitaria,0,39,synthetic_personalization_user_39@example.com,synthetic-personalization-uid-39,1,0,0,0,0,0,0,0.26,0.18
synthetic_scenario,personalization,42,3,launched,email,,1,Urgencia,Acción requerida,Plantilla con señal de urgencia,1,0,0,0,3,35-44,F,Universitaria,0,40,synthetic_personalization_user_40@example.com,synthetic-personalization-uid-40,1,1,0,0,1,0,0,0.26,0.18
synthetic_scenario,personalization,42,3,launched,email,,1,Urgencia,Acción requerida,Plantilla con señal de urgencia,1,0,0,0,3,35-44,F,Universitaria,0,41,synthetic_personalization_user_41@example.com,synthetic-personalization-uid-41,1,0,0,0,0,0,0,0.26,0.18
synthetic_scenario,personalization,42,3,launched,email,,1,Urgencia,Acción requerida,Plantilla con señal de urgencia,1,0,0,0,3,35-44,F,Universitaria,0,42,synthetic_personalization_user_42@example.com,synthetic-personalization-uid-42,1,0,0,0,0,0,0,0.26,0.18
synthetic_scenario,personalization,42,3,launched,email,,1,Urgencia,Acción requerida,Plantilla con señal de urgencia,1,0,0,0,3,35-44,F,Universitaria,0,43,synthetic_personalization_user_43@example.com,synthetic-personalization-uid-43,1,0,0,0,0,0,0,0.26,0.18
synthetic_scenario,personalization,42,3,launched,email,,1,Urgencia,Acción requerida,Plantilla con señal de urgencia,1,0,0,0,3,35-44,F,Universitaria,0,44,synthetic_personalization_user_44@example.com,synthetic-personalization-uid-44,1,1,0,0,1,0,0,0.26,0.18
synthetic_scenario,personalization,42,3,launched,email,,1,Urgencia,Acción requerida,Plantilla con señal de urgencia,1,0,0,0,3,35-44,F,Universitaria,0,45,synthetic_personalization_user_45@example.com,synthetic-personalization-uid-45,1,1,0,0,1,0,0,0.26,0.18
synthetic_scenario,personalization,42,4,launched,email,,1,Urgencia,Acción requerida,Plantilla con señal de urgencia,1,0,0,0,4,45-54,M,Posgrado,0,46,synthetic_personalization_user_46@example.com,synthetic-personalization-uid-46,1,0,0,0,0,0,0,0.26,0.18
synthetic_scenario,personalization,42,4,launched,email,,1,Urgencia,Acción requerida,Plantilla con señal de urgencia,1,0,0,0,4,45-54,M,Posgrado,0,47,synthetic_personalization_user_47@example.com,synthetic-personalization-uid-47,1,0,0,0,0,0,0,0.26,0.18
synthetic_scenario,personalization,42,4,launched,email,,1,Urgencia,Acción requerida,Plantilla con señal de urgencia,1,0,0,0,4,45-54,M,Posgrado,0,48,synthetic_personalization_user_48@example.com,synthetic-personalization-uid-48,1,0,0,0,0,0,0,0.26,0.18
synthetic_scenario,personalization,42,4,launched,email,,1,Urgencia,Acción requerida,Plantilla con señal de urgencia,1,0,0,0,4,45-54,M,Posgrado,0,49,synthetic_personalization_user_49@example.com,synthetic-personalization-uid-49,1,0,0,0,0,0,0,0.26,0.18
synthetic_scenario,personalization,42,4,launched,email,,1,Urgencia,Acción requerida,Plantilla con señal de urgencia,1,0,0,0,4,45-54,M,Posgrado,0,50,synthetic_personalization_user_50@example.com,synthetic-personalization-uid-50,1,0,0,0,0,0,0,0.26,0.18
synthetic_scenario,personalization,42,4,launched,email,,1,Urgencia,Acción requerida,Plantilla con señal de urgencia,1,0,0,0,4,45-54,M,Posgrado,0,51,synthetic_personalization_user_51@example.com,synthetic-personalization-uid-51,1,0,0,0,0,0,0,0.26,0.18
synthetic_scenario,personalization,42,4,launched,email,,1,Urgencia,Acción requerida,Plantilla con señal de urgencia,1,0,0,0,4,45-54,M,Posgrado,0,52,synthetic_personalization_user_52@example.com,synthetic-personalization-uid-52,1,1,1,0,1,1,0,0.26,0.18
synthetic_scenario,personalization,42,4,launched,email,,1,Urgencia,Acción requerida,Plantilla con señal de urgencia,1,0,0,0,4,45-54,M,Posgrado,0,53,synthetic_personalization_user_53@example.com,synthetic-personalization-uid-53,1,0,0,0,0,0,0,0.26,0.18
synthetic_scenario,personalization,42,4,launched,email,,1,Urgencia,Acción requerida,Plantilla con señal de urgencia,1,0,0,0,4,45-54,M,Posgrado,0,54,synthetic_personalization_user_54@example.com,synthetic-personalization-uid-54,1,0,0,0,0,0,0,0.26,0.18
synthetic_scenario,personalization,42,4,launched,email,,1,Urgencia,Acción requerida,Plantilla con señal de urgencia,1,0,0,0,4,45-54,M,Posgrado,0,55,synthetic_personalization_user_55@example.com,synthetic-personalization-uid-55,1,1,0,0,1,0,0,0.26,0.18
synthetic_scenario,personalization,42,4,launched,email,,1,Urgencia,Acción requerida,Plantilla con señal de urgencia,1,0,0,0,4,45-54,M,Posgrado,0,56,synthetic_personalization_user_56@example.com,synthetic-personalization-uid-56,1,0,0,0,0,0,0,0.26,0.18
synthetic_scenario,personalization,42,4,launched,email,,1,Urgencia,Acción requerida,Plantilla con señal de urgencia,1,0,0,0,4,45-54,M,Posgrado,0,57,synthetic_personalization_user_57@example.com,synthetic-personalization-uid-57,1,0,0,0,0,0,0,0.26,0.18
synthetic_scenario,personalization,42,4,launched,email,,1,Urgencia,Acción requerida,Plantilla con señal de urgencia,1,0,0,0,4,45-54,M,Posgrado,0,58,synthetic_personalization_user_58@example.com,synthetic-personalization-uid-58,1,0,0,0,0,0,0,0.26,0.18
synthetic_scenario,personalization,42,4,launched,email,,1,Urgencia,Acción requerida,Plantilla con señal de urgencia,1,0,0,0,4,45-54,M,Posgrado,0,59,synthetic_personalization_user_59@example.com,synthetic-personalization-uid-59,1,0,0,0,0,0,0,0.26,0.18
synthetic_scenario,personalization,42,4,launched,email,,1,Urgencia,Acción requerida,Plantilla con señal de urgencia,1,0,0,0,4,45-54,M,Posgrado,0,60,synthetic_personalization_user_60@example.com,synthetic-personalization-uid-60,1,0,0,0,0,0,0,0.26,0.18
synthetic_scenario,personalization,42,5,launched,email,,1,Urgencia,Acción requerida,Plantilla con señal de urgencia,1,0,0,0,5,55+,F,Universitaria,0,61,synthetic_personalization_user_61@example.com,synthetic-personalization-uid-61,1,0,0,0,0,0,0,0.26,0.18
synthetic_scenario,personalization,42,5,launched,email,,1,Urgencia,Acción requerida,Plantilla con señal de urgencia,1,0,0,0,5,55+,F,Universitaria,0,62,synthetic_personalization_user_62@example.com,synthetic-personalization-uid-62,1,0,0,0,0,0,0,0.26,0.18
synthetic_scenario,personalization,42,5,launched,email,,1,Urgencia,Acción requerida,Plantilla con señal de urgencia,1,0,0,0,5,55+,F,Universitaria,0,63,synthetic_personalization_user_63@example.com,synthetic-personalization-uid-63,1,1,0,0,1,0,0,0.26,0.18
synthetic_scenario,personalization,42,5,launched,email,,1,Urgencia,Acción requerida,Plantilla con señal de urgencia,1,0,0,0,5,55+,F,Universitaria,0,64,synthetic_personalization_user_64@example.com,synthetic-personalization-uid-64,1,0,0,0,0,0,0,0.26,0.18
synthetic_scenario,personalization,42,5,launched,email,,1,Urgencia,Acción requerida,Plantilla con señal de urgencia,1,0,0,0,5,55+,F,Universitaria,0,65,synthetic_personalization_user_65@example.com,synthetic-personalization-uid-65,1,0,0,0,0,0,0,0.26,0.18
synthetic_scenario,personalization,42,5,launched,email,,1,Urgencia,Acción requerida,Plantilla con señal de urgencia,1,0,0,0,5,55+,F,Universitaria,0,66,synthetic_personalization_user_66@example.com,synthetic-personalization-uid-66,1,0,0,0,0,0,0,0.26,0.18
synthetic_scenario,personalization,42,5,launched,email,,1,Urgencia,Acción requerida,Plantilla con señal de urgencia,1,0,0,0,5,55+,F,Universitaria,0,67,synthetic_personalization_user_67@example.com,synthetic-personalization-uid-67,1,0,0,0,0,0,0,0.26,0.18
synthetic_scenario,personalization,42,5,launched,email,,1,Urgencia,Acción requerida,Plantilla con señal de urgencia,1,0,0,0,5,55+,F,Universitaria,0,68,synthetic_personalization_user_68@example.com,synthetic-personalization-uid-68,1,1,0,0,1,0,0,0.26,0.18
synthetic_scenario,personalization,42,5,launched,email,,1,Urgencia,Acción requerida,Plantilla con señal de urgencia,1,0,0,0,5,55+,F,Universitaria,0,69,synthetic_personalization_user_69@example.com,synthetic-personalization-uid-69,1,0,0,0,0,0,0,0.26,0.18
synthetic_scenario,personalization,42,5,launched,email,,1,Urgencia,Acción requerida,Plantilla con señal de urgencia,1,0,0,0,5,55+,F,Universitaria,0,70,synthetic_personalization_user_70@example.com,synthetic-personalization-uid-70,1,1,1,0,1,1,0,0.26,0.18
synthetic_scenario,personalization,42,5,launched,email,,1,Urgencia,Acción requerida,Plantilla con señal de urgencia,1,0,0,0,5,55+,F,Universitaria,0,71,synthetic_personalization_user_71@example.com,synthetic-personalization-uid-71,1,1,0,0,1,0,0,0.26,0.18
synthetic_scenario,personalization,42,5,launched,email,,1,Urgencia,Acción requerida,Plantilla con señal de urgencia,1,0,0,0,5,55+,F,Universitaria,0,72,synthetic_personalization_user_72@example.com,synthetic-personalization-uid-72,1,0,0,0,0,0,0,0.26,0.18
synthetic_scenario,personalization,42,5,launched,email,,1,Urgencia,Acción requerida,Plantilla con señal de urgencia,1,0,0,0,5,55+,F,Universitaria,0,73,synthetic_personalization_user_73@example.com,synthetic-personalization-uid-73,1,0,0,0,0,0,0,0.26,0.18
synthetic_scenario,personalization,42,5,launched,email,,1,Urgencia,Acción requerida,Plantilla con señal de urgencia,1,0,0,0,5,55+,F,Universitaria,0,74,synthetic_personalization_user_74@example.com,synthetic-personalization-uid-74,1,1,0,0,1,0,0,0.26,0.18
synthetic_scenario,personalization,42,5,launched,email,,1,Urgencia,Acción requerida,Plantilla con señal de urgencia,1,0,0,0,5,55+,F,Universitaria,0,75,synthetic_personalization_user_75@example.com,synthetic-personalization-uid-75,1,0,0,0,0,0,0,0.26,0.18
synthetic_scenario,personalization,42,6,launched,email,,2,Autoridad,Comunicado institucional,Plantilla con señal de autoridad,0,1,0,0,1,18-24,F,Secundaria,1,76,synthetic_personalization_user_76@example.com,synthetic-personalization-uid-76,1,0,0,0,0,0,0,0.26,0.18
synthetic_scenario,personalization,42,6,launched,email,,2,Autoridad,Comunicado institucional,Plantilla con señal de autoridad,0,1,0,0,1,18-24,F,Secundaria,1,77,synthetic_personalization_user_77@example.com,synthetic-personalization-uid-77,1,0,0,0,0,0,0,0.26,0.18
synthetic_scenario,personalization,42,6,launched,email,,2,Autoridad,Comunicado institucional,Plantilla con señal de autoridad,0,1,0,0,1,18-24,F,Secundaria,1,78,synthetic_personalization_user_78@example.com,synthetic-personalization-uid-78,1,0,0,0,0,0,0,0.26,0.18
synthetic_scenario,personalization,42,6,launched,email,,2,Autoridad,Comunicado institucional,Plantilla con señal de autoridad,0,1,0,0,1,18-24,F,Secundaria,1,79,synthetic_personalization_user_79@example.com,synthetic-personalization-uid-79,1,1,0,0,1,0,0,0.26,0.18
synthetic_scenario,personalization,42,6,launched,email,,2,Autoridad,Comunicado institucional,Plantilla con señal de autoridad,0,1,0,0,1,18-24,F,Secundaria,1,80,synthetic_personalization_user_80@example.com,synthetic-personalization-uid-80,1,0,0,0,0,0,0,0.26,0.18
synthetic_scenario,personalization,42,6,launched,email,,2,Autoridad,Comunicado institucional,Plantilla con señal de autoridad,0,1,0,0,1,18-24,F,Secundaria,1,81,synthetic_personalization_user_81@example.com,synthetic-personalization-uid-81,1,0,0,0,0,0,0,0.26,0.18
synthetic_scenario,personalization,42,6,launched,email,,2,Autoridad,Comunicado institucional,Plantilla con señal de autoridad,0,1,0,0,1,18-24,F,Secundaria,1,82,synthetic_personalization_user_82@example.com,synthetic-personalization-uid-82,1,0,0,0,0,0,0,0.26,0.18
synthetic_scenario,personalization,42,6,launched,email,,2,Autoridad,Comunicado institucional,Plantilla con señal de autoridad,0,1,0,0,1,18-24,F,Secundaria,1,83,synthetic_personalization_user_83@example.com,synthetic-personalization-uid-83,1,0,0,0,0,0,0,0.26,0.18
synthetic_scenario,personalization,42,6,launched,email,,2,Autoridad,Comunicado institucional,Plantilla con señal de autoridad,0,1,0,0,1,18-24,F,Secundaria,1,84,synthetic_personalization_user_84@example.com,synthetic-personalization-uid-84,1,1,0,0,1,0,0,0.26,0.18
synthetic_scenario,personalization,42,6,launched,email,,2,Autoridad,Comunicado institucional,Plantilla con señal de autoridad,0,1,0,0,1,18-24,F,Secundaria,1,85,synthetic_personalization_user_85@example.com,synthetic-personalization-uid-85,1,0,0,0,0,0,0,0.26,0.18
synthetic_scenario,personalization,42,6,launched,email,,2,Autoridad,Comunicado institucional,Plantilla con señal de autoridad,0,1,0,0,1,18-24,F,Secundaria,1,86,synthetic_personalization_user_86@example.com,synthetic-personalization-uid-86,1,0,0,0,0,0,0,0.26,0.18
synthetic_scenario,personalization,42,6,launched,email,,2,Autoridad,Comunicado institucional,Plantilla con señal de autoridad,0,1,0,0,1,18-24,F,Secundaria,1,87,synthetic_personalization_user_87@example.com,synthetic-personalization-uid-87,1,0,0,0,0,0,0,0.26,0.18
synthetic_scenario,personalization,42,6,launched,email,,2,Autoridad,Comunicado institucional,Plantilla con señal de autoridad,0,1,0,0,1,18-24,F,Secundaria,1,88,synthetic_personalization_user_88@example.com,synthetic-personalization-uid-88,1,0,0,0,0,0,0,0.26,0.18
synthetic_scenario,personalization,42,6,launched,email,,2,Autoridad,Comunicado institucional,Plantilla con señal de autoridad,0,1,0,0,1,18-24,F,Secundaria,1,89,synthetic_personalization_user_89@example.com,synthetic-personalization-uid-89,1,0,0,0,0,0,0,0.26,0.18
synthetic_scenario,personalization,42,6,launched,email,,2,Autoridad,Comunicado institucional,Plantilla con señal de autoridad,0,1,0,0,1,18-24,F,Secundaria,1,90,synthetic_personalization_user_90@example.com,synthetic-personalization-uid-90,1,1,0,0,1,0,0,0.26,0.18
synthetic_scenario,personalization,42,7,launched,email,,2,Autoridad,Comunicado institucional,Plantilla con señal de autoridad,0,1,0,0,2,25-34,M,Tecnica,0,91,synthetic_personalization_user_91@example.com,synthetic-personalization-uid-91,1,0,0,0,0,0,0,0.26,0.18
synthetic_scenario,personalization,42,7,launched,email,,2,Autoridad,Comunicado institucional,Plantilla con señal de autoridad,0,1,0,0,2,25-34,M,Tecnica,0,92,synthetic_personalization_user_92@example.com,synthetic-personalization-uid-92,1,0,0,0,0,0,0,0.26,0.18
synthetic_scenario,personalization,42,7,launched,email,,2,Autoridad,Comunicado institucional,Plantilla con señal de autoridad,0,1,0,0,2,25-34,M,Tecnica,0,93,synthetic_personalization_user_93@example.com,synthetic-personalization-uid-93,1,0,0,0,0,0,0,0.26,0.18
synthetic_scenario,personalization,42,7,launched,email,,2,Autoridad,Comunicado institucional,Plantilla con señal de autoridad,0,1,0,0,2,25-34,M,Tecnica,0,94,synthetic_personalization_user_94@example.com,synthetic-personalization-uid-94,1,0,0,0,0,0,0,0.26,0.18
synthetic_scenario,personalization,42,7,launched,email,,2,Autoridad,Comunicado institucional,Plantilla con señal de autoridad,0,1,0,0,2,25-34,M,Tecnica,0,95,synthetic_personalization_user_95@example.com,synthetic-personalization-uid-95,1,1,0,0,1,0,0,0.26,0.18
synthetic_scenario,personalization,42,7,launched,email,,2,Autoridad,Comunicado institucional,Plantilla con señal de autoridad,0,1,0,0,2,25-34,M,Tecnica,0,96,synthetic_personalization_user_96@example.com,synthetic-personalization-uid-96,1,0,0,0,0,0,0,0.26,0.18
synthetic_scenario,personalization,42,7,launched,email,,2,Autoridad,Comunicado institucional,Plantilla con señal de autoridad,0,1,0,0,2,25-34,M,Tecnica,0,97,synthetic_personalization_user_97@example.com,synthetic-personalization-uid-97,1,0,0,0,0,0,0,0.26,0.18
synthetic_scenario,personalization,42,7,launched,email,,2,Autoridad,Comunicado institucional,Plantilla con señal de autoridad,0,1,0,0,2,25-34,M,Tecnica,0,98,synthetic_personalization_user_98@example.com,synthetic-personalization-uid-98,1,0,0,0,0,0,0,0.26,0.18
synthetic_scenario,personalization,42,7,launched,email,,2,Autoridad,Comunicado institucional,Plantilla con señal de autoridad,0,1,0,0,2,25-34,M,Tecnica,0,99,synthetic_personalization_user_99@example.com,synthetic-personalization-uid-99,1,1,0,0,1,0,0,0.26,0.18
synthetic_scenario,personalization,42,7,launched,email,,2,Autoridad,Comunicado institucional,Plantilla con señal de autoridad,0,1,0,0,2,25-34,M,Tecnica,0,100,synthetic_personalization_user_100@example.com,synthetic-personalization-uid-100,1,1,0,0,1,0,0,0.26,0.18
synthetic_scenario,personalization,42,7,launched,email,,2,Autoridad,Comunicado institucional,Plantilla con señal de autoridad,0,1,0,0,2,25-34,M,Tecnica,0,101,synthetic_personalization_user_101@example.com,synthetic-personalization-uid-101,1,0,0,0,0,0,0,0.26,0.18
synthetic_scenario,personalization,42,7,launched,email,,2,Autoridad,Comunicado institucional,Plantilla con señal de autoridad,0,1,0,0,2,25-34,M,Tecnica,0,102,synthetic_personalization_user_102@example.com,synthetic-personalization-uid-102,1,0,0,0,0,0,0,0.26,0.18
synthetic_scenario,personalization,42,7,launched,email,,2,Autoridad,Comunicado institucional,Plantilla con señal de autoridad,0,1,0,0,2,25-34,M,Tecnica,0,103,synthetic_personalization_user_103@example.com,synthetic-personalization-uid-103,1,0,0,0,0,0,0,0.26,0.18
synthetic_scenario,personalization,42,7,launched,email,,2,Autoridad,Comunicado institucional,Plantilla con señal de autoridad,0,1,0,0,2,25-34,M,Tecnica,0,104,synthetic_personalization_user_104@example.com,synthetic-personalization-uid-104,1,1,0,0,1,0,0,0.26,0.18
synthetic_scenario,personalization,42,7,launched,email,,2,Autoridad,Comunicado institucional,Plantilla con señal de autoridad,0,1,0,0,2,25-34,M,Tecnica,0,105,synthetic_personalization_user_105@example.com,synthetic-personalization-uid-105,1,0,0,0,0,0,0,0.26,0.18
synthetic_scenario,personalization,42,8,launched,email,,2,Autoridad,Comunicado institucional,Plantilla con señal de autoridad,0,1,0,0,3,35-44,F,Universitaria,0,106,synthetic_personalization_user_106@example.com,synthetic-personalization-uid-106,1,1,0,0,1,0,0,0.26,0.18
synthetic_scenario,personalization,42,8,launched,email,,2,Autoridad,Comunicado institucional,Plantilla con señal de autoridad,0,1,0,0,3,35-44,F,Universitaria,0,107,synthetic_personalization_user_107@example.com,synthetic-personalization-uid-107,1,1,0,0,1,0,0,0.26,0.18
synthetic_scenario,personalization,42,8,launched,email,,2,Autoridad,Comunicado institucional,Plantilla con señal de autoridad,0,1,0,0,3,35-44,F,Universitaria,0,108,synthetic_personalization_user_108@example.com,synthetic-personalization-uid-108,1,0,0,0,0,0,0,0.26,0.18
synthetic_scenario,personalization,42,8,launched,email,,2,Autoridad,Comunicado institucional,Plantilla con señal de autoridad,0,1,0,0,3,35-44,F,Universitaria,0,109,synthetic_personalization_user_109@example.com,synthetic-personalization-uid-109,1,1,0,0,1,0,0,0.26,0.18
synthetic_scenario,personalization,42,8,launched,email,,2,Autoridad,Comunicado institucional,Plantilla con señal de autoridad,0,1,0,0,3,35-44,F,Universitaria,0,110,synthetic_personalization_user_110@example.com,synthetic-personalization-uid-110,1,0,0,0,0,0,0,0.26,0.18
synthetic_scenario,personalization,42,8,launched,email,,2,Autoridad,Comunicado institucional,Plantilla con señal de autoridad,0,1,0,0,3,35-44,F,Universitaria,0,111,synthetic_personalization_user_111@example.com,synthetic-personalization-uid-111,1,0,0,0,0,0,0,0.26,0.18
synthetic_scenario,personalization,42,8,launched,email,,2,Autoridad,Comunicado institucional,Plantilla con señal de autoridad,0,1,0,0,3,35-44,F,Universitaria,0,112,synthetic_personalization_user_112@example.com,synthetic-personalization-uid-112,1,0,0,0,0,0,0,0.26,0.18
synthetic_scenario,personalization,42,8,launched,email,,2,Autoridad,Comunicado institucional,Plantilla con señal de autoridad,0,1,0,0,3,35-44,F,Universitaria,0,113,synthetic_personalization_user_113@example.com,synthetic-personalization-uid-113,1,0,0,0,0,0,0,0.26,0.18
synthetic_scenario,personalization,42,8,launched,email,,2,Autoridad,Comunicado institucional,Plantilla con señal de autoridad,0,1,0,0,3,35-44,F,Universitaria,0,114,synthetic_personalization_user_114@example.com,synthetic-personalization-uid-114,1,1,0,0,1,0,0,0.26,0.18
synthetic_scenario,personalization,42,8,launched,email,,2,Autoridad,Comunicado institucional,Plantilla con señal de autoridad,0,1,0,0,3,35-44,F,Universitaria,0,115,synthetic_personalization_user_115@example.com,synthetic-personalization-uid-115,1,0,0,0,0,0,0,0.26,0.18
synthetic_scenario,personalization,42,8,launched,email,,2,Autoridad,Comunicado institucional,Plantilla con señal de autoridad,0,1,0,0,3,35-44,F,Universitaria,0,116,synthetic_personalization_user_116@example.com,synthetic-personalization-uid-116,1,1,0,0,1,0,0,0.26,0.18
synthetic_scenario,personalization,42,8,launched,email,,2,Autoridad,Comunicado institucional,Plantilla con señal de autoridad,0,1,0,0,3,35-44,F,Universitaria,0,117,synthetic_personalization_user_117@example.com,synthetic-personalization-uid-117,1,0,0,0,0,0,0,0.26,0.18
synthetic_scenario,personalization,42,8,launched,email,,2,Autoridad,Comunicado institucional,Plantilla con señal de autoridad,0,1,0,0,3,35-44,F,Universitaria,0,118,synthetic_personalization_user_118@example.com,synthetic-personalization-uid-118,1,0,0,0,0,0,0,0.26,0.18
synthetic_scenario,personalization,42,8,launched,email,,2,Autoridad,Comunicado institucional,Plantilla con señal de autoridad,0,1,0,0,3,35-44,F,Universitaria,0,119,synthetic_personalization_user_119@example.com,synthetic-personalization-uid-119,1,0,0,0,0,0,0,0.26,0.18
synthetic_scenario,personalization,42,8,launched,email,,2,Autoridad,Comunicado institucional,Plantilla con señal de autoridad,0,1,0,0,3,35-44,F,Universitaria,0,120,synthetic_personalization_user_120@example.com,synthetic-personalization-uid-120,1,0,0,0,0,0,0,0.26,0.18
synthetic_scenario,personalization,42,9,launched,email,,2,Autoridad,Comunicado institucional,Plantilla con señal de autoridad,0,1,0,0,4,45-54,M,Posgrado,0,121,synthetic_personalization_user_121@example.com,synthetic-personalization-uid-121,1,1,0,0,1,0,0,0.26,0.18
synthetic_scenario,personalization,42,9,launched,email,,2,Autoridad,Comunicado institucional,Plantilla con señal de autoridad,0,1,0,0,4,45-54,M,Posgrado,0,122,synthetic_personalization_user_122@example.com,synthetic-personalization-uid-122,1,0,0,0,0,0,0,0.26,0.18
synthetic_scenario,personalization,42,9,launched,email,,2,Autoridad,Comunicado institucional,Plantilla con señal de autoridad,0,1,0,0,4,45-54,M,Posgrado,0,123,synthetic_personalization_user_123@example.com,synthetic-personalization-uid-123,1,0,0,0,0,0,0,0.26,0.18
synthetic_scenario,personalization,42,9,launched,email,,2,Autoridad,Comunicado institucional,Plantilla con señal de autoridad,0,1,0,0,4,45-54,M,Posgrado,0,124,synthetic_personalization_user_124@example.com,synthetic-personalization-uid-124,1,1,0,0,1,0,0,0.26,0.18
synthetic_scenario,personalization,42,9,launched,email,,2,Autoridad,Comunicado institucional,Plantilla con señal de autoridad,0,1,0,0,4,45-54,M,Posgrado,0,125,synthetic_personalization_user_125@example.com,synthetic-personalization-uid-125,1,1,0,0,1,0,0,0.26,0.18
synthetic_scenario,personalization,42,9,launched,email,,2,Autoridad,Comunicado institucional,Plantilla con señal de autoridad,0,1,0,0,4,45-54,M,Posgrado,0,126,synthetic_personalization_user_126@example.com,synthetic-personalization-uid-126,1,1,0,0,1,0,0,0.26,0.18
synthetic_scenario,personalization,42,9,launched,email,,2,Autoridad,Comunicado institucional,Plantilla con señal de autoridad,0,1,0,0,4,45-54,M,Posgrado,0,127,synthetic_personalization_user_127@example.com,synthetic-personalization-uid-127,1,0,0,0,0,0,0,0.26,0.18
synthetic_scenario,personalization,42,9,launched,email,,2,Autoridad,Comunicado institucional,Plantilla con señal de autoridad,0,1,0,0,4,45-54,M,Posgrado,0,128,synthetic_personalization_user_128@example.com,synthetic-personalization-uid-128,1,1,0,0,1,0,0,0.26,0.18
synthetic_scenario,personalization,42,9,launched,email,,2,Autoridad,Comunicado institucional,Plantilla con señal de autoridad,0,1,0,0,4,45-54,M,Posgrado,0,129,synthetic_personalization_user_129@example.com,synthetic-personalization-uid-129,1,0,0,0,0,0,0,0.26,0.18
synthetic_scenario,personalization,42,9,launched,email,,2,Autoridad,Comunicado institucional,Plantilla con señal de autoridad,0,1,0,0,4,45-54,M,Posgrado,0,130,synthetic_personalization_user_130@example.com,synthetic-personalization-uid-130,1,1,1,0,1,1,0,0.26,0.18
synthetic_scenario,personalization,42,9,launched,email,,2,Autoridad,Comunicado institucional,Plantilla con señal de autoridad,0,1,0,0,4,45-54,M,Posgrado,0,131,synthetic_personalization_user_131@example.com,synthetic-personalization-uid-131,1,0,0,0,0,0,0,0.26,0.18
synthetic_scenario,personalization,42,9,launched,email,,2,Autoridad,Comunicado institucional,Plantilla con señal de autoridad,0,1,0,0,4,45-54,M,Posgrado,0,132,synthetic_personalization_user_132@example.com,synthetic-personalization-uid-132,1,0,0,0,0,0,0,0.26,0.18
synthetic_scenario,personalization,42,9,launched,email,,2,Autoridad,Comunicado institucional,Plantilla con señal de autoridad,0,1,0,0,4,45-54,M,Posgrado,0,133,synthetic_personalization_user_133@example.com,synthetic-personalization-uid-133,1,0,0,0,0,0,0,0.26,0.18
synthetic_scenario,personalization,42,9,launched,email,,2,Autoridad,Comunicado institucional,Plantilla con señal de autoridad,0,1,0,0,4,45-54,M,Posgrado,0,134,synthetic_personalization_user_134@example.com,synthetic-personalization-uid-134,1,0,0,0,0,0,0,0.26,0.18
synthetic_scenario,personalization,42,9,launched,email,,2,Autoridad,Comunicado institucional,Plantilla con señal de autoridad,0,1,0,0,4,45-54,M,Posgrado,0,135,synthetic_personalization_user_135@example.com,synthetic-personalization-uid-135,1,0,0,0,0,0,0,0.26,0.18
synthetic_scenario,personalization,42,10,launched,email,,2,Autoridad,Comunicado institucional,Plantilla con señal de autoridad,0,1,0,0,5,55+,F,Universitaria,0,136,synthetic_personalization_user_136@example.com,synthetic-personalization-uid-136,1,1,1,0,1,1,0,0.26,0.18
synthetic_scenario,personalization,42,10,launched,email,,2,Autoridad,Comunicado institucional,Plantilla con señal de autoridad,0,1,0,0,5,55+,F,Universitaria,0,137,synthetic_personalization_user_137@example.com,synthetic-personalization-uid-137,1,0,0,0,0,0,0,0.26,0.18
synthetic_scenario,personalization,42,10,launched,email,,2,Autoridad,Comunicado institucional,Plantilla con señal de autoridad,0,1,0,0,5,55+,F,Universitaria,0,138,synthetic_personalization_user_138@example.com,synthetic-personalization-uid-138,1,0,0,0,0,0,0,0.26,0.18
synthetic_scenario,personalization,42,10,launched,email,,2,Autoridad,Comunicado institucional,Plantilla con señal de autoridad,0,1,0,0,5,55+,F,Universitaria,0,139,synthetic_personalization_user_139@example.com,synthetic-personalization-uid-139,1,0,0,0,0,0,0,0.26,0.18
synthetic_scenario,personalization,42,10,launched,email,,2,Autoridad,Comunicado institucional,Plantilla con señal de autoridad,0,1,0,0,5,55+,F,Universitaria,0,140,synthetic_personalization_user_140@example.com,synthetic-personalization-uid-140,1,0,0,0,0,0,0,0.26,0.18
synthetic_scenario,personalization,42,10,launched,email,,2,Autoridad,Comunicado institucional,Plantilla con señal de autoridad,0,1,0,0,5,55+,F,Universitaria,0,141,synthetic_personalization_user_141@example.com,synthetic-personalization-uid-141,1,0,0,0,0,0,0,0.26,0.18
synthetic_scenario,personalization,42,10,launched,email,,2,Autoridad,Comunicado institucional,Plantilla con señal de autoridad,0,1,0,0,5,55+,F,Universitaria,0,142,synthetic_personalization_user_142@example.com,synthetic-personalization-uid-142,1,0,0,0,0,0,0,0.26,0.18
synthetic_scenario,personalization,42,10,launched,email,,2,Autoridad,Comunicado institucional,Plantilla con señal de autoridad,0,1,0,0,5,55+,F,Universitaria,0,143,synthetic_personalization_user_143@example.com,synthetic-personalization-uid-143,1,1,0,0,1,0,0,0.26,0.18
synthetic_scenario,personalization,42,10,launched,email,,2,Autoridad,Comunicado institucional,Plantilla con señal de autoridad,0,1,0,0,5,55+,F,Universitaria,0,144,synthetic_personalization_user_144@example.com,synthetic-personalization-uid-144,1,0,0,0,0,0,0,0.26,0.18
synthetic_scenario,personalization,42,10,launched,email,,2,Autoridad,Comunicado institucional,Plantilla con señal de autoridad,0,1,0,0,5,55+,F,Universitaria,0,145,synthetic_personalization_user_145@example.com,synthetic-personalization-uid-145,1,0,0,0,0,0,0,0.26,0.18
synthetic_scenario,personalization,42,10,launched,email,,2,Autoridad,Comunicado institucional,Plantilla con señal de autoridad,0,1,0,0,5,55+,F,Universitaria,0,146,synthetic_personalization_user_146@example.com,synthetic-personalization-uid-146,1,1,0,0,1,0,0,0.26,0.18
synthetic_scenario,personalization,42,10,launched,email,,2,Autoridad,Comunicado institucional,Plantilla con señal de autoridad,0,1,0,0,5,55+,F,Universitaria,0,147,synthetic_personalization_user_147@example.com,synthetic-personalization-uid-147,1,0,0,0,0,0,0,0.26,0.18
synthetic_scenario,personalization,42,10,launched,email,,2,Autoridad,Comunicado institucional,Plantilla con señal de autoridad,0,1,0,0,5,55+,F,Universitaria,0,148,synthetic_personalization_user_148@example.com,synthetic-personalization-uid-148,1,0,0,0,0,0,0,0.26,0.18
synthetic_scenario,personalization,42,10,launched,email,,2,Autoridad,Comunicado institucional,Plantilla con señal de autoridad,0,1,0,0,5,55+,F,Universitaria,0,149,synthetic_personalization_user_149@example.com,synthetic-personalization-uid-149,1,0,0,0,0,0,0,0.26,0.18
synthetic_scenario,personalization,42,10,launched,email,,2,Autoridad,Comunicado institucional,Plantilla con señal de autoridad,0,1,0,0,5,55+,F,Universitaria,0,150,synthetic_personalization_user_150@example.com,synthetic-personalization-uid-150,1,1,0,0,1,0,0,0.26,0.18
synthetic_scenario,personalization,42,11,launched,email,,3,Recompensa,Beneficio disponible,Plantilla con señal de recompensa,0,0,1,0,1,18-24,F,Secundaria,1,151,synthetic_personalization_user_151@example.com,synthetic-personalization-uid-151,1,0,0,0,0,0,0,0.26,0.18
synthetic_scenario,personalization,42,11,launched,email,,3,Recompensa,Beneficio disponible,Plantilla con señal de recompensa,0,0,1,0,1,18-24,F,Secundaria,1,152,synthetic_personalization_user_152@example.com,synthetic-personalization-uid-152,1,0,0,0,0,0,0,0.26,0.18
synthetic_scenario,personalization,42,11,launched,email,,3,Recompensa,Beneficio disponible,Plantilla con señal de recompensa,0,0,1,0,1,18-24,F,Secundaria,1,153,synthetic_personalization_user_153@example.com,synthetic-personalization-uid-153,1,0,0,0,0,0,0,0.26,0.18
synthetic_scenario,personalization,42,11,launched,email,,3,Recompensa,Beneficio disponible,Plantilla con señal de recompensa,0,0,1,0,1,18-24,F,Secundaria,1,154,synthetic_personalization_user_154@example.com,synthetic-personalization-uid-154,1,1,0,0,1,0,0,0.26,0.18
synthetic_scenario,personalization,42,11,launched,email,,3,Recompensa,Beneficio disponible,Plantilla con señal de recompensa,0,0,1,0,1,18-24,F,Secundaria,1,155,synthetic_personalization_user_155@example.com,synthetic-personalization-uid-155,1,0,0,0,0,0,0,0.26,0.18
synthetic_scenario,personalization,42,11,launched,email,,3,Recompensa,Beneficio disponible,Plantilla con señal de recompensa,0,0,1,0,1,18-24,F,Secundaria,1,156,synthetic_personalization_user_156@example.com,synthetic-personalization-uid-156,1,0,0,0,0,0,0,0.26,0.18
synthetic_scenario,personalization,42,11,launched,email,,3,Recompensa,Beneficio disponible,Plantilla con señal de recompensa,0,0,1,0,1,18-24,F,Secundaria,1,157,synthetic_personalization_user_157@example.com,synthetic-personalization-uid-157,1,0,0,0,0,0,0,0.26,0.18
synthetic_scenario,personalization,42,11,launched,email,,3,Recompensa,Beneficio disponible,Plantilla con señal de recompensa,0,0,1,0,1,18-24,F,Secundaria,1,158,synthetic_personalization_user_158@example.com,synthetic-personalization-uid-158,1,0,0,0,0,0,0,0.26,0.18
synthetic_scenario,personalization,42,11,launched,email,,3,Recompensa,Beneficio disponible,Plantilla con señal de recompensa,0,0,1,0,1,18-24,F,Secundaria,1,159,synthetic_personalization_user_159@example.com,synthetic-personalization-uid-159,1,1,0,0,1,0,0,0.26,0.18
synthetic_scenario,personalization,42,11,launched,email,,3,Recompensa,Beneficio disponible,Plantilla con señal de recompensa,0,0,1,0,1,18-24,F,Secundaria,1,160,synthetic_personalization_user_160@example.com,synthetic-personalization-uid-160,1,1,0,0,1,0,0,0.26,0.18
synthetic_scenario,personalization,42,11,launched,email,,3,Recompensa,Beneficio disponible,Plantilla con señal de recompensa,0,0,1,0,1,18-24,F,Secundaria,1,161,synthetic_personalization_user_161@example.com,synthetic-personalization-uid-161,1,1,0,0,1,0,0,0.26,0.18
synthetic_scenario,personalization,42,11,launched,email,,3,Recompensa,Beneficio disponible,Plantilla con señal de recompensa,0,0,1,0,1,18-24,F,Secundaria,1,162,synthetic_personalization_user_162@example.com,synthetic-personalization-uid-162,1,0,0,0,0,0,0,0.26,0.18
synthetic_scenario,personalization,42,11,launched,email,,3,Recompensa,Beneficio disponible,Plantilla con señal de recompensa,0,0,1,0,1,18-24,F,Secundaria,1,163,synthetic_personalization_user_163@example.com,synthetic-personalization-uid-163,1,0,0,0,0,0,0,0.26,0.18
synthetic_scenario,personalization,42,11,launched,email,,3,Recompensa,Beneficio disponible,Plantilla con señal de recompensa,0,0,1,0,1,18-24,F,Secundaria,1,164,synthetic_personalization_user_164@example.com,synthetic-personalization-uid-164,1,0,0,0,0,0,0,0.26,0.18
synthetic_scenario,personalization,42,11,launched,email,,3,Recompensa,Beneficio disponible,Plantilla con señal de recompensa,0,0,1,0,1,18-24,F,Secundaria,1,165,synthetic_personalization_user_165@example.com,synthetic-personalization-uid-165,1,0,0,0,0,0,0,0.26,0.18
synthetic_scenario,personalization,42,12,launched,email,,3,Recompensa,Beneficio disponible,Plantilla con señal de recompensa,0,0,1,0,2,25-34,M,Tecnica,0,166,synthetic_personalization_user_166@example.com,synthetic-personalization-uid-166,1,0,0,0,0,0,0,0.26,0.18
synthetic_scenario,personalization,42,12,launched,email,,3,Recompensa,Beneficio disponible,Plantilla con señal de recompensa,0,0,1,0,2,25-34,M,Tecnica,0,167,synthetic_personalization_user_167@example.com,synthetic-personalization-uid-167,1,0,0,0,0,0,0,0.26,0.18
synthetic_scenario,personalization,42,12,launched,email,,3,Recompensa,Beneficio disponible,Plantilla con señal de recompensa,0,0,1,0,2,25-34,M,Tecnica,0,168,synthetic_personalization_user_168@example.com,synthetic-personalization-uid-168,1,0,0,0,0,0,0,0.26,0.18
synthetic_scenario,personalization,42,12,launched,email,,3,Recompensa,Beneficio disponible,Plantilla con señal de recompensa,0,0,1,0,2,25-34,M,Tecnica,0,169,synthetic_personalization_user_169@example.com,synthetic-personalization-uid-169,1,0,0,0,0,0,0,0.26,0.18
synthetic_scenario,personalization,42,12,launched,email,,3,Recompensa,Beneficio disponible,Plantilla con señal de recompensa,0,0,1,0,2,25-34,M,Tecnica,0,170,synthetic_personalization_user_170@example.com,synthetic-personalization-uid-170,1,0,0,0,0,0,0,0.26,0.18
synthetic_scenario,personalization,42,12,launched,email,,3,Recompensa,Beneficio disponible,Plantilla con señal de recompensa,0,0,1,0,2,25-34,M,Tecnica,0,171,synthetic_personalization_user_171@example.com,synthetic-personalization-uid-171,1,1,0,0,1,0,0,0.26,0.18
synthetic_scenario,personalization,42,12,launched,email,,3,Recompensa,Beneficio disponible,Plantilla con señal de recompensa,0,0,1,0,2,25-34,M,Tecnica,0,172,synthetic_personalization_user_172@example.com,synthetic-personalization-uid-172,1,0,0,0,0,0,0,0.26,0.18
synthetic_scenario,personalization,42,12,launched,email,,3,Recompensa,Beneficio disponible,Plantilla con señal de recompensa,0,0,1,0,2,25-34,M,Tecnica,0,173,synthetic_personalization_user_173@example.com,synthetic-personalization-uid-173,1,0,0,0,0,0,0,0.26,0.18
synthetic_scenario,personalization,42,12,launched,email,,3,Recompensa,Beneficio disponible,Plantilla con señal de recompensa,0,0,1,0,2,25-34,M,Tecnica,0,174,synthetic_personalization_user_174@example.com,synthetic-personalization-uid-174,1,0,0,0,0,0,0,0.26,0.18
synthetic_scenario,personalization,42,12,launched,email,,3,Recompensa,Beneficio disponible,Plantilla con señal de recompensa,0,0,1,0,2,25-34,M,Tecnica,0,175,synthetic_personalization_user_175@example.com,synthetic-personalization-uid-175,1,0,0,0,0,0,0,0.26,0.18
synthetic_scenario,personalization,42,12,launched,email,,3,Recompensa,Beneficio disponible,Plantilla con señal de recompensa,0,0,1,0,2,25-34,M,Tecnica,0,176,synthetic_personalization_user_176@example.com,synthetic-personalization-uid-176,1,1,0,0,1,0,0,0.26,0.18
synthetic_scenario,personalization,42,12,launched,email,,3,Recompensa,Beneficio disponible,Plantilla con señal de recompensa,0,0,1,0,2,25-34,M,Tecnica,0,177,synthetic_personalization_user_177@example.com,synthetic-personalization-uid-177,1,0,0,0,0,0,0,0.26,0.18
synthetic_scenario,personalization,42,12,launched,email,,3,Recompensa,Beneficio disponible,Plantilla con señal de recompensa,0,0,1,0,2,25-34,M,Tecnica,0,178,synthetic_personalization_user_178@example.com,synthetic-personalization-uid-178,1,0,0,0,0,0,0,0.26,0.18
synthetic_scenario,personalization,42,12,launched,email,,3,Recompensa,Beneficio disponible,Plantilla con señal de recompensa,0,0,1,0,2,25-34,M,Tecnica,0,179,synthetic_personalization_user_179@example.com,synthetic-personalization-uid-179,1,1,0,0,1,0,0,0.26,0.18
synthetic_scenario,personalization,42,12,launched,email,,3,Recompensa,Beneficio disponible,Plantilla con señal de recompensa,0,0,1,0,2,25-34,M,Tecnica,0,180,synthetic_personalization_user_180@example.com,synthetic-personalization-uid-180,1,1,0,0,1,0,0,0.26,0.18
synthetic_scenario,personalization,42,13,launched,email,,3,Recompensa,Beneficio disponible,Plantilla con señal de recompensa,0,0,1,0,3,35-44,F,Universitaria,0,181,synthetic_personalization_user_181@example.com,synthetic-personalization-uid-181,1,0,0,0,0,0,0,0.26,0.18
synthetic_scenario,personalization,42,13,launched,email,,3,Recompensa,Beneficio disponible,Plantilla con señal de recompensa,0,0,1,0,3,35-44,F,Universitaria,0,182,synthetic_personalization_user_182@example.com,synthetic-personalization-uid-182,1,0,0,0,0,0,0,0.26,0.18
synthetic_scenario,personalization,42,13,launched,email,,3,Recompensa,Beneficio disponible,Plantilla con señal de recompensa,0,0,1,0,3,35-44,F,Universitaria,0,183,synthetic_personalization_user_183@example.com,synthetic-personalization-uid-183,1,1,1,0,1,1,0,0.26,0.18
synthetic_scenario,personalization,42,13,launched,email,,3,Recompensa,Beneficio disponible,Plantilla con señal de recompensa,0,0,1,0,3,35-44,F,Universitaria,0,184,synthetic_personalization_user_184@example.com,synthetic-personalization-uid-184,1,0,0,0,0,0,0,0.26,0.18
synthetic_scenario,personalization,42,13,launched,email,,3,Recompensa,Beneficio disponible,Plantilla con señal de recompensa,0,0,1,0,3,35-44,F,Universitaria,0,185,synthetic_personalization_user_185@example.com,synthetic-personalization-uid-185,1,1,0,0,1,0,0,0.26,0.18
synthetic_scenario,personalization,42,13,launched,email,,3,Recompensa,Beneficio disponible,Plantilla con señal de recompensa,0,0,1,0,3,35-44,F,Universitaria,0,186,synthetic_personalization_user_186@example.com,synthetic-personalization-uid-186,1,0,0,0,0,0,0,0.26,0.18
synthetic_scenario,personalization,42,13,launched,email,,3,Recompensa,Beneficio disponible,Plantilla con señal de recompensa,0,0,1,0,3,35-44,F,Universitaria,0,187,synthetic_personalization_user_187@example.com,synthetic-personalization-uid-187,1,0,0,0,0,0,0,0.26,0.18
synthetic_scenario,personalization,42,13,launched,email,,3,Recompensa,Beneficio disponible,Plantilla con señal de recompensa,0,0,1,0,3,35-44,F,Universitaria,0,188,synthetic_personalization_user_188@example.com,synthetic-personalization-uid-188,1,0,0,0,0,0,0,0.26,0.18
synthetic_scenario,personalization,42,13,launched,email,,3,Recompensa,Beneficio disponible,Plantilla con señal de recompensa,0,0,1,0,3,35-44,F,Universitaria,0,189,synthetic_personalization_user_189@example.com,synthetic-personalization-uid-189,1,0,0,0,0,0,0,0.26,0.18
synthetic_scenario,personalization,42,13,launched,email,,3,Recompensa,Beneficio disponible,Plantilla con señal de recompensa,0,0,1,0,3,35-44,F,Universitaria,0,190,synthetic_personalization_user_190@example.com,synthetic-personalization-uid-190,1,0,0,0,0,0,0,0.26,0.18
synthetic_scenario,personalization,42,13,launched,email,,3,Recompensa,Beneficio disponible,Plantilla con señal de recompensa,0,0,1,0,3,35-44,F,Universitaria,0,191,synthetic_personalization_user_191@example.com,synthetic-personalization-uid-191,1,1,0,0,1,0,0,0.26,0.18
synthetic_scenario,personalization,42,13,launched,email,,3,Recompensa,Beneficio disponible,Plantilla con señal de recompensa,0,0,1,0,3,35-44,F,Universitaria,0,192,synthetic_personalization_user_192@example.com,synthetic-personalization-uid-192,1,1,0,0,1,0,0,0.26,0.18
synthetic_scenario,personalization,42,13,launched,email,,3,Recompensa,Beneficio disponible,Plantilla con señal de recompensa,0,0,1,0,3,35-44,F,Universitaria,0,193,synthetic_personalization_user_193@example.com,synthetic-personalization-uid-193,1,0,0,0,0,0,0,0.26,0.18
synthetic_scenario,personalization,42,13,launched,email,,3,Recompensa,Beneficio disponible,Plantilla con señal de recompensa,0,0,1,0,3,35-44,F,Universitaria,0,194,synthetic_personalization_user_194@example.com,synthetic-personalization-uid-194,1,0,0,0,0,0,0,0.26,0.18
synthetic_scenario,personalization,42,13,launched,email,,3,Recompensa,Beneficio disponible,Plantilla con señal de recompensa,0,0,1,0,3,35-44,F,Universitaria,0,195,synthetic_personalization_user_195@example.com,synthetic-personalization-uid-195,1,0,0,0,0,0,0,0.26,0.18
synthetic_scenario,personalization,42,14,launched,email,,3,Recompensa,Beneficio disponible,Plantilla con señal de recompensa,0,0,1,0,4,45-54,M,Posgrado,0,196,synthetic_personalization_user_196@example.com,synthetic-personalization-uid-196,1,0,0,0,0,0,0,0.26,0.18
synthetic_scenario,personalization,42,14,launched,email,,3,Recompensa,Beneficio disponible,Plantilla con señal de recompensa,0,0,1,0,4,45-54,M,Posgrado,0,197,synthetic_personalization_user_197@example.com,synthetic-personalization-uid-197,1,1,0,0,1,0,0,0.26,0.18
synthetic_scenario,personalization,42,14,launched,email,,3,Recompensa,Beneficio disponible,Plantilla con señal de recompensa,0,0,1,0,4,45-54,M,Posgrado,0,198,synthetic_personalization_user_198@example.com,synthetic-personalization-uid-198,1,0,0,0,0,0,0,0.26,0.18
synthetic_scenario,personalization,42,14,launched,email,,3,Recompensa,Beneficio disponible,Plantilla con señal de recompensa,0,0,1,0,4,45-54,M,Posgrado,0,199,synthetic_personalization_user_199@example.com,synthetic-personalization-uid-199,1,0,0,0,0,0,0,0.26,0.18
synthetic_scenario,personalization,42,14,launched,email,,3,Recompensa,Beneficio disponible,Plantilla con señal de recompensa,0,0,1,0,4,45-54,M,Posgrado,0,200,synthetic_personalization_user_200@example.com,synthetic-personalization-uid-200,1,1,0,0,1,0,0,0.26,0.18
synthetic_scenario,personalization,42,14,launched,email,,3,Recompensa,Beneficio disponible,Plantilla con señal de recompensa,0,0,1,0,4,45-54,M,Posgrado,0,201,synthetic_personalization_user_201@example.com,synthetic-personalization-uid-201,1,0,0,0,0,0,0,0.26,0.18
synthetic_scenario,personalization,42,14,launched,email,,3,Recompensa,Beneficio disponible,Plantilla con señal de recompensa,0,0,1,0,4,45-54,M,Posgrado,0,202,synthetic_personalization_user_202@example.com,synthetic-personalization-uid-202,1,0,0,0,0,0,0,0.26,0.18
synthetic_scenario,personalization,42,14,launched,email,,3,Recompensa,Beneficio disponible,Plantilla con señal de recompensa,0,0,1,0,4,45-54,M,Posgrado,0,203,synthetic_personalization_user_203@example.com,synthetic-personalization-uid-203,1,0,0,0,0,0,0,0.26,0.18
synthetic_scenario,personalization,42,14,launched,email,,3,Recompensa,Beneficio disponible,Plantilla con señal de recompensa,0,0,1,0,4,45-54,M,Posgrado,0,204,synthetic_personalization_user_204@example.com,synthetic-personalization-uid-204,1,0,0,0,0,0,0,0.26,0.18
synthetic_scenario,personalization,42,14,launched,email,,3,Recompensa,Beneficio disponible,Plantilla con señal de recompensa,0,0,1,0,4,45-54,M,Posgrado,0,205,synthetic_personalization_user_205@example.com,synthetic-personalization-uid-205,1,0,0,0,0,0,0,0.26,0.18
synthetic_scenario,personalization,42,14,launched,email,,3,Recompensa,Beneficio disponible,Plantilla con señal de recompensa,0,0,1,0,4,45-54,M,Posgrado,0,206,synthetic_personalization_user_206@example.com,synthetic-personalization-uid-206,1,1,0,0,1,0,0,0.26,0.18
synthetic_scenario,personalization,42,14,launched,email,,3,Recompensa,Beneficio disponible,Plantilla con señal de recompensa,0,0,1,0,4,45-54,M,Posgrado,0,207,synthetic_personalization_user_207@example.com,synthetic-personalization-uid-207,1,0,0,0,0,0,0,0.26,0.18
synthetic_scenario,personalization,42,14,launched,email,,3,Recompensa,Beneficio disponible,Plantilla con señal de recompensa,0,0,1,0,4,45-54,M,Posgrado,0,208,synthetic_personalization_user_208@example.com,synthetic-personalization-uid-208,1,0,0,0,0,0,0,0.26,0.18
synthetic_scenario,personalization,42,14,launched,email,,3,Recompensa,Beneficio disponible,Plantilla con señal de recompensa,0,0,1,0,4,45-54,M,Posgrado,0,209,synthetic_personalization_user_209@example.com,synthetic-personalization-uid-209,1,0,0,0,0,0,0,0.26,0.18
synthetic_scenario,personalization,42,14,launched,email,,3,Recompensa,Beneficio disponible,Plantilla con señal de recompensa,0,0,1,0,4,45-54,M,Posgrado,0,210,synthetic_personalization_user_210@example.com,synthetic-personalization-uid-210,1,0,0,0,0,0,0,0.26,0.18
synthetic_scenario,personalization,42,15,launched,email,,3,Recompensa,Beneficio disponible,Plantilla con señal de recompensa,0,0,1,0,5,55+,F,Universitaria,0,211,synthetic_personalization_user_211@example.com,synthetic-personalization-uid-211,1,1,0,0,1,0,0,0.26,0.18
synthetic_scenario,personalization,42,15,launched,email,,3,Recompensa,Beneficio disponible,Plantilla con señal de recompensa,0,0,1,0,5,55+,F,Universitaria,0,212,synthetic_personalization_user_212@example.com,synthetic-personalization-uid-212,1,0,0,0,0,0,0,0.26,0.18
synthetic_scenario,personalization,42,15,launched,email,,3,Recompensa,Beneficio disponible,Plantilla con señal de recompensa,0,0,1,0,5,55+,F,Universitaria,0,213,synthetic_personalization_user_213@example.com,synthetic-personalization-uid-213,1,0,0,0,0,0,0,0.26,0.18
synthetic_scenario,personalization,42,15,launched,email,,3,Recompensa,Beneficio disponible,Plantilla con señal de recompensa,0,0,1,0,5,55+,F,Universitaria,0,214,synthetic_personalization_user_214@example.com,synthetic-personalization-uid-214,1,0,0,0,0,0,0,0.26,0.18
synthetic_scenario,personalization,42,15,launched,email,,3,Recompensa,Beneficio disponible,Plantilla con señal de recompensa,0,0,1,0,5,55+,F,Universitaria,0,215,synthetic_personalization_user_215@example.com,synthetic-personalization-uid-215,1,1,1,0,1,1,0,0.26,0.18
synthetic_scenario,personalization,42,15,launched,email,,3,Recompensa,Beneficio disponible,Plantilla con señal de recompensa,0,0,1,0,5,55+,F,Universitaria,0,216,synthetic_personalization_user_216@example.com,synthetic-personalization-uid-216,1,1,0,0,1,0,0,0.26,0.18
synthetic_scenario,personalization,42,15,launched,email,,3,Recompensa,Beneficio disponible,Plantilla con señal de recompensa,0,0,1,0,5,55+,F,Universitaria,0,217,synthetic_personalization_user_217@example.com,synthetic-personalization-uid-217,1,0,0,0,0,0,0,0.26,0.18
synthetic_scenario,personalization,42,15,launched,email,,3,Recompensa,Beneficio disponible,Plantilla con señal de recompensa,0,0,1,0,5,55+,F,Universitaria,0,218,synthetic_personalization_user_218@example.com,synthetic-personalization-uid-218,1,0,0,0,0,0,0,0.26,0.18
synthetic_scenario,personalization,42,15,launched,email,,3,Recompensa,Beneficio disponible,Plantilla con señal de recompensa,0,0,1,0,5,55+,F,Universitaria,0,219,synthetic_personalization_user_219@example.com,synthetic-personalization-uid-219,1,0,0,0,0,0,0,0.26,0.18
synthetic_scenario,personalization,42,15,launched,email,,3,Recompensa,Beneficio disponible,Plantilla con señal de recompensa,0,0,1,0,5,55+,F,Universitaria,0,220,synthetic_personalization_user_220@example.com,synthetic-personalization-uid-220,1,1,0,0,1,0,0,0.26,0.18
synthetic_scenario,personalization,42,15,launched,email,,3,Recompensa,Beneficio disponible,Plantilla con señal de recompensa,0,0,1,0,5,55+,F,Universitaria,0,221,synthetic_personalization_user_221@example.com,synthetic-personalization-uid-221,1,0,0,0,0,0,0,0.26,0.18
synthetic_scenario,personalization,42,15,launched,email,,3,Recompensa,Beneficio disponible,Plantilla con señal de recompensa,0,0,1,0,5,55+,F,Universitaria,0,222,synthetic_personalization_user_222@example.com,synthetic-personalization-uid-222,1,0,0,0,0,0,0,0.26,0.18
synthetic_scenario,personalization,42,15,launched,email,,3,Recompensa,Beneficio disponible,Plantilla con señal de recompensa,0,0,1,0,5,55+,F,Universitaria,0,223,synthetic_personalization_user_223@example.com,synthetic-personalization-uid-223,1,0,0,0,0,0,0,0.26,0.18
synthetic_scenario,personalization,42,15,launched,email,,3,Recompensa,Beneficio disponible,Plantilla con señal de recompensa,0,0,1,0,5,55+,F,Universitaria,0,224,synthetic_personalization_user_224@example.com,synthetic-personalization-uid-224,1,0,0,0,0,0,0,0.26,0.18
synthetic_scenario,personalization,42,15,launched,email,,3,Recompensa,Beneficio disponible,Plantilla con señal de recompensa,0,0,1,0,5,55+,F,Universitaria,0,225,synthetic_personalization_user_225@example.com,synthetic-personalization-uid-225,1,1,0,0,1,0,0,0.26,0.18
synthetic_scenario,personalization,42,16,launched,email,,4,Personalización,Actualización para usted,Plantilla con personalización,0,0,0,1,1,18-24,F,Secundaria,1,226,synthetic_personalization_user_226@example.com,synthetic-personalization-uid-226,1,1,1,0,1,1,0,0.48,0.18
synthetic_scenario,personalization,42,16,launched,email,,4,Personalización,Actualización para usted,Plantilla con personalización,0,0,0,1,1,18-24,F,Secundaria,1,227,synthetic_personalization_user_227@example.com,synthetic-personalization-uid-227,1,0,0,0,0,0,0,0.48,0.18
synthetic_scenario,personalization,42,16,launched,email,,4,Personalización,Actualización para usted,Plantilla con personalización,0,0,0,1,1,18-24,F,Secundaria,1,228,synthetic_personalization_user_228@example.com,synthetic-personalization-uid-228,1,0,0,0,0,0,0,0.48,0.18
synthetic_scenario,personalization,42,16,launched,email,,4,Personalización,Actualización para usted,Plantilla con personalización,0,0,0,1,1,18-24,F,Secundaria,1,229,synthetic_personalization_user_229@example.com,synthetic-personalization-uid-229,1,1,0,0,1,0,0,0.48,0.18
synthetic_scenario,personalization,42,16,launched,email,,4,Personalización,Actualización para usted,Plantilla con personalización,0,0,0,1,1,18-24,F,Secundaria,1,230,synthetic_personalization_user_230@example.com,synthetic-personalization-uid-230,1,0,0,0,0,0,0,0.48,0.18
synthetic_scenario,personalization,42,16,launched,email,,4,Personalización,Actualización para usted,Plantilla con personalización,0,0,0,1,1,18-24,F,Secundaria,1,231,synthetic_personalization_user_231@example.com,synthetic-personalization-uid-231,1,1,1,0,1,1,0,0.48,0.18
synthetic_scenario,personalization,42,16,launched,email,,4,Personalización,Actualización para usted,Plantilla con personalización,0,0,0,1,1,18-24,F,Secundaria,1,232,synthetic_personalization_user_232@example.com,synthetic-personalization-uid-232,1,1,0,0,1,0,0,0.48,0.18
synthetic_scenario,personalization,42,16,launched,email,,4,Personalización,Actualización para usted,Plantilla con personalización,0,0,0,1,1,18-24,F,Secundaria,1,233,synthetic_personalization_user_233@example.com,synthetic-personalization-uid-233,1,0,0,0,0,0,0,0.48,0.18
synthetic_scenario,personalization,42,16,launched,email,,4,Personalización,Actualización para usted,Plantilla con personalización,0,0,0,1,1,18-24,F,Secundaria,1,234,synthetic_personalization_user_234@example.com,synthetic-personalization-uid-234,1,0,0,0,0,0,0,0.48,0.18
synthetic_scenario,personalization,42,16,launched,email,,4,Personalización,Actualización para usted,Plantilla con personalización,0,0,0,1,1,18-24,F,Secundaria,1,235,synthetic_personalization_user_235@example.com,synthetic-personalization-uid-235,1,0,0,0,0,0,0,0.48,0.18
synthetic_scenario,personalization,42,16,launched,email,,4,Personalización,Actualización para usted,Plantilla con personalización,0,0,0,1,1,18-24,F,Secundaria,1,236,synthetic_personalization_user_236@example.com,synthetic-personalization-uid-236,1,0,0,0,0,0,0,0.48,0.18
synthetic_scenario,personalization,42,16,launched,email,,4,Personalización,Actualización para usted,Plantilla con personalización,0,0,0,1,1,18-24,F,Secundaria,1,237,synthetic_personalization_user_237@example.com,synthetic-personalization-uid-237,1,1,1,0,1,1,0,0.48,0.18
synthetic_scenario,personalization,42,16,launched,email,,4,Personalización,Actualización para usted,Plantilla con personalización,0,0,0,1,1,18-24,F,Secundaria,1,238,synthetic_personalization_user_238@example.com,synthetic-personalization-uid-238,1,1,0,0,1,0,0,0.48,0.18
synthetic_scenario,personalization,42,16,launched,email,,4,Personalización,Actualización para usted,Plantilla con personalización,0,0,0,1,1,18-24,F,Secundaria,1,239,synthetic_personalization_user_239@example.com,synthetic-personalization-uid-239,1,0,0,0,0,0,0,0.48,0.18
synthetic_scenario,personalization,42,16,launched,email,,4,Personalización,Actualización para usted,Plantilla con personalización,0,0,0,1,1,18-24,F,Secundaria,1,240,synthetic_personalization_user_240@example.com,synthetic-personalization-uid-240,1,0,0,0,0,0,0,0.48,0.18
synthetic_scenario,personalization,42,17,launched,email,,4,Personalización,Actualización para usted,Plantilla con personalización,0,0,0,1,2,25-34,M,Tecnica,0,241,synthetic_personalization_user_241@example.com,synthetic-personalization-uid-241,1,0,0,0,0,0,0,0.48,0.18
synthetic_scenario,personalization,42,17,launched,email,,4,Personalización,Actualización para usted,Plantilla con personalización,0,0,0,1,2,25-34,M,Tecnica,0,242,synthetic_personalization_user_242@example.com,synthetic-personalization-uid-242,1,1,0,0,1,0,0,0.48,0.18
synthetic_scenario,personalization,42,17,launched,email,,4,Personalización,Actualización para usted,Plantilla con personalización,0,0,0,1,2,25-34,M,Tecnica,0,243,synthetic_personalization_user_243@example.com,synthetic-personalization-uid-243,1,1,0,0,1,0,0,0.48,0.18
synthetic_scenario,personalization,42,17,launched,email,,4,Personalización,Actualización para usted,Plantilla con personalización,0,0,0,1,2,25-34,M,Tecnica,0,244,synthetic_personalization_user_244@example.com,synthetic-personalization-uid-244,1,0,0,0,0,0,0,0.48,0.18
synthetic_scenario,personalization,42,17,launched,email,,4,Personalización,Actualización para usted,Plantilla con personalización,0,0,0,1,2,25-34,M,Tecnica,0,245,synthetic_personalization_user_245@example.com,synthetic-personalization-uid-245,1,1,0,0,1,0,0,0.48,0.18
synthetic_scenario,personalization,42,17,launched,email,,4,Personalización,Actualización para usted,Plantilla con personalización,0,0,0,1,2,25-34,M,Tecnica,0,246,synthetic_personalization_user_246@example.com,synthetic-personalization-uid-246,1,1,0,0,1,0,0,0.48,0.18
synthetic_scenario,personalization,42,17,launched,email,,4,Personalización,Actualización para usted,Plantilla con personalización,0,0,0,1,2,25-34,M,Tecnica,0,247,synthetic_personalization_user_247@example.com,synthetic-personalization-uid-247,1,0,0,0,0,0,0,0.48,0.18
synthetic_scenario,personalization,42,17,launched,email,,4,Personalización,Actualización para usted,Plantilla con personalización,0,0,0,1,2,25-34,M,Tecnica,0,248,synthetic_personalization_user_248@example.com,synthetic-personalization-uid-248,1,0,0,0,0,0,0,0.48,0.18
synthetic_scenario,personalization,42,17,launched,email,,4,Personalización,Actualización para usted,Plantilla con personalización,0,0,0,1,2,25-34,M,Tecnica,0,249,synthetic_personalization_user_249@example.com,synthetic-personalization-uid-249,1,0,0,0,0,0,0,0.48,0.18
synthetic_scenario,personalization,42,17,launched,email,,4,Personalización,Actualización para usted,Plantilla con personalización,0,0,0,1,2,25-34,M,Tecnica,0,250,synthetic_personalization_user_250@example.com,synthetic-personalization-uid-250,1,0,0,0,0,0,0,0.48,0.18
synthetic_scenario,personalization,42,17,launched,email,,4,Personalización,Actualización para usted,Plantilla con personalización,0,0,0,1,2,25-34,M,Tecnica,0,251,synthetic_personalization_user_251@example.com,synthetic-personalization-uid-251,1,1,0,0,1,0,0,0.48,0.18
synthetic_scenario,personalization,42,17,launched,email,,4,Personalización,Actualización para usted,Plantilla con personalización,0,0,0,1,2,25-34,M,Tecnica,0,252,synthetic_personalization_user_252@example.com,synthetic-personalization-uid-252,1,1,0,0,1,0,0,0.48,0.18
synthetic_scenario,personalization,42,17,launched,email,,4,Personalización,Actualización para usted,Plantilla con personalización,0,0,0,1,2,25-34,M,Tecnica,0,253,synthetic_personalization_user_253@example.com,synthetic-personalization-uid-253,1,0,0,0,0,0,0,0.48,0.18
synthetic_scenario,personalization,42,17,launched,email,,4,Personalización,Actualización para usted,Plantilla con personalización,0,0,0,1,2,25-34,M,Tecnica,0,254,synthetic_personalization_user_254@example.com,synthetic-personalization-uid-254,1,0,0,0,0,0,0,0.48,0.18
synthetic_scenario,personalization,42,17,launched,email,,4,Personalización,Actualización para usted,Plantilla con personalización,0,0,0,1,2,25-34,M,Tecnica,0,255,synthetic_personalization_user_255@example.com,synthetic-personalization-uid-255,1,0,0,0,0,0,0,0.48,0.18
synthetic_scenario,personalization,42,18,launched,email,,4,Personalización,Actualización para usted,Plantilla con personalización,0,0,0,1,3,35-44,F,Universitaria,0,256,synthetic_personalization_user_256@example.com,synthetic-personalization-uid-256,1,1,0,0,1,0,0,0.48,0.18
synthetic_scenario,personalization,42,18,launched,email,,4,Personalización,Actualización para usted,Plantilla con personalización,0,0,0,1,3,35-44,F,Universitaria,0,257,synthetic_personalization_user_257@example.com,synthetic-personalization-uid-257,1,1,0,0,1,0,0,0.48,0.18
synthetic_scenario,personalization,42,18,launched,email,,4,Personalización,Actualización para usted,Plantilla con personalización,0,0,0,1,3,35-44,F,Universitaria,0,258,synthetic_personalization_user_258@example.com,synthetic-personalization-uid-258,1,0,0,0,0,0,0,0.48,0.18
synthetic_scenario,personalization,42,18,launched,email,,4,Personalización,Actualización para usted,Plantilla con personalización,0,0,0,1,3,35-44,F,Universitaria,0,259,synthetic_personalization_user_259@example.com,synthetic-personalization-uid-259,1,1,0,0,1,0,0,0.48,0.18
synthetic_scenario,personalization,42,18,launched,email,,4,Personalización,Actualización para usted,Plantilla con personalización,0,0,0,1,3,35-44,F,Universitaria,0,260,synthetic_personalization_user_260@example.com,synthetic-personalization-uid-260,1,1,0,0,1,0,0,0.48,0.18
synthetic_scenario,personalization,42,18,launched,email,,4,Personalización,Actualización para usted,Plantilla con personalización,0,0,0,1,3,35-44,F,Universitaria,0,261,synthetic_personalization_user_261@example.com,synthetic-personalization-uid-261,1,0,0,0,0,0,0,0.48,0.18
synthetic_scenario,personalization,42,18,launched,email,,4,Personalización,Actualización para usted,Plantilla con personalización,0,0,0,1,3,35-44,F,Universitaria,0,262,synthetic_personalization_user_262@example.com,synthetic-personalization-uid-262,1,1,1,0,1,1,0,0.48,0.18
synthetic_scenario,personalization,42,18,launched,email,,4,Personalización,Actualización para usted,Plantilla con personalización,0,0,0,1,3,35-44,F,Universitaria,0,263,synthetic_personalization_user_263@example.com,synthetic-personalization-uid-263,1,1,0,0,1,0,0,0.48,0.18
synthetic_scenario,personalization,42,18,launched,email,,4,Personalización,Actualización para usted,Plantilla con personalización,0,0,0,1,3,35-44,F,Universitaria,0,264,synthetic_personalization_user_264@example.com,synthetic-personalization-uid-264,1,0,0,0,0,0,0,0.48,0.18
synthetic_scenario,personalization,42,18,launched,email,,4,Personalización,Actualización para usted,Plantilla con personalización,0,0,0,1,3,35-44,F,Universitaria,0,265,synthetic_personalization_user_265@example.com,synthetic-personalization-uid-265,1,0,0,0,0,0,0,0.48,0.18
synthetic_scenario,personalization,42,18,launched,email,,4,Personalización,Actualización para usted,Plantilla con personalización,0,0,0,1,3,35-44,F,Universitaria,0,266,synthetic_personalization_user_266@example.com,synthetic-personalization-uid-266,1,1,0,0,1,0,0,0.48,0.18
synthetic_scenario,personalization,42,18,launched,email,,4,Personalización,Actualización para usted,Plantilla con personalización,0,0,0,1,3,35-44,F,Universitaria,0,267,synthetic_personalization_user_267@example.com,synthetic-personalization-uid-267,1,1,0,0,1,0,0,0.48,0.18
synthetic_scenario,personalization,42,18,launched,email,,4,Personalización,Actualización para usted,Plantilla con personalización,0,0,0,1,3,35-44,F,Universitaria,0,268,synthetic_personalization_user_268@example.com,synthetic-personalization-uid-268,1,0,0,0,0,0,0,0.48,0.18
synthetic_scenario,personalization,42,18,launched,email,,4,Personalización,Actualización para usted,Plantilla con personalización,0,0,0,1,3,35-44,F,Universitaria,0,269,synthetic_personalization_user_269@example.com,synthetic-personalization-uid-269,1,0,0,0,0,0,0,0.48,0.18
synthetic_scenario,personalization,42,18,launched,email,,4,Personalización,Actualización para usted,Plantilla con personalización,0,0,0,1,3,35-44,F,Universitaria,0,270,synthetic_personalization_user_270@example.com,synthetic-personalization-uid-270,1,1,0,0,1,0,0,0.48,0.18
synthetic_scenario,personalization,42,19,launched,email,,4,Personalización,Actualización para usted,Plantilla con personalización,0,0,0,1,4,45-54,M,Posgrado,0,271,synthetic_personalization_user_271@example.com,synthetic-personalization-uid-271,1,1,0,0,1,0,0,0.48,0.18
synthetic_scenario,personalization,42,19,launched,email,,4,Personalización,Actualización para usted,Plantilla con personalización,0,0,0,1,4,45-54,M,Posgrado,0,272,synthetic_personalization_user_272@example.com,synthetic-personalization-uid-272,1,1,1,0,1,1,0,0.48,0.18
synthetic_scenario,personalization,42,19,launched,email,,4,Personalización,Actualización para usted,Plantilla con personalización,0,0,0,1,4,45-54,M,Posgrado,0,273,synthetic_personalization_user_273@example.com,synthetic-personalization-uid-273,1,1,0,0,1,0,0,0.48,0.18
synthetic_scenario,personalization,42,19,launched,email,,4,Personalización,Actualización para usted,Plantilla con personalización,0,0,0,1,4,45-54,M,Posgrado,0,274,synthetic_personalization_user_274@example.com,synthetic-personalization-uid-274,1,1,0,0,1,0,0,0.48,0.18
synthetic_scenario,personalization,42,19,launched,email,,4,Personalización,Actualización para usted,Plantilla con personalización,0,0,0,1,4,45-54,M,Posgrado,0,275,synthetic_personalization_user_275@example.com,synthetic-personalization-uid-275,1,0,0,0,0,0,0,0.48,0.18
synthetic_scenario,personalization,42,19,launched,email,,4,Personalización,Actualización para usted,Plantilla con personalización,0,0,0,1,4,45-54,M,Posgrado,0,276,synthetic_personalization_user_276@example.com,synthetic-personalization-uid-276,1,1,0,0,1,0,0,0.48,0.18
synthetic_scenario,personalization,42,19,launched,email,,4,Personalización,Actualización para usted,Plantilla con personalización,0,0,0,1,4,45-54,M,Posgrado,0,277,synthetic_personalization_user_277@example.com,synthetic-personalization-uid-277,1,1,0,0,1,0,0,0.48,0.18
synthetic_scenario,personalization,42,19,launched,email,,4,Personalización,Actualización para usted,Plantilla con personalización,0,0,0,1,4,45-54,M,Posgrado,0,278,synthetic_personalization_user_278@example.com,synthetic-personalization-uid-278,1,1,0,0,1,0,0,0.48,0.18
synthetic_scenario,personalization,42,19,launched,email,,4,Personalización,Actualización para usted,Plantilla con personalización,0,0,0,1,4,45-54,M,Posgrado,0,279,synthetic_personalization_user_279@example.com,synthetic-personalization-uid-279,1,0,0,0,0,0,0,0.48,0.18
synthetic_scenario,personalization,42,19,launched,email,,4,Personalización,Actualización para usted,Plantilla con personalización,0,0,0,1,4,45-54,M,Posgrado,0,280,synthetic_personalization_user_280@example.com,synthetic-personalization-uid-280,1,0,0,0,0,0,0,0.48,0.18
synthetic_scenario,personalization,42,19,launched,email,,4,Personalización,Actualización para usted,Plantilla con personalización,0,0,0,1,4,45-54,M,Posgrado,0,281,synthetic_personalization_user_281@example.com,synthetic-personalization-uid-281,1,0,0,0,0,0,0,0.48,0.18
synthetic_scenario,personalization,42,19,launched,email,,4,Personalización,Actualización para usted,Plantilla con personalización,0,0,0,1,4,45-54,M,Posgrado,0,282,synthetic_personalization_user_282@example.com,synthetic-personalization-uid-282,1,0,0,0,0,0,0,0.48,0.18
synthetic_scenario,personalization,42,19,launched,email,,4,Personalización,Actualización para usted,Plantilla con personalización,0,0,0,1,4,45-54,M,Posgrado,0,283,synthetic_personalization_user_283@example.com,synthetic-personalization-uid-283,1,1,1,0,1,1,0,0.48,0.18
synthetic_scenario,personalization,42,19,launched,email,,4,Personalización,Actualización para usted,Plantilla con personalización,0,0,0,1,4,45-54,M,Posgrado,0,284,synthetic_personalization_user_284@example.com,synthetic-personalization-uid-284,1,0,0,0,0,0,0,0.48,0.18
synthetic_scenario,personalization,42,19,launched,email,,4,Personalización,Actualización para usted,Plantilla con personalización,0,0,0,1,4,45-54,M,Posgrado,0,285,synthetic_personalization_user_285@example.com,synthetic-personalization-uid-285,1,1,0,0,1,0,0,0.48,0.18
synthetic_scenario,personalization,42,20,launched,email,,4,Personalización,Actualización para usted,Plantilla con personalización,0,0,0,1,5,55+,F,Universitaria,0,286,synthetic_personalization_user_286@example.com,synthetic-personalization-uid-286,1,0,0,0,0,0,0,0.48,0.18
synthetic_scenario,personalization,42,20,launched,email,,4,Personalización,Actualización para usted,Plantilla con personalización,0,0,0,1,5,55+,F,Universitaria,0,287,synthetic_personalization_user_287@example.com,synthetic-personalization-uid-287,1,0,0,0,0,0,0,0.48,0.18
synthetic_scenario,personalization,42,20,launched,email,,4,Personalización,Actualización para usted,Plantilla con personalización,0,0,0,1,5,55+,F,Universitaria,0,288,synthetic_personalization_user_288@example.com,synthetic-personalization-uid-288,1,1,0,0,1,0,0,0.48,0.18
synthetic_scenario,personalization,42,20,launched,email,,4,Personalización,Actualización para usted,Plantilla con personalización,0,0,0,1,5,55+,F,Universitaria,0,289,synthetic_personalization_user_289@example.com,synthetic-personalization-uid-289,1,1,0,0,1,0,0,0.48,0.18
synthetic_scenario,personalization,42,20,launched,email,,4,Personalización,Actualización para usted,Plantilla con personalización,0,0,0,1,5,55+,F,Universitaria,0,290,synthetic_personalization_user_290@example.com,synthetic-personalization-uid-290,1,1,1,0,1,1,0,0.48,0.18
synthetic_scenario,personalization,42,20,launched,email,,4,Personalización,Actualización para usted,Plantilla con personalización,0,0,0,1,5,55+,F,Universitaria,0,291,synthetic_personalization_user_291@example.com,synthetic-personalization-uid-291,1,1,0,0,1,0,0,0.48,0.18
synthetic_scenario,personalization,42,20,launched,email,,4,Personalización,Actualización para usted,Plantilla con personalización,0,0,0,1,5,55+,F,Universitaria,0,292,synthetic_personalization_user_292@example.com,synthetic-personalization-uid-292,1,0,0,0,0,0,0,0.48,0.18
synthetic_scenario,personalization,42,20,launched,email,,4,Personalización,Actualización para usted,Plantilla con personalización,0,0,0,1,5,55+,F,Universitaria,0,293,synthetic_personalization_user_293@example.com,synthetic-personalization-uid-293,1,0,0,0,0,0,0,0.48,0.18
synthetic_scenario,personalization,42,20,launched,email,,4,Personalización,Actualización para usted,Plantilla con personalización,0,0,0,1,5,55+,F,Universitaria,0,294,synthetic_personalization_user_294@example.com,synthetic-personalization-uid-294,1,0,0,0,0,0,0,0.48,0.18
synthetic_scenario,personalization,42,20,launched,email,,4,Personalización,Actualización para usted,Plantilla con personalización,0,0,0,1,5,55+,F,Universitaria,0,295,synthetic_personalization_user_295@example.com,synthetic-personalization-uid-295,1,1,0,0,1,0,0,0.48,0.18
synthetic_scenario,personalization,42,20,launched,email,,4,Personalización,Actualización para usted,Plantilla con personalización,0,0,0,1,5,55+,F,Universitaria,0,296,synthetic_personalization_user_296@example.com,synthetic-personalization-uid-296,1,1,0,0,1,0,0,0.48,0.18
synthetic_scenario,personalization,42,20,launched,email,,4,Personalización,Actualización para usted,Plantilla con personalización,0,0,0,1,5,55+,F,Universitaria,0,297,synthetic_personalization_user_297@example.com,synthetic-personalization-uid-297,1,1,0,0,1,0,0,0.48,0.18
synthetic_scenario,personalization,42,20,launched,email,,4,Personalización,Actualización para usted,Plantilla con personalización,0,0,0,1,5,55+,F,Universitaria,0,298,synthetic_personalization_user_298@example.com,synthetic-personalization-uid-298,1,0,0,0,0,0,0,0.48,0.18
synthetic_scenario,personalization,42,20,launched,email,,4,Personalización,Actualización para usted,Plantilla con personalización,0,0,0,1,5,55+,F,Universitaria,0,299,synthetic_personalization_user_299@example.com,synthetic-personalization-uid-299,1,1,0,0,1,0,0,0.48,0.18
synthetic_scenario,personalization,42,20,launched,email,,4,Personalización,Actualización para usted,Plantilla con personalización,0,0,0,1,5,55+,F,Universitaria,0,300,synthetic_personalization_user_300@example.com,synthetic-personalization-uid-300,1,1,0,0,1,0,0,0.48,0.18
synthetic_scenario,personalization,42,21,launched,email,,5,Urgencia + Autoridad,Aviso urgente institucional,Plantilla combinada,1,1,0,0,1,18-24,F,Secundaria,1,301,synthetic_personalization_user_301@example.com,synthetic-personalization-uid-301,1,0,0,0,0,0,0,0.26,0.18
synthetic_scenario,personalization,42,21,launched,email,,5,Urgencia + Autoridad,Aviso urgente institucional,Plantilla combinada,1,1,0,0,1,18-24,F,Secundaria,1,302,synthetic_personalization_user_302@example.com,synthetic-personalization-uid-302,1,0,0,0,0,0,0,0.26,0.18
synthetic_scenario,personalization,42,21,launched,email,,5,Urgencia + Autoridad,Aviso urgente institucional,Plantilla combinada,1,1,0,0,1,18-24,F,Secundaria,1,303,synthetic_personalization_user_303@example.com,synthetic-personalization-uid-303,1,1,1,0,1,1,0,0.26,0.18
synthetic_scenario,personalization,42,21,launched,email,,5,Urgencia + Autoridad,Aviso urgente institucional,Plantilla combinada,1,1,0,0,1,18-24,F,Secundaria,1,304,synthetic_personalization_user_304@example.com,synthetic-personalization-uid-304,1,0,0,0,0,0,0,0.26,0.18
synthetic_scenario,personalization,42,21,launched,email,,5,Urgencia + Autoridad,Aviso urgente institucional,Plantilla combinada,1,1,0,0,1,18-24,F,Secundaria,1,305,synthetic_personalization_user_305@example.com,synthetic-personalization-uid-305,1,0,0,0,0,0,0,0.26,0.18
synthetic_scenario,personalization,42,21,launched,email,,5,Urgencia + Autoridad,Aviso urgente institucional,Plantilla combinada,1,1,0,0,1,18-24,F,Secundaria,1,306,synthetic_personalization_user_306@example.com,synthetic-personalization-uid-306,1,0,0,0,0,0,0,0.26,0.18
synthetic_scenario,personalization,42,21,launched,email,,5,Urgencia + Autoridad,Aviso urgente institucional,Plantilla combinada,1,1,0,0,1,18-24,F,Secundaria,1,307,synthetic_personalization_user_307@example.com,synthetic-personalization-uid-307,1,0,0,0,0,0,0,0.26,0.18
synthetic_scenario,personalization,42,21,launched,email,,5,Urgencia + Autoridad,Aviso urgente institucional,Plantilla combinada,1,1,0,0,1,18-24,F,Secundaria,1,308,synthetic_personalization_user_308@example.com,synthetic-personalization-uid-308,1,0,0,0,0,0,0,0.26,0.18
synthetic_scenario,personalization,42,21,launched,email,,5,Urgencia + Autoridad,Aviso urgente institucional,Plantilla combinada,1,1,0,0,1,18-24,F,Secundaria,1,309,synthetic_personalization_user_309@example.com,synthetic-personalization-uid-309,1,0,0,0,0,0,0,0.26,0.18
synthetic_scenario,personalization,42,21,launched,email,,5,Urgencia + Autoridad,Aviso urgente institucional,Plantilla combinada,1,1,0,0,1,18-24,F,Secundaria,1,310,synthetic_personalization_user_310@example.com,synthetic-personalization-uid-310,1,1,0,0,1,0,0,0.26,0.18
synthetic_scenario,personalization,42,21,launched,email,,5,Urgencia + Autoridad,Aviso urgente institucional,Plantilla combinada,1,1,0,0,1,18-24,F,Secundaria,1,311,synthetic_personalization_user_311@example.com,synthetic-personalization-uid-311,1,1,0,0,1,0,0,0.26,0.18
synthetic_scenario,personalization,42,21,launched,email,,5,Urgencia + Autoridad,Aviso urgente institucional,Plantilla combinada,1,1,0,0,1,18-24,F,Secundaria,1,312,synthetic_personalization_user_312@example.com,synthetic-personalization-uid-312,1,0,0,0,0,0,0,0.26,0.18
synthetic_scenario,personalization,42,21,launched,email,,5,Urgencia + Autoridad,Aviso urgente institucional,Plantilla combinada,1,1,0,0,1,18-24,F,Secundaria,1,313,synthetic_personalization_user_313@example.com,synthetic-personalization-uid-313,1,0,0,0,0,0,0,0.26,0.18
synthetic_scenario,personalization,42,21,launched,email,,5,Urgencia + Autoridad,Aviso urgente institucional,Plantilla combinada,1,1,0,0,1,18-24,F,Secundaria,1,314,synthetic_personalization_user_314@example.com,synthetic-personalization-uid-314,1,1,0,0,1,0,0,0.26,0.18
synthetic_scenario,personalization,42,21,launched,email,,5,Urgencia + Autoridad,Aviso urgente institucional,Plantilla combinada,1,1,0,0,1,18-24,F,Secundaria,1,315,synthetic_personalization_user_315@example.com,synthetic-personalization-uid-315,1,0,0,0,0,0,0,0.26,0.18
synthetic_scenario,personalization,42,22,launched,email,,5,Urgencia + Autoridad,Aviso urgente institucional,Plantilla combinada,1,1,0,0,2,25-34,M,Tecnica,0,316,synthetic_personalization_user_316@example.com,synthetic-personalization-uid-316,1,1,0,0,1,0,0,0.26,0.18
synthetic_scenario,personalization,42,22,launched,email,,5,Urgencia + Autoridad,Aviso urgente institucional,Plantilla combinada,1,1,0,0,2,25-34,M,Tecnica,0,317,synthetic_personalization_user_317@example.com,synthetic-personalization-uid-317,1,0,0,0,0,0,0,0.26,0.18
synthetic_scenario,personalization,42,22,launched,email,,5,Urgencia + Autoridad,Aviso urgente institucional,Plantilla combinada,1,1,0,0,2,25-34,M,Tecnica,0,318,synthetic_personalization_user_318@example.com,synthetic-personalization-uid-318,1,1,0,0,1,0,0,0.26,0.18
synthetic_scenario,personalization,42,22,launched,email,,5,Urgencia + Autoridad,Aviso urgente institucional,Plantilla combinada,1,1,0,0,2,25-34,M,Tecnica,0,319,synthetic_personalization_user_319@example.com,synthetic-personalization-uid-319,1,1,0,0,1,0,0,0.26,0.18
synthetic_scenario,personalization,42,22,launched,email,,5,Urgencia + Autoridad,Aviso urgente institucional,Plantilla combinada,1,1,0,0,2,25-34,M,Tecnica,0,320,synthetic_personalization_user_320@example.com,synthetic-personalization-uid-320,1,0,0,0,0,0,0,0.26,0.18
synthetic_scenario,personalization,42,22,launched,email,,5,Urgencia + Autoridad,Aviso urgente institucional,Plantilla combinada,1,1,0,0,2,25-34,M,Tecnica,0,321,synthetic_personalization_user_321@example.com,synthetic-personalization-uid-321,1,1,0,0,1,0,0,0.26,0.18
synthetic_scenario,personalization,42,22,launched,email,,5,Urgencia + Autoridad,Aviso urgente institucional,Plantilla combinada,1,1,0,0,2,25-34,M,Tecnica,0,322,synthetic_personalization_user_322@example.com,synthetic-personalization-uid-322,1,1,0,0,1,0,0,0.26,0.18
synthetic_scenario,personalization,42,22,launched,email,,5,Urgencia + Autoridad,Aviso urgente institucional,Plantilla combinada,1,1,0,0,2,25-34,M,Tecnica,0,323,synthetic_personalization_user_323@example.com,synthetic-personalization-uid-323,1,0,0,0,0,0,0,0.26,0.18
synthetic_scenario,personalization,42,22,launched,email,,5,Urgencia + Autoridad,Aviso urgente institucional,Plantilla combinada,1,1,0,0,2,25-34,M,Tecnica,0,324,synthetic_personalization_user_324@example.com,synthetic-personalization-uid-324,1,1,0,0,1,0,0,0.26,0.18
synthetic_scenario,personalization,42,22,launched,email,,5,Urgencia + Autoridad,Aviso urgente institucional,Plantilla combinada,1,1,0,0,2,25-34,M,Tecnica,0,325,synthetic_personalization_user_325@example.com,synthetic-personalization-uid-325,1,0,0,0,0,0,0,0.26,0.18
synthetic_scenario,personalization,42,22,launched,email,,5,Urgencia + Autoridad,Aviso urgente institucional,Plantilla combinada,1,1,0,0,2,25-34,M,Tecnica,0,326,synthetic_personalization_user_326@example.com,synthetic-personalization-uid-326,1,0,0,0,0,0,0,0.26,0.18
synthetic_scenario,personalization,42,22,launched,email,,5,Urgencia + Autoridad,Aviso urgente institucional,Plantilla combinada,1,1,0,0,2,25-34,M,Tecnica,0,327,synthetic_personalization_user_327@example.com,synthetic-personalization-uid-327,1,0,0,0,0,0,0,0.26,0.18
synthetic_scenario,personalization,42,22,launched,email,,5,Urgencia + Autoridad,Aviso urgente institucional,Plantilla combinada,1,1,0,0,2,25-34,M,Tecnica,0,328,synthetic_personalization_user_328@example.com,synthetic-personalization-uid-328,1,0,0,0,0,0,0,0.26,0.18
synthetic_scenario,personalization,42,22,launched,email,,5,Urgencia + Autoridad,Aviso urgente institucional,Plantilla combinada,1,1,0,0,2,25-34,M,Tecnica,0,329,synthetic_personalization_user_329@example.com,synthetic-personalization-uid-329,1,0,0,0,0,0,0,0.26,0.18
synthetic_scenario,personalization,42,22,launched,email,,5,Urgencia + Autoridad,Aviso urgente institucional,Plantilla combinada,1,1,0,0,2,25-34,M,Tecnica,0,330,synthetic_personalization_user_330@example.com,synthetic-personalization-uid-330,1,0,0,0,0,0,0,0.26,0.18
synthetic_scenario,personalization,42,23,launched,email,,5,Urgencia + Autoridad,Aviso urgente institucional,Plantilla combinada,1,1,0,0,3,35-44,F,Universitaria,0,331,synthetic_personalization_user_331@example.com,synthetic-personalization-uid-331,1,0,0,0,0,0,0,0.26,0.18
synthetic_scenario,personalization,42,23,launched,email,,5,Urgencia + Autoridad,Aviso urgente institucional,Plantilla combinada,1,1,0,0,3,35-44,F,Universitaria,0,332,synthetic_personalization_user_332@example.com,synthetic-personalization-uid-332,1,0,0,0,0,0,0,0.26,0.18
synthetic_scenario,personalization,42,23,launched,email,,5,Urgencia + Autoridad,Aviso urgente institucional,Plantilla combinada,1,1,0,0,3,35-44,F,Universitaria,0,333,synthetic_personalization_user_333@example.com,synthetic-personalization-uid-333,1,0,0,0,0,0,0,0.26,0.18
synthetic_scenario,personalization,42,23,launched,email,,5,Urgencia + Autoridad,Aviso urgente institucional,Plantilla combinada,1,1,0,0,3,35-44,F,Universitaria,0,334,synthetic_personalization_user_334@example.com,synthetic-personalization-uid-334,1,0,0,0,0,0,0,0.26,0.18
synthetic_scenario,personalization,42,23,launched,email,,5,Urgencia + Autoridad,Aviso urgente institucional,Plantilla combinada,1,1,0,0,3,35-44,F,Universitaria,0,335,synthetic_personalization_user_335@example.com,synthetic-personalization-uid-335,1,0,0,0,0,0,0,0.26,0.18
synthetic_scenario,personalization,42,23,launched,email,,5,Urgencia + Autoridad,Aviso urgente institucional,Plantilla combinada,1,1,0,0,3,35-44,F,Universitaria,0,336,synthetic_personalization_user_336@example.com,synthetic-personalization-uid-336,1,0,0,0,0,0,0,0.26,0.18
synthetic_scenario,personalization,42,23,launched,email,,5,Urgencia + Autoridad,Aviso urgente institucional,Plantilla combinada,1,1,0,0,3,35-44,F,Universitaria,0,337,synthetic_personalization_user_337@example.com,synthetic-personalization-uid-337,1,0,0,0,0,0,0,0.26,0.18
synthetic_scenario,personalization,42,23,launched,email,,5,Urgencia + Autoridad,Aviso urgente institucional,Plantilla combinada,1,1,0,0,3,35-44,F,Universitaria,0,338,synthetic_personalization_user_338@example.com,synthetic-personalization-uid-338,1,0,0,0,0,0,0,0.26,0.18
synthetic_scenario,personalization,42,23,launched,email,,5,Urgencia + Autoridad,Aviso urgente institucional,Plantilla combinada,1,1,0,0,3,35-44,F,Universitaria,0,339,synthetic_personalization_user_339@example.com,synthetic-personalization-uid-339,1,0,0,0,0,0,0,0.26,0.18
synthetic_scenario,personalization,42,23,launched,email,,5,Urgencia + Autoridad,Aviso urgente institucional,Plantilla combinada,1,1,0,0,3,35-44,F,Universitaria,0,340,synthetic_personalization_user_340@example.com,synthetic-personalization-uid-340,1,0,0,0,0,0,0,0.26,0.18
synthetic_scenario,personalization,42,23,launched,email,,5,Urgencia + Autoridad,Aviso urgente institucional,Plantilla combinada,1,1,0,0,3,35-44,F,Universitaria,0,341,synthetic_personalization_user_341@example.com,synthetic-personalization-uid-341,1,1,0,0,1,0,0,0.26,0.18
synthetic_scenario,personalization,42,23,launched,email,,5,Urgencia + Autoridad,Aviso urgente institucional,Plantilla combinada,1,1,0,0,3,35-44,F,Universitaria,0,342,synthetic_personalization_user_342@example.com,synthetic-personalization-uid-342,1,0,0,0,0,0,0,0.26,0.18
synthetic_scenario,personalization,42,23,launched,email,,5,Urgencia + Autoridad,Aviso urgente institucional,Plantilla combinada,1,1,0,0,3,35-44,F,Universitaria,0,343,synthetic_personalization_user_343@example.com,synthetic-personalization-uid-343,1,0,0,0,0,0,0,0.26,0.18
synthetic_scenario,personalization,42,23,launched,email,,5,Urgencia + Autoridad,Aviso urgente institucional,Plantilla combinada,1,1,0,0,3,35-44,F,Universitaria,0,344,synthetic_personalization_user_344@example.com,synthetic-personalization-uid-344,1,0,0,0,0,0,0,0.26,0.18
synthetic_scenario,personalization,42,23,launched,email,,5,Urgencia + Autoridad,Aviso urgente institucional,Plantilla combinada,1,1,0,0,3,35-44,F,Universitaria,0,345,synthetic_personalization_user_345@example.com,synthetic-personalization-uid-345,1,0,0,0,0,0,0,0.26,0.18
synthetic_scenario,personalization,42,24,launched,email,,5,Urgencia + Autoridad,Aviso urgente institucional,Plantilla combinada,1,1,0,0,4,45-54,M,Posgrado,0,346,synthetic_personalization_user_346@example.com,synthetic-personalization-uid-346,1,0,0,0,0,0,0,0.26,0.18
synthetic_scenario,personalization,42,24,launched,email,,5,Urgencia + Autoridad,Aviso urgente institucional,Plantilla combinada,1,1,0,0,4,45-54,M,Posgrado,0,347,synthetic_personalization_user_347@example.com,synthetic-personalization-uid-347,1,1,0,0,1,0,0,0.26,0.18
synthetic_scenario,personalization,42,24,launched,email,,5,Urgencia + Autoridad,Aviso urgente institucional,Plantilla combinada,1,1,0,0,4,45-54,M,Posgrado,0,348,synthetic_personalization_user_348@example.com,synthetic-personalization-uid-348,1,0,0,0,0,0,0,0.26,0.18
synthetic_scenario,personalization,42,24,launched,email,,5,Urgencia + Autoridad,Aviso urgente institucional,Plantilla combinada,1,1,0,0,4,45-54,M,Posgrado,0,349,synthetic_personalization_user_349@example.com,synthetic-personalization-uid-349,1,0,0,0,0,0,0,0.26,0.18
synthetic_scenario,personalization,42,24,launched,email,,5,Urgencia + Autoridad,Aviso urgente institucional,Plantilla combinada,1,1,0,0,4,45-54,M,Posgrado,0,350,synthetic_personalization_user_350@example.com,synthetic-personalization-uid-350,1,0,0,0,0,0,0,0.26,0.18
synthetic_scenario,personalization,42,24,launched,email,,5,Urgencia + Autoridad,Aviso urgente institucional,Plantilla combinada,1,1,0,0,4,45-54,M,Posgrado,0,351,synthetic_personalization_user_351@example.com,synthetic-personalization-uid-351,1,1,0,0,1,0,0,0.26,0.18
synthetic_scenario,personalization,42,24,launched,email,,5,Urgencia + Autoridad,Aviso urgente institucional,Plantilla combinada,1,1,0,0,4,45-54,M,Posgrado,0,352,synthetic_personalization_user_352@example.com,synthetic-personalization-uid-352,1,0,0,0,0,0,0,0.26,0.18
synthetic_scenario,personalization,42,24,launched,email,,5,Urgencia + Autoridad,Aviso urgente institucional,Plantilla combinada,1,1,0,0,4,45-54,M,Posgrado,0,353,synthetic_personalization_user_353@example.com,synthetic-personalization-uid-353,1,0,0,0,0,0,0,0.26,0.18
synthetic_scenario,personalization,42,24,launched,email,,5,Urgencia + Autoridad,Aviso urgente institucional,Plantilla combinada,1,1,0,0,4,45-54,M,Posgrado,0,354,synthetic_personalization_user_354@example.com,synthetic-personalization-uid-354,1,1,0,0,1,0,0,0.26,0.18
synthetic_scenario,personalization,42,24,launched,email,,5,Urgencia + Autoridad,Aviso urgente institucional,Plantilla combinada,1,1,0,0,4,45-54,M,Posgrado,0,355,synthetic_personalization_user_355@example.com,synthetic-personalization-uid-355,1,0,0,0,0,0,0,0.26,0.18
synthetic_scenario,personalization,42,24,launched,email,,5,Urgencia + Autoridad,Aviso urgente institucional,Plantilla combinada,1,1,0,0,4,45-54,M,Posgrado,0,356,synthetic_personalization_user_356@example.com,synthetic-personalization-uid-356,1,0,0,0,0,0,0,0.26,0.18
synthetic_scenario,personalization,42,24,launched,email,,5,Urgencia + Autoridad,Aviso urgente institucional,Plantilla combinada,1,1,0,0,4,45-54,M,Posgrado,0,357,synthetic_personalization_user_357@example.com,synthetic-personalization-uid-357,1,1,0,0,1,0,0,0.26,0.18
synthetic_scenario,personalization,42,24,launched,email,,5,Urgencia + Autoridad,Aviso urgente institucional,Plantilla combinada,1,1,0,0,4,45-54,M,Posgrado,0,358,synthetic_personalization_user_358@example.com,synthetic-personalization-uid-358,1,0,0,0,0,0,0,0.26,0.18
synthetic_scenario,personalization,42,24,launched,email,,5,Urgencia + Autoridad,Aviso urgente institucional,Plantilla combinada,1,1,0,0,4,45-54,M,Posgrado,0,359,synthetic_personalization_user_359@example.com,synthetic-personalization-uid-359,1,0,0,0,0,0,0,0.26,0.18
synthetic_scenario,personalization,42,24,launched,email,,5,Urgencia + Autoridad,Aviso urgente institucional,Plantilla combinada,1,1,0,0,4,45-54,M,Posgrado,0,360,synthetic_personalization_user_360@example.com,synthetic-personalization-uid-360,1,0,0,0,0,0,0,0.26,0.18
synthetic_scenario,personalization,42,25,launched,email,,5,Urgencia + Autoridad,Aviso urgente institucional,Plantilla combinada,1,1,0,0,5,55+,F,Universitaria,0,361,synthetic_personalization_user_361@example.com,synthetic-personalization-uid-361,1,0,0,0,0,0,0,0.26,0.18
synthetic_scenario,personalization,42,25,launched,email,,5,Urgencia + Autoridad,Aviso urgente institucional,Plantilla combinada,1,1,0,0,5,55+,F,Universitaria,0,362,synthetic_personalization_user_362@example.com,synthetic-personalization-uid-362,1,0,0,0,0,0,0,0.26,0.18
synthetic_scenario,personalization,42,25,launched,email,,5,Urgencia + Autoridad,Aviso urgente institucional,Plantilla combinada,1,1,0,0,5,55+,F,Universitaria,0,363,synthetic_personalization_user_363@example.com,synthetic-personalization-uid-363,1,0,0,0,0,0,0,0.26,0.18
synthetic_scenario,personalization,42,25,launched,email,,5,Urgencia + Autoridad,Aviso urgente institucional,Plantilla combinada,1,1,0,0,5,55+,F,Universitaria,0,364,synthetic_personalization_user_364@example.com,synthetic-personalization-uid-364,1,1,0,0,1,0,0,0.26,0.18
synthetic_scenario,personalization,42,25,launched,email,,5,Urgencia + Autoridad,Aviso urgente institucional,Plantilla combinada,1,1,0,0,5,55+,F,Universitaria,0,365,synthetic_personalization_user_365@example.com,synthetic-personalization-uid-365,1,0,0,0,0,0,0,0.26,0.18
synthetic_scenario,personalization,42,25,launched,email,,5,Urgencia + Autoridad,Aviso urgente institucional,Plantilla combinada,1,1,0,0,5,55+,F,Universitaria,0,366,synthetic_personalization_user_366@example.com,synthetic-personalization-uid-366,1,0,0,0,0,0,0,0.26,0.18
synthetic_scenario,personalization,42,25,launched,email,,5,Urgencia + Autoridad,Aviso urgente institucional,Plantilla combinada,1,1,0,0,5,55+,F,Universitaria,0,367,synthetic_personalization_user_367@example.com,synthetic-personalization-uid-367,1,0,0,0,0,0,0,0.26,0.18
synthetic_scenario,personalization,42,25,launched,email,,5,Urgencia + Autoridad,Aviso urgente institucional,Plantilla combinada,1,1,0,0,5,55+,F,Universitaria,0,368,synthetic_personalization_user_368@example.com,synthetic-personalization-uid-368,1,0,0,0,0,0,0,0.26,0.18
synthetic_scenario,personalization,42,25,launched,email,,5,Urgencia + Autoridad,Aviso urgente institucional,Plantilla combinada,1,1,0,0,5,55+,F,Universitaria,0,369,synthetic_personalization_user_369@example.com,synthetic-personalization-uid-369,1,0,0,0,0,0,0,0.26,0.18
synthetic_scenario,personalization,42,25,launched,email,,5,Urgencia + Autoridad,Aviso urgente institucional,Plantilla combinada,1,1,0,0,5,55+,F,Universitaria,0,370,synthetic_personalization_user_370@example.com,synthetic-personalization-uid-370,1,0,0,0,0,0,0,0.26,0.18
synthetic_scenario,personalization,42,25,launched,email,,5,Urgencia + Autoridad,Aviso urgente institucional,Plantilla combinada,1,1,0,0,5,55+,F,Universitaria,0,371,synthetic_personalization_user_371@example.com,synthetic-personalization-uid-371,1,0,0,0,0,0,0,0.26,0.18
synthetic_scenario,personalization,42,25,launched,email,,5,Urgencia + Autoridad,Aviso urgente institucional,Plantilla combinada,1,1,0,0,5,55+,F,Universitaria,0,372,synthetic_personalization_user_372@example.com,synthetic-personalization-uid-372,1,1,0,0,1,0,0,0.26,0.18
synthetic_scenario,personalization,42,25,launched,email,,5,Urgencia + Autoridad,Aviso urgente institucional,Plantilla combinada,1,1,0,0,5,55+,F,Universitaria,0,373,synthetic_personalization_user_373@example.com,synthetic-personalization-uid-373,1,0,0,0,0,0,0,0.26,0.18
synthetic_scenario,personalization,42,25,launched,email,,5,Urgencia + Autoridad,Aviso urgente institucional,Plantilla combinada,1,1,0,0,5,55+,F,Universitaria,0,374,synthetic_personalization_user_374@example.com,synthetic-personalization-uid-374,1,1,0,0,1,0,0,0.26,0.18
synthetic_scenario,personalization,42,25,launched,email,,5,Urgencia + Autoridad,Aviso urgente institucional,Plantilla combinada,1,1,0,0,5,55+,F,Universitaria,0,375,synthetic_personalization_user_375@example.com,synthetic-personalization-uid-375,1,0,0,0,0,0,0,0.26,0.18
synthetic_scenario,personalization,42,26,launched,email,,6,Autoridad + Personalización,Notificación importante para usted,Plantilla combinada,0,1,0,1,1,18-24,F,Secundaria,1,376,synthetic_personalization_user_376@example.com,synthetic-personalization-uid-376,1,1,1,0,1,1,0,0.48,0.18
synthetic_scenario,personalization,42,26,launched,email,,6,Autoridad + Personalización,Notificación importante para usted,Plantilla combinada,0,1,0,1,1,18-24,F,Secundaria,1,377,synthetic_personalization_user_377@example.com,synthetic-personalization-uid-377,1,1,1,0,1,1,0,0.48,0.18
synthetic_scenario,personalization,42,26,launched,email,,6,Autoridad + Personalización,Notificación importante para usted,Plantilla combinada,0,1,0,1,1,18-24,F,Secundaria,1,378,synthetic_personalization_user_378@example.com,synthetic-personalization-uid-378,1,0,0,0,0,0,0,0.48,0.18
synthetic_scenario,personalization,42,26,launched,email,,6,Autoridad + Personalización,Notificación importante para usted,Plantilla combinada,0,1,0,1,1,18-24,F,Secundaria,1,379,synthetic_personalization_user_379@example.com,synthetic-personalization-uid-379,1,1,0,0,1,0,0,0.48,0.18
synthetic_scenario,personalization,42,26,launched,email,,6,Autoridad + Personalización,Notificación importante para usted,Plantilla combinada,0,1,0,1,1,18-24,F,Secundaria,1,380,synthetic_personalization_user_380@example.com,synthetic-personalization-uid-380,1,0,0,0,0,0,0,0.48,0.18
synthetic_scenario,personalization,42,26,launched,email,,6,Autoridad + Personalización,Notificación importante para usted,Plantilla combinada,0,1,0,1,1,18-24,F,Secundaria,1,381,synthetic_personalization_user_381@example.com,synthetic-personalization-uid-381,1,1,0,0,1,0,0,0.48,0.18
synthetic_scenario,personalization,42,26,launched,email,,6,Autoridad + Personalización,Notificación importante para usted,Plantilla combinada,0,1,0,1,1,18-24,F,Secundaria,1,382,synthetic_personalization_user_382@example.com,synthetic-personalization-uid-382,1,1,0,0,1,0,0,0.48,0.18
synthetic_scenario,personalization,42,26,launched,email,,6,Autoridad + Personalización,Notificación importante para usted,Plantilla combinada,0,1,0,1,1,18-24,F,Secundaria,1,383,synthetic_personalization_user_383@example.com,synthetic-personalization-uid-383,1,1,0,0,1,0,0,0.48,0.18
synthetic_scenario,personalization,42,26,launched,email,,6,Autoridad + Personalización,Notificación importante para usted,Plantilla combinada,0,1,0,1,1,18-24,F,Secundaria,1,384,synthetic_personalization_user_384@example.com,synthetic-personalization-uid-384,1,1,0,0,1,0,0,0.48,0.18
synthetic_scenario,personalization,42,26,launched,email,,6,Autoridad + Personalización,Notificación importante para usted,Plantilla combinada,0,1,0,1,1,18-24,F,Secundaria,1,385,synthetic_personalization_user_385@example.com,synthetic-personalization-uid-385,1,0,0,0,0,0,0,0.48,0.18
synthetic_scenario,personalization,42,26,launched,email,,6,Autoridad + Personalización,Notificación importante para usted,Plantilla combinada,0,1,0,1,1,18-24,F,Secundaria,1,386,synthetic_personalization_user_386@example.com,synthetic-personalization-uid-386,1,1,0,0,1,0,0,0.48,0.18
synthetic_scenario,personalization,42,26,launched,email,,6,Autoridad + Personalización,Notificación importante para usted,Plantilla combinada,0,1,0,1,1,18-24,F,Secundaria,1,387,synthetic_personalization_user_387@example.com,synthetic-personalization-uid-387,1,0,0,0,0,0,0,0.48,0.18
synthetic_scenario,personalization,42,26,launched,email,,6,Autoridad + Personalización,Notificación importante para usted,Plantilla combinada,0,1,0,1,1,18-24,F,Secundaria,1,388,synthetic_personalization_user_388@example.com,synthetic-personalization-uid-388,1,1,1,0,1,1,0,0.48,0.18
synthetic_scenario,personalization,42,26,launched,email,,6,Autoridad + Personalización,Notificación importante para usted,Plantilla combinada,0,1,0,1,1,18-24,F,Secundaria,1,389,synthetic_personalization_user_389@example.com,synthetic-personalization-uid-389,1,1,0,0,1,0,0,0.48,0.18
synthetic_scenario,personalization,42,26,launched,email,,6,Autoridad + Personalización,Notificación importante para usted,Plantilla combinada,0,1,0,1,1,18-24,F,Secundaria,1,390,synthetic_personalization_user_390@example.com,synthetic-personalization-uid-390,1,0,0,0,0,0,0,0.48,0.18
synthetic_scenario,personalization,42,27,launched,email,,6,Autoridad + Personalización,Notificación importante para usted,Plantilla combinada,0,1,0,1,2,25-34,M,Tecnica,0,391,synthetic_personalization_user_391@example.com,synthetic-personalization-uid-391,1,1,0,0,1,0,0,0.48,0.18
synthetic_scenario,personalization,42,27,launched,email,,6,Autoridad + Personalización,Notificación importante para usted,Plantilla combinada,0,1,0,1,2,25-34,M,Tecnica,0,392,synthetic_personalization_user_392@example.com,synthetic-personalization-uid-392,1,0,0,0,0,0,0,0.48,0.18
synthetic_scenario,personalization,42,27,launched,email,,6,Autoridad + Personalización,Notificación importante para usted,Plantilla combinada,0,1,0,1,2,25-34,M,Tecnica,0,393,synthetic_personalization_user_393@example.com,synthetic-personalization-uid-393,1,0,0,0,0,0,0,0.48,0.18
synthetic_scenario,personalization,42,27,launched,email,,6,Autoridad + Personalización,Notificación importante para usted,Plantilla combinada,0,1,0,1,2,25-34,M,Tecnica,0,394,synthetic_personalization_user_394@example.com,synthetic-personalization-uid-394,1,0,0,0,0,0,0,0.48,0.18
synthetic_scenario,personalization,42,27,launched,email,,6,Autoridad + Personalización,Notificación importante para usted,Plantilla combinada,0,1,0,1,2,25-34,M,Tecnica,0,395,synthetic_personalization_user_395@example.com,synthetic-personalization-uid-395,1,0,0,0,0,0,0,0.48,0.18
synthetic_scenario,personalization,42,27,launched,email,,6,Autoridad + Personalización,Notificación importante para usted,Plantilla combinada,0,1,0,1,2,25-34,M,Tecnica,0,396,synthetic_personalization_user_396@example.com,synthetic-personalization-uid-396,1,1,1,0,1,1,0,0.48,0.18
synthetic_scenario,personalization,42,27,launched,email,,6,Autoridad + Personalización,Notificación importante para usted,Plantilla combinada,0,1,0,1,2,25-34,M,Tecnica,0,397,synthetic_personalization_user_397@example.com,synthetic-personalization-uid-397,1,1,1,0,1,1,0,0.48,0.18
synthetic_scenario,personalization,42,27,launched,email,,6,Autoridad + Personalización,Notificación importante para usted,Plantilla combinada,0,1,0,1,2,25-34,M,Tecnica,0,398,synthetic_personalization_user_398@example.com,synthetic-personalization-uid-398,1,0,0,0,0,0,0,0.48,0.18
synthetic_scenario,personalization,42,27,launched,email,,6,Autoridad + Personalización,Notificación importante para usted,Plantilla combinada,0,1,0,1,2,25-34,M,Tecnica,0,399,synthetic_personalization_user_399@example.com,synthetic-personalization-uid-399,1,0,0,0,0,0,0,0.48,0.18
synthetic_scenario,personalization,42,27,launched,email,,6,Autoridad + Personalización,Notificación importante para usted,Plantilla combinada,0,1,0,1,2,25-34,M,Tecnica,0,400,synthetic_personalization_user_400@example.com,synthetic-personalization-uid-400,1,1,0,0,1,0,0,0.48,0.18
synthetic_scenario,personalization,42,27,launched,email,,6,Autoridad + Personalización,Notificación importante para usted,Plantilla combinada,0,1,0,1,2,25-34,M,Tecnica,0,401,synthetic_personalization_user_401@example.com,synthetic-personalization-uid-401,1,0,0,0,0,0,0,0.48,0.18
synthetic_scenario,personalization,42,27,launched,email,,6,Autoridad + Personalización,Notificación importante para usted,Plantilla combinada,0,1,0,1,2,25-34,M,Tecnica,0,402,synthetic_personalization_user_402@example.com,synthetic-personalization-uid-402,1,1,0,0,1,0,0,0.48,0.18
synthetic_scenario,personalization,42,27,launched,email,,6,Autoridad + Personalización,Notificación importante para usted,Plantilla combinada,0,1,0,1,2,25-34,M,Tecnica,0,403,synthetic_personalization_user_403@example.com,synthetic-personalization-uid-403,1,0,0,0,0,0,0,0.48,0.18
synthetic_scenario,personalization,42,27,launched,email,,6,Autoridad + Personalización,Notificación importante para usted,Plantilla combinada,0,1,0,1,2,25-34,M,Tecnica,0,404,synthetic_personalization_user_404@example.com,synthetic-personalization-uid-404,1,1,0,0,1,0,0,0.48,0.18
synthetic_scenario,personalization,42,27,launched,email,,6,Autoridad + Personalización,Notificación importante para usted,Plantilla combinada,0,1,0,1,2,25-34,M,Tecnica,0,405,synthetic_personalization_user_405@example.com,synthetic-personalization-uid-405,1,0,0,0,0,0,0,0.48,0.18
synthetic_scenario,personalization,42,28,launched,email,,6,Autoridad + Personalización,Notificación importante para usted,Plantilla combinada,0,1,0,1,3,35-44,F,Universitaria,0,406,synthetic_personalization_user_406@example.com,synthetic-personalization-uid-406,1,1,1,0,1,1,0,0.48,0.18
synthetic_scenario,personalization,42,28,launched,email,,6,Autoridad + Personalización,Notificación importante para usted,Plantilla combinada,0,1,0,1,3,35-44,F,Universitaria,0,407,synthetic_personalization_user_407@example.com,synthetic-personalization-uid-407,1,1,0,0,1,0,0,0.48,0.18
synthetic_scenario,personalization,42,28,launched,email,,6,Autoridad + Personalización,Notificación importante para usted,Plantilla combinada,0,1,0,1,3,35-44,F,Universitaria,0,408,synthetic_personalization_user_408@example.com,synthetic-personalization-uid-408,1,0,0,0,0,0,0,0.48,0.18
synthetic_scenario,personalization,42,28,launched,email,,6,Autoridad + Personalización,Notificación importante para usted,Plantilla combinada,0,1,0,1,3,35-44,F,Universitaria,0,409,synthetic_personalization_user_409@example.com,synthetic-personalization-uid-409,1,1,0,0,1,0,0,0.48,0.18
synthetic_scenario,personalization,42,28,launched,email,,6,Autoridad + Personalización,Notificación importante para usted,Plantilla combinada,0,1,0,1,3,35-44,F,Universitaria,0,410,synthetic_personalization_user_410@example.com,synthetic-personalization-uid-410,1,1,0,0,1,0,0,0.48,0.18
synthetic_scenario,personalization,42,28,launched,email,,6,Autoridad + Personalización,Notificación importante para usted,Plantilla combinada,0,1,0,1,3,35-44,F,Universitaria,0,411,synthetic_personalization_user_411@example.com,synthetic-personalization-uid-411,1,0,0,0,0,0,0,0.48,0.18
synthetic_scenario,personalization,42,28,launched,email,,6,Autoridad + Personalización,Notificación importante para usted,Plantilla combinada,0,1,0,1,3,35-44,F,Universitaria,0,412,synthetic_personalization_user_412@example.com,synthetic-personalization-uid-412,1,1,0,0,1,0,0,0.48,0.18
synthetic_scenario,personalization,42,28,launched,email,,6,Autoridad + Personalización,Notificación importante para usted,Plantilla combinada,0,1,0,1,3,35-44,F,Universitaria,0,413,synthetic_personalization_user_413@example.com,synthetic-personalization-uid-413,1,0,0,0,0,0,0,0.48,0.18
synthetic_scenario,personalization,42,28,launched,email,,6,Autoridad + Personalización,Notificación importante para usted,Plantilla combinada,0,1,0,1,3,35-44,F,Universitaria,0,414,synthetic_personalization_user_414@example.com,synthetic-personalization-uid-414,1,0,0,0,0,0,0,0.48,0.18
synthetic_scenario,personalization,42,28,launched,email,,6,Autoridad + Personalización,Notificación importante para usted,Plantilla combinada,0,1,0,1,3,35-44,F,Universitaria,0,415,synthetic_personalization_user_415@example.com,synthetic-personalization-uid-415,1,1,0,0,1,0,0,0.48,0.18
synthetic_scenario,personalization,42,28,launched,email,,6,Autoridad + Personalización,Notificación importante para usted,Plantilla combinada,0,1,0,1,3,35-44,F,Universitaria,0,416,synthetic_personalization_user_416@example.com,synthetic-personalization-uid-416,1,0,0,0,0,0,0,0.48,0.18
synthetic_scenario,personalization,42,28,launched,email,,6,Autoridad + Personalización,Notificación importante para usted,Plantilla combinada,0,1,0,1,3,35-44,F,Universitaria,0,417,synthetic_personalization_user_417@example.com,synthetic-personalization-uid-417,1,1,0,0,1,0,0,0.48,0.18
synthetic_scenario,personalization,42,28,launched,email,,6,Autoridad + Personalización,Notificación importante para usted,Plantilla combinada,0,1,0,1,3,35-44,F,Universitaria,0,418,synthetic_personalization_user_418@example.com,synthetic-personalization-uid-418,1,1,0,0,1,0,0,0.48,0.18
synthetic_scenario,personalization,42,28,launched,email,,6,Autoridad + Personalización,Notificación importante para usted,Plantilla combinada,0,1,0,1,3,35-44,F,Universitaria,0,419,synthetic_personalization_user_419@example.com,synthetic-personalization-uid-419,1,1,0,0,1,0,0,0.48,0.18
synthetic_scenario,personalization,42,28,launched,email,,6,Autoridad + Personalización,Notificación importante para usted,Plantilla combinada,0,1,0,1,3,35-44,F,Universitaria,0,420,synthetic_personalization_user_420@example.com,synthetic-personalization-uid-420,1,0,0,0,0,0,0,0.48,0.18
synthetic_scenario,personalization,42,29,launched,email,,6,Autoridad + Personalización,Notificación importante para usted,Plantilla combinada,0,1,0,1,4,45-54,M,Posgrado,0,421,synthetic_personalization_user_421@example.com,synthetic-personalization-uid-421,1,1,0,0,1,0,0,0.48,0.18
synthetic_scenario,personalization,42,29,launched,email,,6,Autoridad + Personalización,Notificación importante para usted,Plantilla combinada,0,1,0,1,4,45-54,M,Posgrado,0,422,synthetic_personalization_user_422@example.com,synthetic-personalization-uid-422,1,0,0,0,0,0,0,0.48,0.18
synthetic_scenario,personalization,42,29,launched,email,,6,Autoridad + Personalización,Notificación importante para usted,Plantilla combinada,0,1,0,1,4,45-54,M,Posgrado,0,423,synthetic_personalization_user_423@example.com,synthetic-personalization-uid-423,1,0,0,0,0,0,0,0.48,0.18
synthetic_scenario,personalization,42,29,launched,email,,6,Autoridad + Personalización,Notificación importante para usted,Plantilla combinada,0,1,0,1,4,45-54,M,Posgrado,0,424,synthetic_personalization_user_424@example.com,synthetic-personalization-uid-424,1,0,0,0,0,0,0,0.48,0.18
synthetic_scenario,personalization,42,29,launched,email,,6,Autoridad + Personalización,Notificación importante para usted,Plantilla combinada,0,1,0,1,4,45-54,M,Posgrado,0,425,synthetic_personalization_user_425@example.com,synthetic-personalization-uid-425,1,1,0,0,1,0,0,0.48,0.18
synthetic_scenario,personalization,42,29,launched,email,,6,Autoridad + Personalización,Notificación importante para usted,Plantilla combinada,0,1,0,1,4,45-54,M,Posgrado,0,426,synthetic_personalization_user_426@example.com,synthetic-personalization-uid-426,1,0,0,0,0,0,0,0.48,0.18
synthetic_scenario,personalization,42,29,launched,email,,6,Autoridad + Personalización,Notificación importante para usted,Plantilla combinada,0,1,0,1,4,45-54,M,Posgrado,0,427,synthetic_personalization_user_427@example.com,synthetic-personalization-uid-427,1,1,0,0,1,0,0,0.48,0.18
synthetic_scenario,personalization,42,29,launched,email,,6,Autoridad + Personalización,Notificación importante para usted,Plantilla combinada,0,1,0,1,4,45-54,M,Posgrado,0,428,synthetic_personalization_user_428@example.com,synthetic-personalization-uid-428,1,0,0,0,0,0,0,0.48,0.18
synthetic_scenario,personalization,42,29,launched,email,,6,Autoridad + Personalización,Notificación importante para usted,Plantilla combinada,0,1,0,1,4,45-54,M,Posgrado,0,429,synthetic_personalization_user_429@example.com,synthetic-personalization-uid-429,1,0,0,0,0,0,0,0.48,0.18
synthetic_scenario,personalization,42,29,launched,email,,6,Autoridad + Personalización,Notificación importante para usted,Plantilla combinada,0,1,0,1,4,45-54,M,Posgrado,0,430,synthetic_personalization_user_430@example.com,synthetic-personalization-uid-430,1,1,0,0,1,0,0,0.48,0.18
synthetic_scenario,personalization,42,29,launched,email,,6,Autoridad + Personalización,Notificación importante para usted,Plantilla combinada,0,1,0,1,4,45-54,M,Posgrado,0,431,synthetic_personalization_user_431@example.com,synthetic-personalization-uid-431,1,1,0,0,1,0,0,0.48,0.18
synthetic_scenario,personalization,42,29,launched,email,,6,Autoridad + Personalización,Notificación importante para usted,Plantilla combinada,0,1,0,1,4,45-54,M,Posgrado,0,432,synthetic_personalization_user_432@example.com,synthetic-personalization-uid-432,1,0,0,0,0,0,0,0.48,0.18
synthetic_scenario,personalization,42,29,launched,email,,6,Autoridad + Personalización,Notificación importante para usted,Plantilla combinada,0,1,0,1,4,45-54,M,Posgrado,0,433,synthetic_personalization_user_433@example.com,synthetic-personalization-uid-433,1,1,0,0,1,0,0,0.48,0.18
synthetic_scenario,personalization,42,29,launched,email,,6,Autoridad + Personalización,Notificación importante para usted,Plantilla combinada,0,1,0,1,4,45-54,M,Posgrado,0,434,synthetic_personalization_user_434@example.com,synthetic-personalization-uid-434,1,1,0,0,1,0,0,0.48,0.18
synthetic_scenario,personalization,42,29,launched,email,,6,Autoridad + Personalización,Notificación importante para usted,Plantilla combinada,0,1,0,1,4,45-54,M,Posgrado,0,435,synthetic_personalization_user_435@example.com,synthetic-personalization-uid-435,1,0,0,0,0,0,0,0.48,0.18
synthetic_scenario,personalization,42,30,launched,email,,6,Autoridad + Personalización,Notificación importante para usted,Plantilla combinada,0,1,0,1,5,55+,F,Universitaria,0,436,synthetic_personalization_user_436@example.com,synthetic-personalization-uid-436,1,1,1,0,1,1,0,0.48,0.18
synthetic_scenario,personalization,42,30,launched,email,,6,Autoridad + Personalización,Notificación importante para usted,Plantilla combinada,0,1,0,1,5,55+,F,Universitaria,0,437,synthetic_personalization_user_437@example.com,synthetic-personalization-uid-437,1,0,0,0,0,0,0,0.48,0.18
synthetic_scenario,personalization,42,30,launched,email,,6,Autoridad + Personalización,Notificación importante para usted,Plantilla combinada,0,1,0,1,5,55+,F,Universitaria,0,438,synthetic_personalization_user_438@example.com,synthetic-personalization-uid-438,1,1,0,0,1,0,0,0.48,0.18
synthetic_scenario,personalization,42,30,launched,email,,6,Autoridad + Personalización,Notificación importante para usted,Plantilla combinada,0,1,0,1,5,55+,F,Universitaria,0,439,synthetic_personalization_user_439@example.com,synthetic-personalization-uid-439,1,0,0,0,0,0,0,0.48,0.18
synthetic_scenario,personalization,42,30,launched,email,,6,Autoridad + Personalización,Notificación importante para usted,Plantilla combinada,0,1,0,1,5,55+,F,Universitaria,0,440,synthetic_personalization_user_440@example.com,synthetic-personalization-uid-440,1,1,0,0,1,0,0,0.48,0.18
synthetic_scenario,personalization,42,30,launched,email,,6,Autoridad + Personalización,Notificación importante para usted,Plantilla combinada,0,1,0,1,5,55+,F,Universitaria,0,441,synthetic_personalization_user_441@example.com,synthetic-personalization-uid-441,1,0,0,0,0,0,0,0.48,0.18
synthetic_scenario,personalization,42,30,launched,email,,6,Autoridad + Personalización,Notificación importante para usted,Plantilla combinada,0,1,0,1,5,55+,F,Universitaria,0,442,synthetic_personalization_user_442@example.com,synthetic-personalization-uid-442,1,1,1,0,1,1,0,0.48,0.18
synthetic_scenario,personalization,42,30,launched,email,,6,Autoridad + Personalización,Notificación importante para usted,Plantilla combinada,0,1,0,1,5,55+,F,Universitaria,0,443,synthetic_personalization_user_443@example.com,synthetic-personalization-uid-443,1,0,0,0,0,0,0,0.48,0.18
synthetic_scenario,personalization,42,30,launched,email,,6,Autoridad + Personalización,Notificación importante para usted,Plantilla combinada,0,1,0,1,5,55+,F,Universitaria,0,444,synthetic_personalization_user_444@example.com,synthetic-personalization-uid-444,1,1,0,0,1,0,0,0.48,0.18
synthetic_scenario,personalization,42,30,launched,email,,6,Autoridad + Personalización,Notificación importante para usted,Plantilla combinada,0,1,0,1,5,55+,F,Universitaria,0,445,synthetic_personalization_user_445@example.com,synthetic-personalization-uid-445,1,0,0,0,0,0,0,0.48,0.18
synthetic_scenario,personalization,42,30,launched,email,,6,Autoridad + Personalización,Notificación importante para usted,Plantilla combinada,0,1,0,1,5,55+,F,Universitaria,0,446,synthetic_personalization_user_446@example.com,synthetic-personalization-uid-446,1,0,0,0,0,0,0,0.48,0.18
synthetic_scenario,personalization,42,30,launched,email,,6,Autoridad + Personalización,Notificación importante para usted,Plantilla combinada,0,1,0,1,5,55+,F,Universitaria,0,447,synthetic_personalization_user_447@example.com,synthetic-personalization-uid-447,1,0,0,0,0,0,0,0.48,0.18
synthetic_scenario,personalization,42,30,launched,email,,6,Autoridad + Personalización,Notificación importante para usted,Plantilla combinada,0,1,0,1,5,55+,F,Universitaria,0,448,synthetic_personalization_user_448@example.com,synthetic-personalization-uid-448,1,0,0,0,0,0,0,0.48,0.18
synthetic_scenario,personalization,42,30,launched,email,,6,Autoridad + Personalización,Notificación importante para usted,Plantilla combinada,0,1,0,1,5,55+,F,Universitaria,0,449,synthetic_personalization_user_449@example.com,synthetic-personalization-uid-449,1,0,0,0,0,0,0,0.48,0.18
synthetic_scenario,personalization,42,30,launched,email,,6,Autoridad + Personalización,Notificación importante para usted,Plantilla combinada,0,1,0,1,5,55+,F,Universitaria,0,450,synthetic_personalization_user_450@example.com,synthetic-personalization-uid-450,1,0,0,0,0,0,0,0.48,0.18
synthetic_scenario,personalization,42,31,launched,email,,7,Recompensa + Personalización,Beneficio exclusivo para usted,Plantilla combinada,0,0,1,1,1,18-24,F,Secundaria,1,451,synthetic_personalization_user_451@example.com,synthetic-personalization-uid-451,1,1,0,0,1,0,0,0.48,0.18
synthetic_scenario,personalization,42,31,launched,email,,7,Recompensa + Personalización,Beneficio exclusivo para usted,Plantilla combinada,0,0,1,1,1,18-24,F,Secundaria,1,452,synthetic_personalization_user_452@example.com,synthetic-personalization-uid-452,1,0,0,0,0,0,0,0.48,0.18
synthetic_scenario,personalization,42,31,launched,email,,7,Recompensa + Personalización,Beneficio exclusivo para usted,Plantilla combinada,0,0,1,1,1,18-24,F,Secundaria,1,453,synthetic_personalization_user_453@example.com,synthetic-personalization-uid-453,1,1,0,0,1,0,0,0.48,0.18
synthetic_scenario,personalization,42,31,launched,email,,7,Recompensa + Personalización,Beneficio exclusivo para usted,Plantilla combinada,0,0,1,1,1,18-24,F,Secundaria,1,454,synthetic_personalization_user_454@example.com,synthetic-personalization-uid-454,1,1,0,0,1,0,0,0.48,0.18
synthetic_scenario,personalization,42,31,launched,email,,7,Recompensa + Personalización,Beneficio exclusivo para usted,Plantilla combinada,0,0,1,1,1,18-24,F,Secundaria,1,455,synthetic_personalization_user_455@example.com,synthetic-personalization-uid-455,1,1,0,0,1,0,0,0.48,0.18
synthetic_scenario,personalization,42,31,launched,email,,7,Recompensa + Personalización,Beneficio exclusivo para usted,Plantilla combinada,0,0,1,1,1,18-24,F,Secundaria,1,456,synthetic_personalization_user_456@example.com,synthetic-personalization-uid-456,1,1,0,0,1,0,0,0.48,0.18
synthetic_scenario,personalization,42,31,launched,email,,7,Recompensa + Personalización,Beneficio exclusivo para usted,Plantilla combinada,0,0,1,1,1,18-24,F,Secundaria,1,457,synthetic_personalization_user_457@example.com,synthetic-personalization-uid-457,1,1,0,0,1,0,0,0.48,0.18
synthetic_scenario,personalization,42,31,launched,email,,7,Recompensa + Personalización,Beneficio exclusivo para usted,Plantilla combinada,0,0,1,1,1,18-24,F,Secundaria,1,458,synthetic_personalization_user_458@example.com,synthetic-personalization-uid-458,1,1,0,0,1,0,0,0.48,0.18
synthetic_scenario,personalization,42,31,launched,email,,7,Recompensa + Personalización,Beneficio exclusivo para usted,Plantilla combinada,0,0,1,1,1,18-24,F,Secundaria,1,459,synthetic_personalization_user_459@example.com,synthetic-personalization-uid-459,1,1,0,0,1,0,0,0.48,0.18
synthetic_scenario,personalization,42,31,launched,email,,7,Recompensa + Personalización,Beneficio exclusivo para usted,Plantilla combinada,0,0,1,1,1,18-24,F,Secundaria,1,460,synthetic_personalization_user_460@example.com,synthetic-personalization-uid-460,1,0,0,0,0,0,0,0.48,0.18
synthetic_scenario,personalization,42,31,launched,email,,7,Recompensa + Personalización,Beneficio exclusivo para usted,Plantilla combinada,0,0,1,1,1,18-24,F,Secundaria,1,461,synthetic_personalization_user_461@example.com,synthetic-personalization-uid-461,1,1,0,0,1,0,0,0.48,0.18
synthetic_scenario,personalization,42,31,launched,email,,7,Recompensa + Personalización,Beneficio exclusivo para usted,Plantilla combinada,0,0,1,1,1,18-24,F,Secundaria,1,462,synthetic_personalization_user_462@example.com,synthetic-personalization-uid-462,1,0,0,0,0,0,0,0.48,0.18
synthetic_scenario,personalization,42,31,launched,email,,7,Recompensa + Personalización,Beneficio exclusivo para usted,Plantilla combinada,0,0,1,1,1,18-24,F,Secundaria,1,463,synthetic_personalization_user_463@example.com,synthetic-personalization-uid-463,1,0,0,0,0,0,0,0.48,0.18
synthetic_scenario,personalization,42,31,launched,email,,7,Recompensa + Personalización,Beneficio exclusivo para usted,Plantilla combinada,0,0,1,1,1,18-24,F,Secundaria,1,464,synthetic_personalization_user_464@example.com,synthetic-personalization-uid-464,1,0,0,0,0,0,0,0.48,0.18
synthetic_scenario,personalization,42,31,launched,email,,7,Recompensa + Personalización,Beneficio exclusivo para usted,Plantilla combinada,0,0,1,1,1,18-24,F,Secundaria,1,465,synthetic_personalization_user_465@example.com,synthetic-personalization-uid-465,1,0,0,0,0,0,0,0.48,0.18
synthetic_scenario,personalization,42,32,launched,email,,7,Recompensa + Personalización,Beneficio exclusivo para usted,Plantilla combinada,0,0,1,1,2,25-34,M,Tecnica,0,466,synthetic_personalization_user_466@example.com,synthetic-personalization-uid-466,1,1,1,0,1,1,0,0.48,0.18
synthetic_scenario,personalization,42,32,launched,email,,7,Recompensa + Personalización,Beneficio exclusivo para usted,Plantilla combinada,0,0,1,1,2,25-34,M,Tecnica,0,467,synthetic_personalization_user_467@example.com,synthetic-personalization-uid-467,1,1,0,0,1,0,0,0.48,0.18
synthetic_scenario,personalization,42,32,launched,email,,7,Recompensa + Personalización,Beneficio exclusivo para usted,Plantilla combinada,0,0,1,1,2,25-34,M,Tecnica,0,468,synthetic_personalization_user_468@example.com,synthetic-personalization-uid-468,1,1,1,0,1,1,0,0.48,0.18
synthetic_scenario,personalization,42,32,launched,email,,7,Recompensa + Personalización,Beneficio exclusivo para usted,Plantilla combinada,0,0,1,1,2,25-34,M,Tecnica,0,469,synthetic_personalization_user_469@example.com,synthetic-personalization-uid-469,1,0,0,0,0,0,0,0.48,0.18
synthetic_scenario,personalization,42,32,launched,email,,7,Recompensa + Personalización,Beneficio exclusivo para usted,Plantilla combinada,0,0,1,1,2,25-34,M,Tecnica,0,470,synthetic_personalization_user_470@example.com,synthetic-personalization-uid-470,1,1,0,0,1,0,0,0.48,0.18
synthetic_scenario,personalization,42,32,launched,email,,7,Recompensa + Personalización,Beneficio exclusivo para usted,Plantilla combinada,0,0,1,1,2,25-34,M,Tecnica,0,471,synthetic_personalization_user_471@example.com,synthetic-personalization-uid-471,1,0,0,0,0,0,0,0.48,0.18
synthetic_scenario,personalization,42,32,launched,email,,7,Recompensa + Personalización,Beneficio exclusivo para usted,Plantilla combinada,0,0,1,1,2,25-34,M,Tecnica,0,472,synthetic_personalization_user_472@example.com,synthetic-personalization-uid-472,1,0,0,0,0,0,0,0.48,0.18
synthetic_scenario,personalization,42,32,launched,email,,7,Recompensa + Personalización,Beneficio exclusivo para usted,Plantilla combinada,0,0,1,1,2,25-34,M,Tecnica,0,473,synthetic_personalization_user_473@example.com,synthetic-personalization-uid-473,1,1,0,0,1,0,0,0.48,0.18
synthetic_scenario,personalization,42,32,launched,email,,7,Recompensa + Personalización,Beneficio exclusivo para usted,Plantilla combinada,0,0,1,1,2,25-34,M,Tecnica,0,474,synthetic_personalization_user_474@example.com,synthetic-personalization-uid-474,1,0,0,0,0,0,0,0.48,0.18
synthetic_scenario,personalization,42,32,launched,email,,7,Recompensa + Personalización,Beneficio exclusivo para usted,Plantilla combinada,0,0,1,1,2,25-34,M,Tecnica,0,475,synthetic_personalization_user_475@example.com,synthetic-personalization-uid-475,1,0,0,0,0,0,0,0.48,0.18
synthetic_scenario,personalization,42,32,launched,email,,7,Recompensa + Personalización,Beneficio exclusivo para usted,Plantilla combinada,0,0,1,1,2,25-34,M,Tecnica,0,476,synthetic_personalization_user_476@example.com,synthetic-personalization-uid-476,1,0,0,0,0,0,0,0.48,0.18
synthetic_scenario,personalization,42,32,launched,email,,7,Recompensa + Personalización,Beneficio exclusivo para usted,Plantilla combinada,0,0,1,1,2,25-34,M,Tecnica,0,477,synthetic_personalization_user_477@example.com,synthetic-personalization-uid-477,1,1,0,0,1,0,0,0.48,0.18
synthetic_scenario,personalization,42,32,launched,email,,7,Recompensa + Personalización,Beneficio exclusivo para usted,Plantilla combinada,0,0,1,1,2,25-34,M,Tecnica,0,478,synthetic_personalization_user_478@example.com,synthetic-personalization-uid-478,1,1,1,0,1,1,0,0.48,0.18
synthetic_scenario,personalization,42,32,launched,email,,7,Recompensa + Personalización,Beneficio exclusivo para usted,Plantilla combinada,0,0,1,1,2,25-34,M,Tecnica,0,479,synthetic_personalization_user_479@example.com,synthetic-personalization-uid-479,1,0,0,0,0,0,0,0.48,0.18
synthetic_scenario,personalization,42,32,launched,email,,7,Recompensa + Personalización,Beneficio exclusivo para usted,Plantilla combinada,0,0,1,1,2,25-34,M,Tecnica,0,480,synthetic_personalization_user_480@example.com,synthetic-personalization-uid-480,1,1,0,0,1,0,0,0.48,0.18
synthetic_scenario,personalization,42,33,launched,email,,7,Recompensa + Personalización,Beneficio exclusivo para usted,Plantilla combinada,0,0,1,1,3,35-44,F,Universitaria,0,481,synthetic_personalization_user_481@example.com,synthetic-personalization-uid-481,1,1,1,0,1,1,0,0.48,0.18
synthetic_scenario,personalization,42,33,launched,email,,7,Recompensa + Personalización,Beneficio exclusivo para usted,Plantilla combinada,0,0,1,1,3,35-44,F,Universitaria,0,482,synthetic_personalization_user_482@example.com,synthetic-personalization-uid-482,1,0,0,0,0,0,0,0.48,0.18
synthetic_scenario,personalization,42,33,launched,email,,7,Recompensa + Personalización,Beneficio exclusivo para usted,Plantilla combinada,0,0,1,1,3,35-44,F,Universitaria,0,483,synthetic_personalization_user_483@example.com,synthetic-personalization-uid-483,1,1,1,0,1,1,0,0.48,0.18
synthetic_scenario,personalization,42,33,launched,email,,7,Recompensa + Personalización,Beneficio exclusivo para usted,Plantilla combinada,0,0,1,1,3,35-44,F,Universitaria,0,484,synthetic_personalization_user_484@example.com,synthetic-personalization-uid-484,1,0,0,0,0,0,0,0.48,0.18
synthetic_scenario,personalization,42,33,launched,email,,7,Recompensa + Personalización,Beneficio exclusivo para usted,Plantilla combinada,0,0,1,1,3,35-44,F,Universitaria,0,485,synthetic_personalization_user_485@example.com,synthetic-personalization-uid-485,1,1,0,0,1,0,0,0.48,0.18
synthetic_scenario,personalization,42,33,launched,email,,7,Recompensa + Personalización,Beneficio exclusivo para usted,Plantilla combinada,0,0,1,1,3,35-44,F,Universitaria,0,486,synthetic_personalization_user_486@example.com,synthetic-personalization-uid-486,1,1,0,0,1,0,0,0.48,0.18
synthetic_scenario,personalization,42,33,launched,email,,7,Recompensa + Personalización,Beneficio exclusivo para usted,Plantilla combinada,0,0,1,1,3,35-44,F,Universitaria,0,487,synthetic_personalization_user_487@example.com,synthetic-personalization-uid-487,1,0,0,0,0,0,0,0.48,0.18
synthetic_scenario,personalization,42,33,launched,email,,7,Recompensa + Personalización,Beneficio exclusivo para usted,Plantilla combinada,0,0,1,1,3,35-44,F,Universitaria,0,488,synthetic_personalization_user_488@example.com,synthetic-personalization-uid-488,1,0,0,0,0,0,0,0.48,0.18
synthetic_scenario,personalization,42,33,launched,email,,7,Recompensa + Personalización,Beneficio exclusivo para usted,Plantilla combinada,0,0,1,1,3,35-44,F,Universitaria,0,489,synthetic_personalization_user_489@example.com,synthetic-personalization-uid-489,1,1,0,0,1,0,0,0.48,0.18
synthetic_scenario,personalization,42,33,launched,email,,7,Recompensa + Personalización,Beneficio exclusivo para usted,Plantilla combinada,0,0,1,1,3,35-44,F,Universitaria,0,490,synthetic_personalization_user_490@example.com,synthetic-personalization-uid-490,1,1,0,0,1,0,0,0.48,0.18
synthetic_scenario,personalization,42,33,launched,email,,7,Recompensa + Personalización,Beneficio exclusivo para usted,Plantilla combinada,0,0,1,1,3,35-44,F,Universitaria,0,491,synthetic_personalization_user_491@example.com,synthetic-personalization-uid-491,1,0,0,0,0,0,0,0.48,0.18
synthetic_scenario,personalization,42,33,launched,email,,7,Recompensa + Personalización,Beneficio exclusivo para usted,Plantilla combinada,0,0,1,1,3,35-44,F,Universitaria,0,492,synthetic_personalization_user_492@example.com,synthetic-personalization-uid-492,1,0,0,0,0,0,0,0.48,0.18
synthetic_scenario,personalization,42,33,launched,email,,7,Recompensa + Personalización,Beneficio exclusivo para usted,Plantilla combinada,0,0,1,1,3,35-44,F,Universitaria,0,493,synthetic_personalization_user_493@example.com,synthetic-personalization-uid-493,1,1,0,0,1,0,0,0.48,0.18
synthetic_scenario,personalization,42,33,launched,email,,7,Recompensa + Personalización,Beneficio exclusivo para usted,Plantilla combinada,0,0,1,1,3,35-44,F,Universitaria,0,494,synthetic_personalization_user_494@example.com,synthetic-personalization-uid-494,1,0,0,0,0,0,0,0.48,0.18
synthetic_scenario,personalization,42,33,launched,email,,7,Recompensa + Personalización,Beneficio exclusivo para usted,Plantilla combinada,0,0,1,1,3,35-44,F,Universitaria,0,495,synthetic_personalization_user_495@example.com,synthetic-personalization-uid-495,1,0,0,0,0,0,0,0.48,0.18
synthetic_scenario,personalization,42,34,launched,email,,7,Recompensa + Personalización,Beneficio exclusivo para usted,Plantilla combinada,0,0,1,1,4,45-54,M,Posgrado,0,496,synthetic_personalization_user_496@example.com,synthetic-personalization-uid-496,1,0,0,0,0,0,0,0.48,0.18
synthetic_scenario,personalization,42,34,launched,email,,7,Recompensa + Personalización,Beneficio exclusivo para usted,Plantilla combinada,0,0,1,1,4,45-54,M,Posgrado,0,497,synthetic_personalization_user_497@example.com,synthetic-personalization-uid-497,1,1,0,0,1,0,0,0.48,0.18
synthetic_scenario,personalization,42,34,launched,email,,7,Recompensa + Personalización,Beneficio exclusivo para usted,Plantilla combinada,0,0,1,1,4,45-54,M,Posgrado,0,498,synthetic_personalization_user_498@example.com,synthetic-personalization-uid-498,1,0,0,0,0,0,0,0.48,0.18
synthetic_scenario,personalization,42,34,launched,email,,7,Recompensa + Personalización,Beneficio exclusivo para usted,Plantilla combinada,0,0,1,1,4,45-54,M,Posgrado,0,499,synthetic_personalization_user_499@example.com,synthetic-personalization-uid-499,1,1,1,0,1,1,0,0.48,0.18
synthetic_scenario,personalization,42,34,launched,email,,7,Recompensa + Personalización,Beneficio exclusivo para usted,Plantilla combinada,0,0,1,1,4,45-54,M,Posgrado,0,500,synthetic_personalization_user_500@example.com,synthetic-personalization-uid-500,1,1,1,0,1,1,0,0.48,0.18
synthetic_scenario,personalization,42,34,launched,email,,7,Recompensa + Personalización,Beneficio exclusivo para usted,Plantilla combinada,0,0,1,1,4,45-54,M,Posgrado,0,501,synthetic_personalization_user_501@example.com,synthetic-personalization-uid-501,1,1,0,0,1,0,0,0.48,0.18
synthetic_scenario,personalization,42,34,launched,email,,7,Recompensa + Personalización,Beneficio exclusivo para usted,Plantilla combinada,0,0,1,1,4,45-54,M,Posgrado,0,502,synthetic_personalization_user_502@example.com,synthetic-personalization-uid-502,1,1,0,0,1,0,0,0.48,0.18
synthetic_scenario,personalization,42,34,launched,email,,7,Recompensa + Personalización,Beneficio exclusivo para usted,Plantilla combinada,0,0,1,1,4,45-54,M,Posgrado,0,503,synthetic_personalization_user_503@example.com,synthetic-personalization-uid-503,1,0,0,0,0,0,0,0.48,0.18
synthetic_scenario,personalization,42,34,launched,email,,7,Recompensa + Personalización,Beneficio exclusivo para usted,Plantilla combinada,0,0,1,1,4,45-54,M,Posgrado,0,504,synthetic_personalization_user_504@example.com,synthetic-personalization-uid-504,1,0,0,0,0,0,0,0.48,0.18
synthetic_scenario,personalization,42,34,launched,email,,7,Recompensa + Personalización,Beneficio exclusivo para usted,Plantilla combinada,0,0,1,1,4,45-54,M,Posgrado,0,505,synthetic_personalization_user_505@example.com,synthetic-personalization-uid-505,1,1,0,0,1,0,0,0.48,0.18
synthetic_scenario,personalization,42,34,launched,email,,7,Recompensa + Personalización,Beneficio exclusivo para usted,Plantilla combinada,0,0,1,1,4,45-54,M,Posgrado,0,506,synthetic_personalization_user_506@example.com,synthetic-personalization-uid-506,1,0,0,0,0,0,0,0.48,0.18
synthetic_scenario,personalization,42,34,launched,email,,7,Recompensa + Personalización,Beneficio exclusivo para usted,Plantilla combinada,0,0,1,1,4,45-54,M,Posgrado,0,507,synthetic_personalization_user_507@example.com,synthetic-personalization-uid-507,1,0,0,0,0,0,0,0.48,0.18
synthetic_scenario,personalization,42,34,launched,email,,7,Recompensa + Personalización,Beneficio exclusivo para usted,Plantilla combinada,0,0,1,1,4,45-54,M,Posgrado,0,508,synthetic_personalization_user_508@example.com,synthetic-personalization-uid-508,1,0,0,0,0,0,0,0.48,0.18
synthetic_scenario,personalization,42,34,launched,email,,7,Recompensa + Personalización,Beneficio exclusivo para usted,Plantilla combinada,0,0,1,1,4,45-54,M,Posgrado,0,509,synthetic_personalization_user_509@example.com,synthetic-personalization-uid-509,1,0,0,0,0,0,0,0.48,0.18
synthetic_scenario,personalization,42,34,launched,email,,7,Recompensa + Personalización,Beneficio exclusivo para usted,Plantilla combinada,0,0,1,1,4,45-54,M,Posgrado,0,510,synthetic_personalization_user_510@example.com,synthetic-personalization-uid-510,1,0,0,0,0,0,0,0.48,0.18
synthetic_scenario,personalization,42,35,launched,email,,7,Recompensa + Personalización,Beneficio exclusivo para usted,Plantilla combinada,0,0,1,1,5,55+,F,Universitaria,0,511,synthetic_personalization_user_511@example.com,synthetic-personalization-uid-511,1,1,0,0,1,0,0,0.48,0.18
synthetic_scenario,personalization,42,35,launched,email,,7,Recompensa + Personalización,Beneficio exclusivo para usted,Plantilla combinada,0,0,1,1,5,55+,F,Universitaria,0,512,synthetic_personalization_user_512@example.com,synthetic-personalization-uid-512,1,0,0,0,0,0,0,0.48,0.18
synthetic_scenario,personalization,42,35,launched,email,,7,Recompensa + Personalización,Beneficio exclusivo para usted,Plantilla combinada,0,0,1,1,5,55+,F,Universitaria,0,513,synthetic_personalization_user_513@example.com,synthetic-personalization-uid-513,1,0,0,0,0,0,0,0.48,0.18
synthetic_scenario,personalization,42,35,launched,email,,7,Recompensa + Personalización,Beneficio exclusivo para usted,Plantilla combinada,0,0,1,1,5,55+,F,Universitaria,0,514,synthetic_personalization_user_514@example.com,synthetic-personalization-uid-514,1,0,0,0,0,0,0,0.48,0.18
synthetic_scenario,personalization,42,35,launched,email,,7,Recompensa + Personalización,Beneficio exclusivo para usted,Plantilla combinada,0,0,1,1,5,55+,F,Universitaria,0,515,synthetic_personalization_user_515@example.com,synthetic-personalization-uid-515,1,1,1,0,1,1,0,0.48,0.18
synthetic_scenario,personalization,42,35,launched,email,,7,Recompensa + Personalización,Beneficio exclusivo para usted,Plantilla combinada,0,0,1,1,5,55+,F,Universitaria,0,516,synthetic_personalization_user_516@example.com,synthetic-personalization-uid-516,1,1,0,0,1,0,0,0.48,0.18
synthetic_scenario,personalization,42,35,launched,email,,7,Recompensa + Personalización,Beneficio exclusivo para usted,Plantilla combinada,0,0,1,1,5,55+,F,Universitaria,0,517,synthetic_personalization_user_517@example.com,synthetic-personalization-uid-517,1,0,0,0,0,0,0,0.48,0.18
synthetic_scenario,personalization,42,35,launched,email,,7,Recompensa + Personalización,Beneficio exclusivo para usted,Plantilla combinada,0,0,1,1,5,55+,F,Universitaria,0,518,synthetic_personalization_user_518@example.com,synthetic-personalization-uid-518,1,1,1,0,1,1,0,0.48,0.18
synthetic_scenario,personalization,42,35,launched,email,,7,Recompensa + Personalización,Beneficio exclusivo para usted,Plantilla combinada,0,0,1,1,5,55+,F,Universitaria,0,519,synthetic_personalization_user_519@example.com,synthetic-personalization-uid-519,1,0,0,0,0,0,0,0.48,0.18
synthetic_scenario,personalization,42,35,launched,email,,7,Recompensa + Personalización,Beneficio exclusivo para usted,Plantilla combinada,0,0,1,1,5,55+,F,Universitaria,0,520,synthetic_personalization_user_520@example.com,synthetic-personalization-uid-520,1,0,0,0,0,0,0,0.48,0.18
synthetic_scenario,personalization,42,35,launched,email,,7,Recompensa + Personalización,Beneficio exclusivo para usted,Plantilla combinada,0,0,1,1,5,55+,F,Universitaria,0,521,synthetic_personalization_user_521@example.com,synthetic-personalization-uid-521,1,0,0,0,0,0,0,0.48,0.18
synthetic_scenario,personalization,42,35,launched,email,,7,Recompensa + Personalización,Beneficio exclusivo para usted,Plantilla combinada,0,0,1,1,5,55+,F,Universitaria,0,522,synthetic_personalization_user_522@example.com,synthetic-personalization-uid-522,1,0,0,0,0,0,0,0.48,0.18
synthetic_scenario,personalization,42,35,launched,email,,7,Recompensa + Personalización,Beneficio exclusivo para usted,Plantilla combinada,0,0,1,1,5,55+,F,Universitaria,0,523,synthetic_personalization_user_523@example.com,synthetic-personalization-uid-523,1,0,0,0,0,0,0,0.48,0.18
synthetic_scenario,personalization,42,35,launched,email,,7,Recompensa + Personalización,Beneficio exclusivo para usted,Plantilla combinada,0,0,1,1,5,55+,F,Universitaria,0,524,synthetic_personalization_user_524@example.com,synthetic-personalization-uid-524,1,1,1,0,1,1,0,0.48,0.18
synthetic_scenario,personalization,42,35,launched,email,,7,Recompensa + Personalización,Beneficio exclusivo para usted,Plantilla combinada,0,0,1,1,5,55+,F,Universitaria,0,525,synthetic_personalization_user_525@example.com,synthetic-personalization-uid-525,1,1,0,0,1,0,0,0.48,0.18
synthetic_scenario,personalization,42,36,launched,email,,8,Control neutro,Información general,Plantilla sin señales fuertes,0,0,0,0,1,18-24,F,Secundaria,1,526,synthetic_personalization_user_526@example.com,synthetic-personalization-uid-526,1,1,1,0,1,1,0,0.26,0.18
synthetic_scenario,personalization,42,36,launched,email,,8,Control neutro,Información general,Plantilla sin señales fuertes,0,0,0,0,1,18-24,F,Secundaria,1,527,synthetic_personalization_user_527@example.com,synthetic-personalization-uid-527,1,0,0,0,0,0,0,0.26,0.18
synthetic_scenario,personalization,42,36,launched,email,,8,Control neutro,Información general,Plantilla sin señales fuertes,0,0,0,0,1,18-24,F,Secundaria,1,528,synthetic_personalization_user_528@example.com,synthetic-personalization-uid-528,1,0,0,0,0,0,0,0.26,0.18
synthetic_scenario,personalization,42,36,launched,email,,8,Control neutro,Información general,Plantilla sin señales fuertes,0,0,0,0,1,18-24,F,Secundaria,1,529,synthetic_personalization_user_529@example.com,synthetic-personalization-uid-529,1,0,0,0,0,0,0,0.26,0.18
synthetic_scenario,personalization,42,36,launched,email,,8,Control neutro,Información general,Plantilla sin señales fuertes,0,0,0,0,1,18-24,F,Secundaria,1,530,synthetic_personalization_user_530@example.com,synthetic-personalization-uid-530,1,0,0,0,0,0,0,0.26,0.18
synthetic_scenario,personalization,42,36,launched,email,,8,Control neutro,Información general,Plantilla sin señales fuertes,0,0,0,0,1,18-24,F,Secundaria,1,531,synthetic_personalization_user_531@example.com,synthetic-personalization-uid-531,1,0,0,0,0,0,0,0.26,0.18
synthetic_scenario,personalization,42,36,launched,email,,8,Control neutro,Información general,Plantilla sin señales fuertes,0,0,0,0,1,18-24,F,Secundaria,1,532,synthetic_personalization_user_532@example.com,synthetic-personalization-uid-532,1,0,0,0,0,0,0,0.26,0.18
synthetic_scenario,personalization,42,36,launched,email,,8,Control neutro,Información general,Plantilla sin señales fuertes,0,0,0,0,1,18-24,F,Secundaria,1,533,synthetic_personalization_user_533@example.com,synthetic-personalization-uid-533,1,0,0,0,0,0,0,0.26,0.18
synthetic_scenario,personalization,42,36,launched,email,,8,Control neutro,Información general,Plantilla sin señales fuertes,0,0,0,0,1,18-24,F,Secundaria,1,534,synthetic_personalization_user_534@example.com,synthetic-personalization-uid-534,1,1,0,0,1,0,0,0.26,0.18
synthetic_scenario,personalization,42,36,launched,email,,8,Control neutro,Información general,Plantilla sin señales fuertes,0,0,0,0,1,18-24,F,Secundaria,1,535,synthetic_personalization_user_535@example.com,synthetic-personalization-uid-535,1,0,0,0,0,0,0,0.26,0.18
synthetic_scenario,personalization,42,36,launched,email,,8,Control neutro,Información general,Plantilla sin señales fuertes,0,0,0,0,1,18-24,F,Secundaria,1,536,synthetic_personalization_user_536@example.com,synthetic-personalization-uid-536,1,0,0,0,0,0,0,0.26,0.18
synthetic_scenario,personalization,42,36,launched,email,,8,Control neutro,Información general,Plantilla sin señales fuertes,0,0,0,0,1,18-24,F,Secundaria,1,537,synthetic_personalization_user_537@example.com,synthetic-personalization-uid-537,1,0,0,0,0,0,0,0.26,0.18
synthetic_scenario,personalization,42,36,launched,email,,8,Control neutro,Información general,Plantilla sin señales fuertes,0,0,0,0,1,18-24,F,Secundaria,1,538,synthetic_personalization_user_538@example.com,synthetic-personalization-uid-538,1,1,0,0,1,0,0,0.26,0.18
synthetic_scenario,personalization,42,36,launched,email,,8,Control neutro,Información general,Plantilla sin señales fuertes,0,0,0,0,1,18-24,F,Secundaria,1,539,synthetic_personalization_user_539@example.com,synthetic-personalization-uid-539,1,0,0,0,0,0,0,0.26,0.18
synthetic_scenario,personalization,42,36,launched,email,,8,Control neutro,Información general,Plantilla sin señales fuertes,0,0,0,0,1,18-24,F,Secundaria,1,540,synthetic_personalization_user_540@example.com,synthetic-personalization-uid-540,1,0,0,0,0,0,0,0.26,0.18
synthetic_scenario,personalization,42,37,launched,email,,8,Control neutro,Información general,Plantilla sin señales fuertes,0,0,0,0,2,25-34,M,Tecnica,0,541,synthetic_personalization_user_541@example.com,synthetic-personalization-uid-541,1,1,0,0,1,0,0,0.26,0.18
synthetic_scenario,personalization,42,37,launched,email,,8,Control neutro,Información general,Plantilla sin señales fuertes,0,0,0,0,2,25-34,M,Tecnica,0,542,synthetic_personalization_user_542@example.com,synthetic-personalization-uid-542,1,0,0,0,0,0,0,0.26,0.18
synthetic_scenario,personalization,42,37,launched,email,,8,Control neutro,Información general,Plantilla sin señales fuertes,0,0,0,0,2,25-34,M,Tecnica,0,543,synthetic_personalization_user_543@example.com,synthetic-personalization-uid-543,1,0,0,0,0,0,0,0.26,0.18
synthetic_scenario,personalization,42,37,launched,email,,8,Control neutro,Información general,Plantilla sin señales fuertes,0,0,0,0,2,25-34,M,Tecnica,0,544,synthetic_personalization_user_544@example.com,synthetic-personalization-uid-544,1,0,0,0,0,0,0,0.26,0.18
synthetic_scenario,personalization,42,37,launched,email,,8,Control neutro,Información general,Plantilla sin señales fuertes,0,0,0,0,2,25-34,M,Tecnica,0,545,synthetic_personalization_user_545@example.com,synthetic-personalization-uid-545,1,0,0,0,0,0,0,0.26,0.18
synthetic_scenario,personalization,42,37,launched,email,,8,Control neutro,Información general,Plantilla sin señales fuertes,0,0,0,0,2,25-34,M,Tecnica,0,546,synthetic_personalization_user_546@example.com,synthetic-personalization-uid-546,1,0,0,0,0,0,0,0.26,0.18
synthetic_scenario,personalization,42,37,launched,email,,8,Control neutro,Información general,Plantilla sin señales fuertes,0,0,0,0,2,25-34,M,Tecnica,0,547,synthetic_personalization_user_547@example.com,synthetic-personalization-uid-547,1,0,0,0,0,0,0,0.26,0.18
synthetic_scenario,personalization,42,37,launched,email,,8,Control neutro,Información general,Plantilla sin señales fuertes,0,0,0,0,2,25-34,M,Tecnica,0,548,synthetic_personalization_user_548@example.com,synthetic-personalization-uid-548,1,0,0,0,0,0,0,0.26,0.18
synthetic_scenario,personalization,42,37,launched,email,,8,Control neutro,Información general,Plantilla sin señales fuertes,0,0,0,0,2,25-34,M,Tecnica,0,549,synthetic_personalization_user_549@example.com,synthetic-personalization-uid-549,1,0,0,0,0,0,0,0.26,0.18
synthetic_scenario,personalization,42,37,launched,email,,8,Control neutro,Información general,Plantilla sin señales fuertes,0,0,0,0,2,25-34,M,Tecnica,0,550,synthetic_personalization_user_550@example.com,synthetic-personalization-uid-550,1,0,0,0,0,0,0,0.26,0.18
synthetic_scenario,personalization,42,37,launched,email,,8,Control neutro,Información general,Plantilla sin señales fuertes,0,0,0,0,2,25-34,M,Tecnica,0,551,synthetic_personalization_user_551@example.com,synthetic-personalization-uid-551,1,0,0,0,0,0,0,0.26,0.18
synthetic_scenario,personalization,42,37,launched,email,,8,Control neutro,Información general,Plantilla sin señales fuertes,0,0,0,0,2,25-34,M,Tecnica,0,552,synthetic_personalization_user_552@example.com,synthetic-personalization-uid-552,1,0,0,0,0,0,0,0.26,0.18
synthetic_scenario,personalization,42,37,launched,email,,8,Control neutro,Información general,Plantilla sin señales fuertes,0,0,0,0,2,25-34,M,Tecnica,0,553,synthetic_personalization_user_553@example.com,synthetic-personalization-uid-553,1,0,0,0,0,0,0,0.26,0.18
synthetic_scenario,personalization,42,37,launched,email,,8,Control neutro,Información general,Plantilla sin señales fuertes,0,0,0,0,2,25-34,M,Tecnica,0,554,synthetic_personalization_user_554@example.com,synthetic-personalization-uid-554,1,0,0,0,0,0,0,0.26,0.18
synthetic_scenario,personalization,42,37,launched,email,,8,Control neutro,Información general,Plantilla sin señales fuertes,0,0,0,0,2,25-34,M,Tecnica,0,555,synthetic_personalization_user_555@example.com,synthetic-personalization-uid-555,1,0,0,0,0,0,0,0.26,0.18
synthetic_scenario,personalization,42,38,launched,email,,8,Control neutro,Información general,Plantilla sin señales fuertes,0,0,0,0,3,35-44,F,Universitaria,0,556,synthetic_personalization_user_556@example.com,synthetic-personalization-uid-556,1,0,0,0,0,0,0,0.26,0.18
synthetic_scenario,personalization,42,38,launched,email,,8,Control neutro,Información general,Plantilla sin señales fuertes,0,0,0,0,3,35-44,F,Universitaria,0,557,synthetic_personalization_user_557@example.com,synthetic-personalization-uid-557,1,0,0,0,0,0,0,0.26,0.18
synthetic_scenario,personalization,42,38,launched,email,,8,Control neutro,Información general,Plantilla sin señales fuertes,0,0,0,0,3,35-44,F,Universitaria,0,558,synthetic_personalization_user_558@example.com,synthetic-personalization-uid-558,1,0,0,0,0,0,0,0.26,0.18
synthetic_scenario,personalization,42,38,launched,email,,8,Control neutro,Información general,Plantilla sin señales fuertes,0,0,0,0,3,35-44,F,Universitaria,0,559,synthetic_personalization_user_559@example.com,synthetic-personalization-uid-559,1,0,0,0,0,0,0,0.26,0.18
synthetic_scenario,personalization,42,38,launched,email,,8,Control neutro,Información general,Plantilla sin señales fuertes,0,0,0,0,3,35-44,F,Universitaria,0,560,synthetic_personalization_user_560@example.com,synthetic-personalization-uid-560,1,0,0,0,0,0,0,0.26,0.18
synthetic_scenario,personalization,42,38,launched,email,,8,Control neutro,Información general,Plantilla sin señales fuertes,0,0,0,0,3,35-44,F,Universitaria,0,561,synthetic_personalization_user_561@example.com,synthetic-personalization-uid-561,1,1,0,0,1,0,0,0.26,0.18
synthetic_scenario,personalization,42,38,launched,email,,8,Control neutro,Información general,Plantilla sin señales fuertes,0,0,0,0,3,35-44,F,Universitaria,0,562,synthetic_personalization_user_562@example.com,synthetic-personalization-uid-562,1,0,0,0,0,0,0,0.26,0.18
synthetic_scenario,personalization,42,38,launched,email,,8,Control neutro,Información general,Plantilla sin señales fuertes,0,0,0,0,3,35-44,F,Universitaria,0,563,synthetic_personalization_user_563@example.com,synthetic-personalization-uid-563,1,0,0,0,0,0,0,0.26,0.18
synthetic_scenario,personalization,42,38,launched,email,,8,Control neutro,Información general,Plantilla sin señales fuertes,0,0,0,0,3,35-44,F,Universitaria,0,564,synthetic_personalization_user_564@example.com,synthetic-personalization-uid-564,1,0,0,0,0,0,0,0.26,0.18
synthetic_scenario,personalization,42,38,launched,email,,8,Control neutro,Información general,Plantilla sin señales fuertes,0,0,0,0,3,35-44,F,Universitaria,0,565,synthetic_personalization_user_565@example.com,synthetic-personalization-uid-565,1,1,0,0,1,0,0,0.26,0.18
synthetic_scenario,personalization,42,38,launched,email,,8,Control neutro,Información general,Plantilla sin señales fuertes,0,0,0,0,3,35-44,F,Universitaria,0,566,synthetic_personalization_user_566@example.com,synthetic-personalization-uid-566,1,0,0,0,0,0,0,0.26,0.18
synthetic_scenario,personalization,42,38,launched,email,,8,Control neutro,Información general,Plantilla sin señales fuertes,0,0,0,0,3,35-44,F,Universitaria,0,567,synthetic_personalization_user_567@example.com,synthetic-personalization-uid-567,1,0,0,0,0,0,0,0.26,0.18
synthetic_scenario,personalization,42,38,launched,email,,8,Control neutro,Información general,Plantilla sin señales fuertes,0,0,0,0,3,35-44,F,Universitaria,0,568,synthetic_personalization_user_568@example.com,synthetic-personalization-uid-568,1,0,0,0,0,0,0,0.26,0.18
synthetic_scenario,personalization,42,38,launched,email,,8,Control neutro,Información general,Plantilla sin señales fuertes,0,0,0,0,3,35-44,F,Universitaria,0,569,synthetic_personalization_user_569@example.com,synthetic-personalization-uid-569,1,1,0,0,1,0,0,0.26,0.18
synthetic_scenario,personalization,42,38,launched,email,,8,Control neutro,Información general,Plantilla sin señales fuertes,0,0,0,0,3,35-44,F,Universitaria,0,570,synthetic_personalization_user_570@example.com,synthetic-personalization-uid-570,1,0,0,0,0,0,0,0.26,0.18
synthetic_scenario,personalization,42,39,launched,email,,8,Control neutro,Información general,Plantilla sin señales fuertes,0,0,0,0,4,45-54,M,Posgrado,0,571,synthetic_personalization_user_571@example.com,synthetic-personalization-uid-571,1,1,1,0,1,1,0,0.26,0.18
synthetic_scenario,personalization,42,39,launched,email,,8,Control neutro,Información general,Plantilla sin señales fuertes,0,0,0,0,4,45-54,M,Posgrado,0,572,synthetic_personalization_user_572@example.com,synthetic-personalization-uid-572,1,0,0,0,0,0,0,0.26,0.18
synthetic_scenario,personalization,42,39,launched,email,,8,Control neutro,Información general,Plantilla sin señales fuertes,0,0,0,0,4,45-54,M,Posgrado,0,573,synthetic_personalization_user_573@example.com,synthetic-personalization-uid-573,1,0,0,0,0,0,0,0.26,0.18
synthetic_scenario,personalization,42,39,launched,email,,8,Control neutro,Información general,Plantilla sin señales fuertes,0,0,0,0,4,45-54,M,Posgrado,0,574,synthetic_personalization_user_574@example.com,synthetic-personalization-uid-574,1,1,0,0,1,0,0,0.26,0.18
synthetic_scenario,personalization,42,39,launched,email,,8,Control neutro,Información general,Plantilla sin señales fuertes,0,0,0,0,4,45-54,M,Posgrado,0,575,synthetic_personalization_user_575@example.com,synthetic-personalization-uid-575,1,0,0,0,0,0,0,0.26,0.18
synthetic_scenario,personalization,42,39,launched,email,,8,Control neutro,Información general,Plantilla sin señales fuertes,0,0,0,0,4,45-54,M,Posgrado,0,576,synthetic_personalization_user_576@example.com,synthetic-personalization-uid-576,1,0,0,0,0,0,0,0.26,0.18
synthetic_scenario,personalization,42,39,launched,email,,8,Control neutro,Información general,Plantilla sin señales fuertes,0,0,0,0,4,45-54,M,Posgrado,0,577,synthetic_personalization_user_577@example.com,synthetic-personalization-uid-577,1,1,0,0,1,0,0,0.26,0.18
synthetic_scenario,personalization,42,39,launched,email,,8,Control neutro,Información general,Plantilla sin señales fuertes,0,0,0,0,4,45-54,M,Posgrado,0,578,synthetic_personalization_user_578@example.com,synthetic-personalization-uid-578,1,0,0,0,0,0,0,0.26,0.18
synthetic_scenario,personalization,42,39,launched,email,,8,Control neutro,Información general,Plantilla sin señales fuertes,0,0,0,0,4,45-54,M,Posgrado,0,579,synthetic_personalization_user_579@example.com,synthetic-personalization-uid-579,1,0,0,0,0,0,0,0.26,0.18
synthetic_scenario,personalization,42,39,launched,email,,8,Control neutro,Información general,Plantilla sin señales fuertes,0,0,0,0,4,45-54,M,Posgrado,0,580,synthetic_personalization_user_580@example.com,synthetic-personalization-uid-580,1,0,0,0,0,0,0,0.26,0.18
synthetic_scenario,personalization,42,39,launched,email,,8,Control neutro,Información general,Plantilla sin señales fuertes,0,0,0,0,4,45-54,M,Posgrado,0,581,synthetic_personalization_user_581@example.com,synthetic-personalization-uid-581,1,0,0,0,0,0,0,0.26,0.18
synthetic_scenario,personalization,42,39,launched,email,,8,Control neutro,Información general,Plantilla sin señales fuertes,0,0,0,0,4,45-54,M,Posgrado,0,582,synthetic_personalization_user_582@example.com,synthetic-personalization-uid-582,1,0,0,0,0,0,0,0.26,0.18
synthetic_scenario,personalization,42,39,launched,email,,8,Control neutro,Información general,Plantilla sin señales fuertes,0,0,0,0,4,45-54,M,Posgrado,0,583,synthetic_personalization_user_583@example.com,synthetic-personalization-uid-583,1,0,0,0,0,0,0,0.26,0.18
synthetic_scenario,personalization,42,39,launched,email,,8,Control neutro,Información general,Plantilla sin señales fuertes,0,0,0,0,4,45-54,M,Posgrado,0,584,synthetic_personalization_user_584@example.com,synthetic-personalization-uid-584,1,1,0,0,1,0,0,0.26,0.18
synthetic_scenario,personalization,42,39,launched,email,,8,Control neutro,Información general,Plantilla sin señales fuertes,0,0,0,0,4,45-54,M,Posgrado,0,585,synthetic_personalization_user_585@example.com,synthetic-personalization-uid-585,1,0,0,0,0,0,0,0.26,0.18
synthetic_scenario,personalization,42,40,launched,email,,8,Control neutro,Información general,Plantilla sin señales fuertes,0,0,0,0,5,55+,F,Universitaria,0,586,synthetic_personalization_user_586@example.com,synthetic-personalization-uid-586,1,0,0,0,0,0,0,0.26,0.18
synthetic_scenario,personalization,42,40,launched,email,,8,Control neutro,Información general,Plantilla sin señales fuertes,0,0,0,0,5,55+,F,Universitaria,0,587,synthetic_personalization_user_587@example.com,synthetic-personalization-uid-587,1,0,0,0,0,0,0,0.26,0.18
synthetic_scenario,personalization,42,40,launched,email,,8,Control neutro,Información general,Plantilla sin señales fuertes,0,0,0,0,5,55+,F,Universitaria,0,588,synthetic_personalization_user_588@example.com,synthetic-personalization-uid-588,1,0,0,0,0,0,0,0.26,0.18
synthetic_scenario,personalization,42,40,launched,email,,8,Control neutro,Información general,Plantilla sin señales fuertes,0,0,0,0,5,55+,F,Universitaria,0,589,synthetic_personalization_user_589@example.com,synthetic-personalization-uid-589,1,0,0,0,0,0,0,0.26,0.18
synthetic_scenario,personalization,42,40,launched,email,,8,Control neutro,Información general,Plantilla sin señales fuertes,0,0,0,0,5,55+,F,Universitaria,0,590,synthetic_personalization_user_590@example.com,synthetic-personalization-uid-590,1,0,0,0,0,0,0,0.26,0.18
synthetic_scenario,personalization,42,40,launched,email,,8,Control neutro,Información general,Plantilla sin señales fuertes,0,0,0,0,5,55+,F,Universitaria,0,591,synthetic_personalization_user_591@example.com,synthetic-personalization-uid-591,1,0,0,0,0,0,0,0.26,0.18
synthetic_scenario,personalization,42,40,launched,email,,8,Control neutro,Información general,Plantilla sin señales fuertes,0,0,0,0,5,55+,F,Universitaria,0,592,synthetic_personalization_user_592@example.com,synthetic-personalization-uid-592,1,0,0,0,0,0,0,0.26,0.18
synthetic_scenario,personalization,42,40,launched,email,,8,Control neutro,Información general,Plantilla sin señales fuertes,0,0,0,0,5,55+,F,Universitaria,0,593,synthetic_personalization_user_593@example.com,synthetic-personalization-uid-593,1,0,0,0,0,0,0,0.26,0.18
synthetic_scenario,personalization,42,40,launched,email,,8,Control neutro,Información general,Plantilla sin señales fuertes,0,0,0,0,5,55+,F,Universitaria,0,594,synthetic_personalization_user_594@example.com,synthetic-personalization-uid-594,1,0,0,0,0,0,0,0.26,0.18
synthetic_scenario,personalization,42,40,launched,email,,8,Control neutro,Información general,Plantilla sin señales fuertes,0,0,0,0,5,55+,F,Universitaria,0,595,synthetic_personalization_user_595@example.com,synthetic-personalization-uid-595,1,0,0,0,0,0,0,0.26,0.18
synthetic_scenario,personalization,42,40,launched,email,,8,Control neutro,Información general,Plantilla sin señales fuertes,0,0,0,0,5,55+,F,Universitaria,0,596,synthetic_personalization_user_596@example.com,synthetic-personalization-uid-596,1,0,0,0,0,0,0,0.26,0.18
synthetic_scenario,personalization,42,40,launched,email,,8,Control neutro,Información general,Plantilla sin señales fuertes,0,0,0,0,5,55+,F,Universitaria,0,597,synthetic_personalization_user_597@example.com,synthetic-personalization-uid-597,1,0,0,0,0,0,0,0.26,0.18
synthetic_scenario,personalization,42,40,launched,email,,8,Control neutro,Información general,Plantilla sin señales fuertes,0,0,0,0,5,55+,F,Universitaria,0,598,synthetic_personalization_user_598@example.com,synthetic-personalization-uid-598,1,0,0,0,0,0,0,0.26,0.18
synthetic_scenario,personalization,42,40,launched,email,,8,Control neutro,Información general,Plantilla sin señales fuertes,0,0,0,0,5,55+,F,Universitaria,0,599,synthetic_personalization_user_599@example.com,synthetic-personalization-uid-599,1,0,0,0,0,0,0,0.26,0.18
synthetic_scenario,personalization,42,40,launched,email,,8,Control neutro,Información general,Plantilla sin señales fuertes,0,0,0,0,5,55+,F,Universitaria,0,600,synthetic_personalization_user_600@example.com,synthetic-personalization-uid-600,1,0,0,0,0,0,0,0.26,0.18
